product,rated_kW,V_A,V_B,direction,mode,P_src_kW_45C,binding_45C,P_src_kW_45C_earlier_45A_law,eta_45C,P_del_kW_35C,P_del_kW_45C,P_del_kW_60C,rated_met_45C
PV-P75,75.0,250.0,1000.0,A->B,boost,33.75,phase current = port A current,33.75,0.97717,32.99,32.98,25.45,False
PV-P75,75.0,250.0,1000.0,B->A,boost,34.54,phase current = port A current = thermal,34.54,0.97717,33.75,33.75,25.45,False
PV-P75,75.0,500.0,1000.0,A->B,boost,67.50,phase current = port A current,67.50,0.98719,66.66,66.64,50.90,False
PV-P75,75.0,500.0,1000.0,B->A,boost,68.38,phase current = port A current = thermal,68.38,0.98719,67.50,67.50,50.90,False
PV-P75,75.0,550.0,550.0,A->B,band,74.25,phase current = port A current,70.04,0.98772,73.37,73.34,55.98,False
PV-P75,75.0,550.0,550.0,B->A,band,74.25,port B current,70.91,0.98772,73.37,73.34,55.98,False
PV-P75,75.0,600.0,600.0,A->B,band,81.00,phase current = port A current,76.41,0.98818,80.08,80.04,61.07,True
PV-P75,75.0,600.0,600.0,B->A,band,81.00,port B current,77.32,0.98818,80.08,80.04,61.07,True
PV-P75,75.0,611.0,611.0,A->B,band,82.48,phase current = node-A power = port A current,77.81,0.98921,81.63,81.60,62.19,True
PV-P75,75.0,611.0,611.0,B->A,band,82.48,port B current,78.66,0.98921,81.63,81.60,62.19,True
PV-P75,75.0,650.0,650.0,A->B,band,82.50,node-A power,82.50,0.98896,81.63,81.59,62.20,True
PV-P75,75.0,650.0,650.0,B->A,band,83.42,node-A power = thermal,83.42,0.98896,82.50,82.50,62.20,True
PV-P75,75.0,750.0,750.0,A->B,band,82.50,node-A power,82.50,0.99007,81.72,81.68,62.20,True
PV-P75,75.0,750.0,750.0,B->A,band,83.33,node-A power = thermal,83.33,0.99007,82.50,82.50,62.20,True
PV-P75,75.0,950.0,950.0,A->B,band,82.50,node-A power,82.50,0.99066,81.77,81.73,62.20,True
PV-P75,75.0,950.0,950.0,B->A,band,83.28,node-A power = thermal,83.28,0.99066,82.50,82.50,62.20,True
PV-P100,100.0,250.0,1000.0,A->B,boost,42.26,thermal,42.26,0.97652,43.97,41.27,32.40,False
PV-P100,100.0,250.0,1000.0,B->A,boost,42.26,thermal,42.26,0.97652,45.00,41.27,32.40,False
PV-P100,100.0,500.0,1000.0,A->B,boost,83.62,thermal,83.62,0.98691,88.87,82.53,64.80,False
PV-P100,100.0,500.0,1000.0,B->A,boost,83.62,thermal,83.62,0.98691,90.00,82.53,64.80,False
PV-P100,100.0,550.0,550.0,A->B,band,80.67,port B current,80.67,0.98859,79.75,79.75,71.28,False
PV-P100,100.0,550.0,550.0,B->A,band,79.75,port B current,79.75,0.98859,78.88,78.84,71.28,False
PV-P100,100.0,600.0,600.0,A->B,band,87.97,port B current,87.97,0.98900,87.00,87.00,77.76,False
PV-P100,100.0,600.0,600.0,B->A,band,87.00,port B current,87.00,0.98900,86.09,86.04,77.76,False
PV-P100,100.0,611.0,611.0,A->B,band,89.50,port B current,89.50,0.98988,88.59,88.59,79.19,False
PV-P100,100.0,611.0,611.0,B->A,band,88.59,port B current,88.59,0.98988,87.74,87.70,79.19,False
PV-P100,100.0,650.0,650.0,A->B,band,95.27,port B current,95.27,0.98931,94.25,94.25,79.20,False
PV-P100,100.0,650.0,650.0,B->A,band,94.25,port B current,94.25,0.98931,93.29,93.24,79.20,False
PV-P100,100.0,750.0,750.0,A->B,band,101.92,thermal,101.92,0.98971,108.75,100.87,79.20,True
PV-P100,100.0,750.0,750.0,B->A,band,101.92,thermal,101.92,0.98971,107.69,100.87,79.20,True
PV-P100,100.0,950.0,950.0,A->B,band,101.86,thermal,101.86,0.99032,108.99,100.87,79.20,True
PV-P100,100.0,950.0,950.0,B->A,band,101.86,thermal,101.86,0.99032,110.00,100.87,79.20,True
PV-P110,110.0,250.0,1000.0,A->B,boost,42.26,thermal,42.26,0.97652,43.97,41.27,32.40,False
PV-P110,110.0,250.0,1000.0,B->A,boost,42.26,thermal,42.26,0.97652,45.00,41.27,32.40,False
PV-P110,110.0,500.0,1000.0,A->B,boost,83.62,thermal,83.62,0.98691,88.87,82.53,64.80,False
PV-P110,110.0,500.0,1000.0,B->A,boost,83.62,thermal,83.62,0.98691,90.00,82.53,64.80,False
PV-P110,110.0,550.0,550.0,A->B,band,80.67,port B current,80.67,0.98859,79.75,79.75,71.28,False
PV-P110,110.0,550.0,550.0,B->A,band,79.75,port B current,79.75,0.98859,78.88,78.84,71.28,False
PV-P110,110.0,600.0,600.0,A->B,band,87.97,port B current,87.97,0.98900,87.00,87.00,77.76,False
PV-P110,110.0,600.0,600.0,B->A,band,87.00,port B current,87.00,0.98900,86.09,86.04,77.76,False
PV-P110,110.0,611.0,611.0,A->B,band,89.50,port B current,89.50,0.98988,88.59,88.59,79.19,False
PV-P110,110.0,611.0,611.0,B->A,band,88.59,port B current,88.59,0.98988,87.74,87.70,79.19,False
PV-P110,110.0,650.0,650.0,A->B,band,95.27,port B current,95.27,0.98931,94.25,94.25,79.20,False
PV-P110,110.0,650.0,650.0,B->A,band,94.25,port B current,94.25,0.98931,93.29,93.24,79.20,False
PV-P110,110.0,750.0,750.0,A->B,band,101.92,thermal,101.92,0.98971,108.75,100.87,79.20,False
PV-P110,110.0,750.0,750.0,B->A,band,101.92,thermal,101.92,0.98971,107.69,100.87,79.20,False
PV-P110,110.0,950.0,950.0,A->B,band,101.86,thermal,101.86,0.99032,108.99,100.87,79.20,False
PV-P110,110.0,950.0,950.0,B->A,band,101.86,thermal,101.86,0.99032,110.00,100.87,79.20,False
