cand,design,device,npar,fsw_kHz,ripple_spec,L_uH,ind_part,n_stack,turns,ind_mass_kg_total,eta_corner_min,eta_fl_mean,eta_fl_min,tj_max_C,semi_index,bom_index,feasible
A2k,A2k:IMYH200R012M1Hx1@20k/r0.30,IMYH200R012M1H,1,20,0.3,964.105,00X114LE060,2,37,4.6858,0.991132,0.991854,0.989849,84.1938,8.96851,13.8085,True
A2k,A2k:IMYH200R012M1Hx1@20k/r0.45,IMYH200R012M1H,1,20,0.45,643.109,00Y114LE040,2,36,4.45211,0.992329,0.992704,0.991377,83.7627,8.96851,13.7267,True
A2k,A2k:IMYH200R012M1Hx1@20k/r0.60,IMYH200R012M1H,1,20,0.6,469.24,00Y8044E026,4,39,3.16515,0.992325,0.992743,0.991454,83.3409,8.96851,13.2763,True
A2k,A2k:IMYH200R012M1Hx1@20k/r0.80,IMYH200R012M1H,1,20,0.8,351.93,00Y8044E026,3,39,2.48785,0.992606,0.992945,0.991643,82.8939,8.96851,13.0393,True
A2k,A2k:IMYH200R012M1Hx1@25k/r0.30,IMYH200R012M1H,1,25,0.3,754.115,00X8044E060,4,38,3.256,0.990666,0.991319,0.989313,91.3416,8.96851,13.3081,True
A2k,A2k:IMYH200R012M1Hx1@25k/r0.45,IMYH200R012M1H,1,25,0.45,502.21,00Y8044E060,4,37,3.10426,0.991644,0.992034,0.990597,90.732,8.96851,13.255,True
A2k,A2k:IMYH200R012M1Hx1@25k/r0.60,IMYH200R012M1H,1,25,0.6,376.657,00Y8044E060,3,37,2.43155,0.991861,0.992214,0.990755,90.18,8.96851,13.0195,True
A2k,A2k:IMYH200R012M1Hx1@25k/r0.80,IMYH200R012M1H,1,25,0.8,292.108,00Y8044E026,3,35,2.39449,0.992043,0.992423,0.99109,89.6099,8.96851,13.0066,True
A2k,A2k:IMYH200R012M1Hx1@32k/r0.30,IMYH200R012M1H,1,32,0.3,590.173,00Y114LE040,2,34,4.38943,0.990531,0.991054,0.989497,101.869,8.96851,13.1048,True
A2k,A2k:IMYH200R012M1Hx1@32k/r0.45,IMYH200R012M1H,1,32,0.45,388.7,00Y8044E060,3,38,2.44903,0.990762,0.991192,0.989626,100.95,8.96851,12.4257,True
A2k,A2k:IMYH200R012M1Hx1@32k/r0.60,IMYH200R012M1H,1,32,0.6,292.108,00Y8044E026,3,35,2.38539,0.990903,0.991431,0.989994,100.127,8.96851,12.4034,True
A2k,A2k:IMYH200R012M1Hx1@32k/r0.80,IMYH200R012M1H,1,32,0.8,224.475,00Y8044E026,2,38,1.77944,0.991084,0.991555,0.990128,99.2202,8.96851,12.1913,True
A2k,A2k:IMYH200R012M1Hx1@40k/r0.30,IMYH200R012M1H,1,40,0.3,469.508,00Y8044E060,4,35,3.04579,0.989268,0.98983,0.988018,114.996,8.96851,12.6345,True
A2k,A2k:IMYH200R012M1Hx1@40k/r0.45,IMYH200R012M1H,1,40,0.45,321.661,00Y8044E026,3,37,2.42609,0.989466,0.990131,0.988475,113.634,8.96851,12.4176,True
A2k,A2k:IMYH200R012M1Hx1@40k/r0.60,IMYH200R012M1H,1,40,0.6,234.62,00Y8044E026,2,39,1.79028,0.989697,0.990339,0.988743,112.367,8.96851,12.1951,True
A2k,A2k:IMYH200R012M1Hx1@40k/r0.80,IMYH200R012M1H,1,40,0.8,175.585,00Y8044E026,2,33,1.68369,0.989927,0.990518,0.988964,110.89,8.96851,12.1578,True
A2k,A2k:IMYH200R012M1Hx1@50k/r0.30,IMYH200R012M1H,1,50,0.3,376.657,00Y8044E060,3,37,2.42217,0.987664,0.988305,0.986152,133.345,8.96851,12.4163,True
A2k,A2k:IMYH200R012M1Hx1@50k/r0.45,IMYH200R012M1H,1,50,0.45,249.355,00Y8044E026,3,32,2.31142,0.987897,0.988667,0.98672,131.068,8.96851,12.3775,True
A2k,A2k:IMYH200R012M1Hx1@50k/r0.60,IMYH200R012M1H,1,50,0.6,194.739,00Y8044E026,2,35,1.71452,0.988054,0.988839,0.986973,129.269,8.96851,12.1686,True
A2k,A2k:IMYH200R012M1Hx1@50k/r0.80,IMYH200R012M1H,1,50,0.8,139.216,00Y8044E026,2,29,1.60708,0.988286,0.98907,0.987318,126.467,8.96851,12.131,True
A2k,A2k:IMYH200R012M1Hx2@20k/r0.30,IMYH200R012M1H,2,20,0.3,964.105,00X114LE060,2,37,4.6858,0.992482,0.993048,0.99131,63.9658,17.937,22.777,True
A2k,A2k:IMYH200R012M1Hx2@20k/r0.45,IMYH200R012M1H,2,20,0.45,643.109,00Y114LE040,2,36,4.45211,0.993716,0.993905,0.99285,63.6433,17.937,22.6953,True
A2k,A2k:IMYH200R012M1Hx2@20k/r0.60,IMYH200R012M1H,2,20,0.6,469.24,00Y8044E026,4,39,3.16515,0.99379,0.993955,0.992946,63.3005,17.937,22.2448,True
A2k,A2k:IMYH200R012M1Hx2@20k/r0.80,IMYH200R012M1H,2,20,0.8,351.93,00Y8044E026,3,39,2.48785,0.994004,0.994175,0.993164,62.9009,17.937,22.0078,True
A2k,A2k:IMYH200R012M1Hx2@25k/r0.30,IMYH200R012M1H,2,25,0.3,754.115,00X8044E060,4,38,3.256,0.992036,0.99251,0.990793,68.0925,17.937,22.2766,True
A2k,A2k:IMYH200R012M1Hx2@25k/r0.45,IMYH200R012M1H,2,25,0.45,502.21,00Y8044E060,4,37,3.10426,0.993073,0.993231,0.992084,67.6575,17.937,22.2235,True
A2k,A2k:IMYH200R012M1Hx2@25k/r0.60,IMYH200R012M1H,2,25,0.6,376.657,00Y8044E060,3,37,2.43155,0.993246,0.993418,0.992255,67.2389,17.937,21.9881,True
A2k,A2k:IMYH200R012M1Hx2@25k/r0.80,IMYH200R012M1H,2,25,0.8,292.108,00Y8044E026,3,35,2.39449,0.993537,0.993641,0.99261,66.7735,17.937,21.9751,True
A2k,A2k:IMYH200R012M1Hx2@32k/r0.30,IMYH200R012M1H,2,32,0.3,590.173,00Y114LE040,2,34,4.38943,0.992095,0.992256,0.991032,74.0691,17.937,22.0733,True
A2k,A2k:IMYH200R012M1Hx2@32k/r0.45,IMYH200R012M1H,2,32,0.45,388.7,00Y8044E060,3,38,2.44903,0.992295,0.992394,0.991153,73.4583,17.937,21.3942,True
A2k,A2k:IMYH200R012M1Hx2@32k/r0.60,IMYH200R012M1H,2,32,0.6,292.108,00Y8044E026,3,35,2.38539,0.992467,0.992638,0.991526,72.8846,17.937,21.3719,True
A2k,A2k:IMYH200R012M1Hx2@32k/r0.80,IMYH200R012M1H,2,32,0.8,224.475,00Y8044E026,2,38,1.77944,0.992649,0.992772,0.99167,72.2126,17.937,21.1598,True
A2k,A2k:IMYH200R012M1Hx2@40k/r0.30,IMYH200R012M1H,2,40,0.3,469.508,00Y8044E060,4,35,3.04579,0.990916,0.99107,0.989666,81.1693,17.937,21.603,True
A2k,A2k:IMYH200R012M1Hx2@40k/r0.45,IMYH200R012M1H,2,40,0.45,321.661,00Y8044E026,3,37,2.42609,0.991115,0.991366,0.990103,80.4417,17.937,21.3861,True
A2k,A2k:IMYH200R012M1Hx2@40k/r0.60,IMYH200R012M1H,2,40,0.6,234.62,00Y8044E026,2,39,1.79028,0.991346,0.991573,0.990358,79.6071,17.937,21.1636,True
A2k,A2k:IMYH200R012M1Hx2@40k/r0.80,IMYH200R012M1H,2,40,0.8,175.585,00Y8044E026,2,33,1.68369,0.991524,0.991755,0.990568,78.6034,17.937,21.1263,True
A2k,A2k:IMYH200R012M1Hx2@50k/r0.30,IMYH200R012M1H,2,50,0.3,376.657,00Y8044E060,3,37,2.42217,0.989218,0.989641,0.988027,90.4776,17.937,21.3848,True
A2k,A2k:IMYH200R012M1Hx2@50k/r0.45,IMYH200R012M1H,2,50,0.45,249.355,00Y8044E026,3,32,2.31142,0.989305,0.989986,0.988543,89.3947,17.937,21.346,True
A2k,A2k:IMYH200R012M1Hx2@50k/r0.60,IMYH200R012M1H,2,50,0.6,194.739,00Y8044E026,2,35,1.71452,0.989363,0.990148,0.988762,88.5165,17.937,21.1371,True
A2k,A2k:IMYH200R012M1Hx2@50k/r0.80,IMYH200R012M1H,2,50,0.8,139.216,00Y8044E026,2,29,1.60708,0.98945,0.990367,0.989052,86.9637,17.937,21.0995,True
A2k,A2k:IMYH200R024M1Hx1@20k/r0.30,IMYH200R024M1H,1,20,0.3,964.105,00X114LE060,2,37,4.6858,0.986782,0.987951,0.98553,135.634,4.48425,9.32428,True
A2k,A2k:IMYH200R024M1Hx1@20k/r0.45,IMYH200R024M1H,1,20,0.45,643.109,00Y114LE040,2,36,4.45211,0.986845,0.98876,0.986845,135.634,4.48425,9.24249,True
A2k,A2k:IMYH200R024M1Hx1@20k/r0.60,IMYH200R024M1H,1,20,0.6,469.24,00Y8044E026,4,39,3.16515,0.986841,0.988741,0.986841,135.634,4.48425,8.79205,True
A2k,A2k:IMYH200R024M1Hx1@20k/r0.80,IMYH200R024M1H,1,20,0.8,351.93,00Y8044E026,3,39,2.48785,0.987154,0.988836,0.986935,135.634,4.48425,8.555,True
A2k,A2k:IMYH200R024M1Hx1@25k/r0.30,IMYH200R024M1H,1,25,0.3,754.115,00X8044E060,4,38,3.256,0.985797,0.987345,0.984982,144.368,4.48425,8.82385,True
A2k,A2k:IMYH200R024M1Hx1@25k/r0.45,IMYH200R024M1H,1,25,0.45,502.21,00Y8044E060,4,37,3.10426,0.985856,0.98802,0.985856,144.368,4.48425,8.77074,True
A2k,A2k:IMYH200R024M1Hx1@25k/r0.60,IMYH200R024M1H,1,25,0.6,376.657,00Y8044E060,3,37,2.43155,0.98615,0.988144,0.98615,144.368,4.48425,8.5353,True
A2k,A2k:IMYH200R024M1Hx1@25k/r0.80,IMYH200R024M1H,1,25,0.8,292.108,00Y8044E026,3,35,2.39449,0.986251,0.988264,0.986251,144.368,4.48425,8.52232,True
A2k,A2k:IMYH200R024M1Hx1@32k/r0.30,IMYH200R024M1H,1,32,0.3,590.173,00Y114LE040,2,34,4.38943,0.984242,0.986952,0.984242,157.609,4.48425,8.62055,False
A2k,A2k:IMYH200R024M1Hx1@32k/r0.45,IMYH200R024M1H,1,32,0.45,388.7,00Y8044E060,3,38,2.44903,0.98447,0.987056,0.98447,157.609,4.48425,7.94141,False
A2k,A2k:IMYH200R024M1Hx1@32k/r0.60,IMYH200R024M1H,1,32,0.6,292.108,00Y8044E026,3,35,2.38539,0.984609,0.987241,0.984609,157.609,4.48425,7.91914,False
A2k,A2k:IMYH200R024M1Hx1@32k/r0.80,IMYH200R024M1H,1,32,0.8,224.475,00Y8044E026,2,38,1.77944,0.984788,0.98727,0.984788,157.609,4.48425,7.70706,False
A2k,A2k:IMYH200R024M1Hx1@40k/r0.30,IMYH200R024M1H,1,40,0.3,469.508,00Y8044E060,4,35,3.04579,0.982272,0.985536,0.982272,174.878,4.48425,8.15028,False
A2k,A2k:IMYH200R024M1Hx1@40k/r0.45,IMYH200R024M1H,1,40,0.45,321.661,00Y8044E026,3,37,2.42609,0.982467,0.985811,0.982467,174.878,4.48425,7.93339,False
A2k,A2k:IMYH200R024M1Hx1@40k/r0.60,IMYH200R024M1H,1,40,0.6,234.62,00Y8044E026,2,39,1.79028,0.982694,0.985968,0.982694,174.878,4.48425,7.71085,False
A2k,A2k:IMYH200R024M1Hx1@40k/r0.80,IMYH200R024M1H,1,40,0.8,175.585,00Y8044E026,2,33,1.68369,0.982921,0.986041,0.982921,174.878,4.48425,7.67354,False
A2k,A2k:IMYH200R024M1Hx1@50k/r0.30,IMYH200R024M1H,1,50,0.3,376.657,00Y8044E060,3,37,2.42217,0.979603,0.983697,0.979603,199.021,4.48425,7.93201,False
A2k,A2k:IMYH200R024M1Hx1@50k/r0.45,IMYH200R024M1H,1,50,0.45,249.355,00Y8044E026,3,32,2.31142,0.979833,0.984041,0.979833,199.021,4.48425,7.89325,False
A2k,A2k:IMYH200R024M1Hx1@50k/r0.60,IMYH200R024M1H,1,50,0.6,194.739,00Y8044E026,2,35,1.71452,0.979986,0.984181,0.979986,199.021,4.48425,7.68434,False
A2k,A2k:IMYH200R024M1Hx1@50k/r0.80,IMYH200R024M1H,1,50,0.8,139.216,00Y8044E026,2,29,1.60708,0.980215,0.9843,0.980215,199.021,4.48425,7.64673,False
A2k,A2k:IMYH200R024M1Hx2@20k/r0.30,IMYH200R024M1H,2,20,0.3,964.105,00X114LE060,2,37,4.6858,0.991704,0.992394,0.990504,66.7871,8.96851,13.8085,True
A2k,A2k:IMYH200R024M1Hx2@20k/r0.45,IMYH200R024M1H,2,20,0.45,643.109,00Y114LE040,2,36,4.45211,0.992908,0.993231,0.992006,66.7871,8.96851,13.7267,True
A2k,A2k:IMYH200R024M1Hx2@20k/r0.60,IMYH200R024M1H,2,20,0.6,469.24,00Y8044E026,4,39,3.16515,0.992916,0.993256,0.992054,66.7871,8.96851,13.2763,True
A2k,A2k:IMYH200R024M1Hx2@20k/r0.80,IMYH200R024M1H,2,20,0.8,351.93,00Y8044E026,3,39,2.48785,0.993104,0.993438,0.9922,66.7871,8.96851,13.0393,True
A2k,A2k:IMYH200R024M1Hx2@25k/r0.30,IMYH200R024M1H,2,25,0.3,754.115,00X8044E060,4,38,3.256,0.991407,0.992007,0.990165,70.1419,8.96851,13.3081,True
A2k,A2k:IMYH200R024M1Hx2@25k/r0.45,IMYH200R024M1H,2,25,0.45,502.21,00Y8044E060,4,37,3.10426,0.992387,0.992704,0.991411,69.9227,8.96851,13.255,True
A2k,A2k:IMYH200R024M1Hx2@25k/r0.60,IMYH200R024M1H,2,25,0.6,376.657,00Y8044E060,3,37,2.43155,0.992543,0.992865,0.991531,69.735,8.96851,13.0195,True
A2k,A2k:IMYH200R024M1Hx2@25k/r0.80,IMYH200R024M1H,2,25,0.8,292.108,00Y8044E026,3,35,2.39449,0.992782,0.993052,0.991817,69.5563,8.96851,13.0066,True
A2k,A2k:IMYH200R024M1Hx2@32k/r0.30,IMYH200R024M1H,2,32,0.3,590.173,00Y114LE040,2,34,4.38943,0.991508,0.991972,0.990667,75.0098,8.96851,13.1048,True
A2k,A2k:IMYH200R024M1Hx2@32k/r0.45,IMYH200R024M1H,2,32,0.45,388.7,00Y8044E060,3,38,2.44903,0.991739,0.992082,0.990733,74.6767,8.96851,12.4257,True
A2k,A2k:IMYH200R024M1Hx2@32k/r0.60,IMYH200R024M1H,2,32,0.6,292.108,00Y8044E026,3,35,2.38539,0.99188,0.992294,0.991046,74.3896,8.96851,12.4034,True
A2k,A2k:IMYH200R024M1Hx2@32k/r0.80,IMYH200R024M1H,2,32,0.8,224.475,00Y8044E026,2,38,1.77944,0.992061,0.992384,0.991105,74.0887,8.96851,12.1913,True
A2k,A2k:IMYH200R024M1Hx2@40k/r0.30,IMYH200R024M1H,2,40,0.3,469.508,00Y8044E060,4,35,3.04579,0.990537,0.991042,0.989614,80.9662,8.96851,12.6345,True
A2k,A2k:IMYH200R024M1Hx2@40k/r0.45,IMYH200R024M1H,2,40,0.45,321.661,00Y8044E026,3,37,2.42609,0.990735,0.991308,0.989992,80.4413,8.96851,12.4176,True
A2k,A2k:IMYH200R024M1Hx2@40k/r0.60,IMYH200R024M1H,2,40,0.6,234.62,00Y8044E026,2,39,1.79028,0.990967,0.991475,0.99017,79.9568,8.96851,12.1951,True
A2k,A2k:IMYH200R024M1Hx2@40k/r0.80,IMYH200R024M1H,2,40,0.8,175.585,00Y8044E026,2,33,1.68369,0.991197,0.991601,0.99027,79.4616,8.96851,12.1578,True
A2k,A2k:IMYH200R024M1Hx2@50k/r0.30,IMYH200R024M1H,2,50,0.3,376.657,00Y8044E060,3,37,2.42217,0.98935,0.989947,0.988395,89.0145,8.96851,12.4163,True
A2k,A2k:IMYH200R024M1Hx2@50k/r0.45,IMYH200R024M1H,2,50,0.45,249.355,00Y8044E026,3,32,2.31142,0.989584,0.990251,0.98883,88.2021,8.96851,12.3775,True
A2k,A2k:IMYH200R024M1Hx2@50k/r0.60,IMYH200R024M1H,2,50,0.6,194.739,00Y8044E026,2,35,1.71452,0.989741,0.990376,0.988977,87.5664,8.96851,12.1686,True
A2k,A2k:IMYH200R024M1Hx2@50k/r0.80,IMYH200R024M1H,2,50,0.8,139.216,00Y8044E026,2,29,1.60708,0.989974,0.99052,0.989115,86.5486,8.96851,12.131,True
A17,A17:MSC035SMA170B4x1@20k/r0.30,MSC035SMA170B4,1,20,0.3,964.105,00X114LE060,2,37,4.6858,0.986769,0.988022,0.985618,162.57,2.66975,7.50978,False
A17,A17:MSC035SMA170B4x1@20k/r0.45,MSC035SMA170B4,1,20,0.45,643.109,00Y114LE040,2,36,4.45211,0.986832,0.988812,0.986832,162.57,2.66975,7.42799,False
A17,A17:MSC035SMA170B4x1@20k/r0.60,MSC035SMA170B4,1,20,0.6,469.24,00Y8044E026,4,39,3.16515,0.986828,0.98877,0.986828,162.57,2.66975,6.97755,False
A17,A17:MSC035SMA170B4x1@20k/r0.80,MSC035SMA170B4,1,20,0.8,351.93,00Y8044E026,3,39,2.48785,0.98714,0.988837,0.986899,162.57,2.66975,6.7405,False
A17,A17:MSC035SMA170B4x1@25k/r0.30,MSC035SMA170B4,1,25,0.3,754.115,00X8044E060,4,38,3.256,0.985946,0.987609,0.985317,173.279,2.66975,7.00935,False
A17,A17:MSC035SMA170B4x1@25k/r0.45,MSC035SMA170B4,1,25,0.45,502.21,00Y8044E060,4,37,3.10426,0.986005,0.98826,0.986005,173.279,2.66975,6.95624,False
A17,A17:MSC035SMA170B4x1@25k/r0.60,MSC035SMA170B4,1,25,0.6,376.657,00Y8044E060,3,37,2.43155,0.986299,0.988359,0.986299,173.279,2.66975,6.72079,False
A17,A17:MSC035SMA170B4x1@25k/r0.80,MSC035SMA170B4,1,25,0.8,292.108,00Y8044E026,3,35,2.39449,0.9864,0.988449,0.9864,173.279,2.66975,6.70782,False
A17,A17:MSC035SMA170B4x1@32k/r0.30,MSC035SMA170B4,1,32,0.3,590.173,00Y114LE040,2,34,4.38943,0.984567,0.987486,0.984567,189.812,2.66975,6.80605,False
A17,A17:MSC035SMA170B4x1@32k/r0.45,MSC035SMA170B4,1,32,0.45,388.7,00Y8044E060,3,38,2.44903,0.984795,0.987556,0.984795,189.812,2.66975,6.12691,False
A17,A17:MSC035SMA170B4x1@32k/r0.60,MSC035SMA170B4,1,32,0.6,292.108,00Y8044E026,3,35,2.38539,0.984934,0.987708,0.984934,189.812,2.66975,6.10463,False
A17,A17:MSC035SMA170B4x1@32k/r0.80,MSC035SMA170B4,1,32,0.8,224.475,00Y8044E026,2,38,1.77944,0.985113,0.987699,0.985113,189.812,2.66975,5.89255,False
A17,A17:MSC035SMA170B4x1@40k/r0.30,MSC035SMA170B4,1,40,0.3,469.508,00Y8044E060,4,35,3.04579,0.982808,0.986399,0.982808,210.969,2.66975,6.33577,False
A17,A17:MSC035SMA170B4x1@40k/r0.45,MSC035SMA170B4,1,40,0.45,321.661,00Y8044E026,3,37,2.42609,0.983003,0.986636,0.983003,210.969,2.66975,6.11888,False
A17,A17:MSC035SMA170B4x1@40k/r0.60,MSC035SMA170B4,1,40,0.6,234.62,00Y8044E026,2,39,1.79028,0.983231,0.986746,0.983231,210.969,2.66975,5.89635,False
A17,A17:MSC035SMA170B4x1@40k/r0.80,MSC035SMA170B4,1,40,0.8,175.585,00Y8044E026,2,33,1.68369,0.983458,0.986767,0.983458,210.969,2.66975,5.85904,False
A17,A17:MSC035SMA170B4x1@50k/r0.30,MSC035SMA170B4,1,50,0.3,376.657,00Y8044E060,3,37,2.42217,0.980455,0.984971,0.980455,240.21,2.66975,6.11751,False
A17,A17:MSC035SMA170B4x1@50k/r0.45,MSC035SMA170B4,1,50,0.45,249.355,00Y8044E026,3,32,2.31142,0.980685,0.985261,0.980685,240.21,2.66975,6.07875,False
A17,A17:MSC035SMA170B4x1@50k/r0.60,MSC035SMA170B4,1,50,0.6,194.739,00Y8044E026,2,35,1.71452,0.980839,0.985356,0.980839,240.21,2.66975,5.86983,False
A17,A17:MSC035SMA170B4x1@50k/r0.80,MSC035SMA170B4,1,50,0.8,139.216,00Y8044E026,2,29,1.60708,0.981068,0.985403,0.981068,240.21,2.66975,5.83223,False
A17,A17:MSC035SMA170B4x2@20k/r0.30,MSC035SMA170B4,2,20,0.3,964.105,00X114LE060,2,37,4.6858,0.991422,0.992164,0.990196,74.5841,5.3395,10.1795,True
A17,A17:MSC035SMA170B4x2@20k/r0.45,MSC035SMA170B4,2,20,0.45,643.109,00Y114LE040,2,36,4.45211,0.992626,0.993,0.991699,74.2693,5.3395,10.0977,True
A17,A17:MSC035SMA170B4x2@20k/r0.60,MSC035SMA170B4,2,20,0.6,469.24,00Y8044E026,4,39,3.16515,0.992664,0.993023,0.991748,74.1453,5.3395,9.6473,True
A17,A17:MSC035SMA170B4x2@20k/r0.80,MSC035SMA170B4,2,20,0.8,351.93,00Y8044E026,3,39,2.48785,0.992823,0.993206,0.991899,74.1453,5.3395,9.41025,True
A17,A17:MSC035SMA170B4x2@25k/r0.30,MSC035SMA170B4,2,25,0.3,754.115,00X8044E060,4,38,3.256,0.991155,0.991821,0.989887,79.217,5.3395,9.6791,True
A17,A17:MSC035SMA170B4x2@25k/r0.45,MSC035SMA170B4,2,25,0.45,502.21,00Y8044E060,4,37,3.10426,0.99216,0.992518,0.991139,78.7637,5.3395,9.62599,True
A17,A17:MSC035SMA170B4x2@25k/r0.60,MSC035SMA170B4,2,25,0.6,376.657,00Y8044E060,3,37,2.43155,0.992297,0.99268,0.991264,78.3553,5.3395,9.39054,True
A17,A17:MSC035SMA170B4x2@25k/r0.80,MSC035SMA170B4,2,25,0.8,292.108,00Y8044E026,3,35,2.39449,0.992539,0.992868,0.991558,77.9363,5.3395,9.37757,True
A17,A17:MSC035SMA170B4x2@32k/r0.30,MSC035SMA170B4,2,32,0.3,590.173,00Y114LE040,2,34,4.38943,0.991526,0.99184,0.990413,86.0256,5.3395,9.4758,True
A17,A17:MSC035SMA170B4x2@32k/r0.45,MSC035SMA170B4,2,32,0.45,388.7,00Y8044E060,3,38,2.44903,0.991625,0.991951,0.990491,85.3549,5.3395,8.79666,True
A17,A17:MSC035SMA170B4x2@32k/r0.60,MSC035SMA170B4,2,32,0.6,292.108,00Y8044E026,3,35,2.38539,0.991895,0.992166,0.990815,84.7538,5.3395,8.77438,True
A17,A17:MSC035SMA170B4x2@32k/r0.80,MSC035SMA170B4,2,32,0.8,224.475,00Y8044E026,2,38,1.77944,0.991975,0.992259,0.99089,84.0879,5.3395,8.5623,True
A17,A17:MSC035SMA170B4x2@40k/r0.30,MSC035SMA170B4,2,40,0.3,469.508,00Y8044E060,4,35,3.04579,0.990668,0.990971,0.989374,94.4505,5.3395,9.00552,True
A17,A17:MSC035SMA170B4x2@40k/r0.45,MSC035SMA170B4,2,40,0.45,321.661,00Y8044E026,3,37,2.42609,0.990874,0.991239,0.989769,93.4102,5.3395,8.78863,True
A17,A17:MSC035SMA170B4x2@40k/r0.60,MSC035SMA170B4,2,40,0.6,234.62,00Y8044E026,2,39,1.79028,0.991105,0.99141,0.989967,92.4847,5.3395,8.56609,True
A17,A17:MSC035SMA170B4x2@40k/r0.80,MSC035SMA170B4,2,40,0.8,175.585,00Y8044E026,2,33,1.68369,0.991309,0.991543,0.990097,91.4206,5.3395,8.52879,True
A17,A17:MSC035SMA170B4x2@50k/r0.30,MSC035SMA170B4,2,50,0.3,376.657,00Y8044E060,3,37,2.42217,0.989632,0.989941,0.988118,106.422,5.3395,8.78726,True
A17,A17:MSC035SMA170B4x2@50k/r0.45,MSC035SMA170B4,2,50,0.45,249.355,00Y8044E026,3,32,2.31142,0.989889,0.990252,0.988589,104.729,5.3395,8.7485,True
A17,A17:MSC035SMA170B4x2@50k/r0.60,MSC035SMA170B4,2,50,0.6,194.739,00Y8044E026,2,35,1.71452,0.990046,0.990383,0.988765,103.386,5.3395,8.53958,True
A17,A17:MSC035SMA170B4x2@50k/r0.80,MSC035SMA170B4,2,50,0.8,139.216,00Y8044E026,2,29,1.60708,0.990279,0.990541,0.988964,101.215,5.3395,8.50198,True
A17,A17:MSC035SMA170B4x3@20k/r0.30,MSC035SMA170B4,3,20,0.3,964.105,00X114LE060,2,37,4.6858,0.992495,0.99315,0.991367,63.0564,8.00925,12.8493,True
A17,A17:MSC035SMA170B4x3@20k/r0.45,MSC035SMA170B4,3,20,0.45,643.109,00Y114LE040,2,36,4.45211,0.993712,0.993995,0.992885,62.822,8.00925,12.7675,True
A17,A17:MSC035SMA170B4x3@20k/r0.60,MSC035SMA170B4,3,20,0.6,469.24,00Y8044E026,4,39,3.16515,0.993764,0.994029,0.992952,62.582,8.00925,12.317,True
A17,A17:MSC035SMA170B4x3@20k/r0.80,MSC035SMA170B4,3,20,0.8,351.93,00Y8044E026,3,39,2.48785,0.993948,0.994229,0.993133,62.3161,8.00925,12.08,True
A17,A17:MSC035SMA170B4x3@25k/r0.30,MSC035SMA170B4,3,25,0.3,754.115,00X8044E060,4,38,3.256,0.992259,0.992829,0.991092,66.2911,8.00925,12.3488,True
A17,A17:MSC035SMA170B4x3@25k/r0.45,MSC035SMA170B4,3,25,0.45,502.21,00Y8044E060,4,37,3.10426,0.993274,0.993534,0.992355,65.8859,8.00925,12.2957,True
A17,A17:MSC035SMA170B4x3@25k/r0.60,MSC035SMA170B4,3,25,0.6,376.657,00Y8044E060,3,37,2.43155,0.993423,0.993706,0.992496,65.5034,8.00925,12.0603,True
A17,A17:MSC035SMA170B4x3@25k/r0.80,MSC035SMA170B4,3,25,0.8,292.108,00Y8044E026,3,35,2.39449,0.993685,0.993908,0.992814,65.1771,8.00925,12.0473,True
A17,A17:MSC035SMA170B4x3@32k/r0.30,MSC035SMA170B4,3,32,0.3,590.173,00Y114LE040,2,34,4.38943,0.992698,0.99289,0.991683,71.0898,8.00925,12.1455,True
A17,A17:MSC035SMA170B4x3@32k/r0.45,MSC035SMA170B4,3,32,0.45,388.7,00Y8044E060,3,38,2.44903,0.992793,0.993008,0.991768,70.5154,8.00925,11.4664,True
A17,A17:MSC035SMA170B4x3@32k/r0.60,MSC035SMA170B4,3,32,0.6,292.108,00Y8044E026,3,35,2.38539,0.993074,0.993232,0.992104,69.9829,8.00925,11.4441,True
A17,A17:MSC035SMA170B4x3@32k/r0.80,MSC035SMA170B4,3,32,0.8,224.475,00Y8044E026,2,38,1.77944,0.993173,0.99334,0.992201,69.3678,8.00925,11.2321,True
A17,A17:MSC035SMA170B4x3@40k/r0.30,MSC035SMA170B4,3,40,0.3,469.508,00Y8044E060,4,35,3.04579,0.991913,0.99208,0.990736,76.8165,8.00925,11.6753,True
A17,A17:MSC035SMA170B4x3@40k/r0.45,MSC035SMA170B4,3,40,0.45,321.661,00Y8044E026,3,37,2.42609,0.992247,0.992353,0.991133,76.1248,8.00925,11.4584,True
A17,A17:MSC035SMA170B4x3@40k/r0.60,MSC035SMA170B4,3,40,0.6,234.62,00Y8044E026,2,39,1.79028,0.992435,0.992532,0.991338,75.3379,8.00925,11.2358,True
A17,A17:MSC035SMA170B4x3@40k/r0.80,MSC035SMA170B4,3,40,0.8,175.585,00Y8044E026,2,33,1.68369,0.992578,0.992681,0.991486,74.5543,8.00925,11.1985,True
A17,A17:MSC035SMA170B4x3@50k/r0.30,MSC035SMA170B4,3,50,0.3,376.657,00Y8044E060,3,37,2.42217,0.990999,0.991142,0.989643,84.3953,8.00925,11.457,True
A17,A17:MSC035SMA170B4x3@50k/r0.45,MSC035SMA170B4,3,50,0.45,249.355,00Y8044E026,3,32,2.31142,0.991086,0.991455,0.9901,83.363,8.00925,11.4182,True
A17,A17:MSC035SMA170B4x3@50k/r0.60,MSC035SMA170B4,3,50,0.6,194.739,00Y8044E026,2,35,1.71452,0.991145,0.99159,0.99027,82.5301,8.00925,11.2093,True
A17,A17:MSC035SMA170B4x3@50k/r0.80,MSC035SMA170B4,3,50,0.8,139.216,00Y8044E026,2,29,1.60708,0.991232,0.991761,0.990471,82.0385,8.00925,11.1717,True
B,B:C3M0016120Kx1@10k/r0.30,C3M0016120K,1,10,0.3,469.508,00Y8044E060,4,35,3.04227,0.990759,0.991582,0.990113,80.9475,8,17.0648,True
B,B:C3M0016120Kx1@10k/r0.45,C3M0016120K,1,10,0.45,321.661,00Y8044E026,3,37,2.41902,0.99094,0.991743,0.990307,80.9475,8,16.8467,True
B,B:C3M0016120Kx1@10k/r0.60,C3M0016120K,1,10,0.6,234.62,00Y8044E026,2,39,1.77944,0.991151,0.991909,0.990534,80.9475,8,16.6228,True
B,B:C3M0016120Kx1@10k/r0.80,C3M0016120K,1,10,0.8,175.585,00Y8044E026,2,33,1.66748,0.991358,0.992056,0.990757,80.9475,8,16.5836,True
B,B:C3M0016120Kx1@12k/r0.30,C3M0016120K,1,12.5,0.3,376.657,00Y8044E060,3,37,2.41902,0.990682,0.991538,0.990087,82.0286,8,16.8467,True
B,B:C3M0016120Kx1@12k/r0.45,C3M0016120K,1,12.5,0.45,251.105,00Y8044E060,2,37,1.74212,0.990964,0.991768,0.990388,82.0286,8,16.6097,True
B,B:C3M0016120Kx1@12k/r0.60,C3M0016120K,1,12.5,0.6,194.739,00Y8044E026,2,35,1.7048,0.991033,0.991831,0.990463,82.0286,8,16.5967,True
B,B:C3M0016120Kx1@12k/r0.80,C3M0016120K,1,12.5,0.8,139.216,00Y8044E026,2,29,1.59284,0.991242,0.991975,0.990686,82.0286,8,16.5575,True
B,B:C3M0016120Kx1@16k/r0.30,C3M0016120K,1,16,0.3,292.108,00Y8044E026,3,35,2.37354,0.990402,0.991326,0.989855,83.5619,8,16.2307,True
B,B:C3M0016120Kx1@16k/r0.45,C3M0016120K,1,16,0.45,194.739,00Y8044E026,2,35,1.7048,0.990669,0.991551,0.99014,83.5619,8,15.9967,True
B,B:C3M0016120Kx1@16k/r0.60,C3M0016120K,1,16,0.6,148.043,00Y8044E026,2,30,1.6115,0.990844,0.991687,0.990326,83.5619,8,15.964,True
B,B:C3M0016120Kx1@16k/r0.80,C3M0016120K,1,16,0.8,112.237,00Y8044E026,1,38,1.0798,0.990855,0.991662,0.990338,83.5619,8,15.7779,True
B,B:C3M0016120Kx1@20k/r0.30,C3M0016120K,1,20,0.3,234.62,00Y8044E026,2,39,1.77944,0.990108,0.991102,0.989631,85.343,8,16.0228,True
B,B:C3M0016120Kx1@20k/r0.45,C3M0016120K,1,20,0.45,157.053,00Y8044E026,2,31,1.63016,0.99039,0.991339,0.989928,85.343,8,15.9706,True
B,B:C3M0016120Kx1@20k/r0.60,C3M0016120K,1,20,0.6,117.31,00Y8044E026,1,39,1.09438,0.990409,0.991336,0.989948,85.343,8,15.783,True
B,B:C3M0016120Kx1@20k/r0.80,C3M0016120K,1,20,0.8,87.7926,00Y8044E026,1,33,1.00691,0.990574,0.991446,0.990122,85.343,8,15.7524,True
B,B:C3M0016120Kx1@25k/r0.30,C3M0016120K,1,25,0.3,194.739,00Y8044E026,2,35,1.7048,0.989714,0.990797,0.989317,87.6136,8,15.9967,True
B,B:C3M0016120Kx1@25k/r0.45,C3M0016120K,1,25,0.45,130.581,00Y8044E026,2,28,1.57418,0.989963,0.991006,0.989577,87.6136,8,15.951,True
B,B:C3M0016120Kx1@25k/r0.60,C3M0016120K,1,25,0.6,97.3693,00Y8044E026,1,35,1.03607,0.989987,0.99101,0.989602,87.6136,8,15.7626,True
B,B:C3M0016120Kx1@25k/r0.80,C3M0016120K,1,25,0.8,69.608,00Y8044E026,1,29,0.9486,0.990153,0.991119,0.989776,87.6136,8,15.732,True
B,B:C3M0016120Kx1@32k/r0.30,C3M0016120K,1,32,0.3,148.043,00Y8044E026,2,30,1.6115,0.98912,0.990317,0.988808,90.8779,8,15.364,True
B,B:C3M0016120Kx1@32k/r0.45,C3M0016120K,1,32,0.45,97.3693,00Y8044E026,1,35,1.03607,0.989216,0.990392,0.988907,90.8779,8,15.1626,True
B,B:C3M0016120Kx1@32k/r0.60,C3M0016120K,1,32,0.6,74.0216,00Y8044E026,1,30,0.963177,0.989357,0.9905,0.989052,90.8779,8,15.1371,True
B,B:C3M0016120Kx1@32k/r0.80,C3M0016120K,1,32,0.8,56.9622,00Y8044E026,1,26,0.904867,0.989469,0.990572,0.989168,90.8779,8,15.1167,True
B,B:C3M0016120Kx1@40k/r0.30,C3M0016120K,1,40,0.3,117.31,00Y8044E026,1,39,1.09438,0.988202,0.989584,0.988018,94.7356,8,15.183,True
B,B:C3M0016120Kx1@40k/r0.45,C3M0016120K,1,40,0.45,78.5266,00Y8044E026,1,31,0.977755,0.98843,0.989777,0.988249,94.7356,8,15.1422,True
B,B:C3M0016120Kx1@40k/r0.60,C3M0016120K,1,40,0.6,61.0737,00Y8044E026,1,27,0.919445,0.988545,0.989865,0.988365,94.7356,8,15.1218,True
B,B:C3M0016120Kx1@40k/r0.80,C3M0016120K,1,40,0.8,45.3048,00Y8044E026,1,23,0.861134,0.988659,0.989939,0.988481,94.7356,8,15.1014,True
B,B:C3M0016120Kx1@50k/r0.30,C3M0016120K,1,50,0.3,97.3693,00Y8044E026,1,35,1.03607,0.987151,0.988759,0.987133,99.7587,8,15.1626,True
B,B:C3M0016120Kx1@50k/r0.45,C3M0016120K,1,50,0.45,65.2905,00Y8044E026,1,28,0.934022,0.987354,0.988934,0.987335,99.7587,8,15.1269,True
B,B:C3M0016120Kx1@50k/r0.60,C3M0016120K,1,50,0.6,49.0732,00Y8044E026,1,24,0.875712,0.987471,0.989027,0.987451,99.7587,8,15.1065,True
B,B:C3M0016120Kx1@50k/r0.80,C3M0016120K,1,50,0.8,34.7559,00Y8044E026,1,20,0.817402,0.987587,0.989104,0.987566,99.7587,8,15.0861,True
B,B:C3M0016120Kx2@10k/r0.30,C3M0016120K,2,10,0.3,469.508,00Y8044E060,4,35,3.04227,0.994089,0.994477,0.99352,56.4206,16,25.0648,True
B,B:C3M0016120Kx2@10k/r0.45,C3M0016120K,2,10,0.45,321.661,00Y8044E026,3,37,2.41902,0.99427,0.994645,0.993716,56.4206,16,24.8467,True
B,B:C3M0016120Kx2@10k/r0.60,C3M0016120K,2,10,0.6,234.62,00Y8044E026,2,39,1.77944,0.994482,0.994822,0.993944,56.4206,16,24.6228,True
B,B:C3M0016120Kx2@10k/r0.80,C3M0016120K,2,10,0.8,175.585,00Y8044E026,2,33,1.66748,0.994678,0.994987,0.994169,56.4206,16,24.5836,True
B,B:C3M0016120Kx2@12k/r0.30,C3M0016120K,2,12.5,0.3,376.657,00Y8044E060,3,37,2.41902,0.994044,0.994441,0.993499,57.0115,16,24.8467,True
B,B:C3M0016120Kx2@12k/r0.45,C3M0016120K,2,12.5,0.45,251.105,00Y8044E060,2,37,1.74212,0.994328,0.99468,0.993802,57.0115,16,24.6097,True
B,B:C3M0016120Kx2@12k/r0.60,C3M0016120K,2,12.5,0.6,194.739,00Y8044E026,2,35,1.7048,0.994397,0.994752,0.993877,57.0115,16,24.5967,True
B,B:C3M0016120Kx2@12k/r0.80,C3M0016120K,2,12.5,0.8,139.216,00Y8044E026,2,29,1.59284,0.994607,0.994916,0.994102,57.0115,16,24.5575,True
B,B:C3M0016120Kx2@16k/r0.30,C3M0016120K,2,16,0.3,292.108,00Y8044E026,3,35,2.37354,0.99381,0.994242,0.993274,57.8463,16,24.2307,True
B,B:C3M0016120Kx2@16k/r0.45,C3M0016120K,2,16,0.45,194.739,00Y8044E026,2,35,1.7048,0.99408,0.994476,0.99356,57.8463,16,23.9967,True
B,B:C3M0016120Kx2@16k/r0.60,C3M0016120K,2,16,0.6,148.043,00Y8044E026,2,30,1.6115,0.994256,0.994622,0.993748,57.8463,16,23.964,True
B,B:C3M0016120Kx2@16k/r0.80,C3M0016120K,2,16,0.8,112.237,00Y8044E026,1,38,1.0798,0.994267,0.994614,0.993759,57.8463,16,23.7779,True
B,B:C3M0016120Kx2@20k/r0.30,C3M0016120K,2,20,0.3,234.62,00Y8044E026,2,39,1.77944,0.993572,0.994033,0.993059,58.8115,16,24.0228,True
B,B:C3M0016120Kx2@20k/r0.45,C3M0016120K,2,20,0.45,157.053,00Y8044E026,2,31,1.63016,0.993856,0.994279,0.993358,58.8115,16,23.9706,True
B,B:C3M0016120Kx2@20k/r0.60,C3M0016120K,2,20,0.6,117.31,00Y8044E026,1,39,1.09438,0.993874,0.994287,0.993378,58.8115,16,23.783,True
B,B:C3M0016120Kx2@20k/r0.80,C3M0016120K,2,20,0.8,87.7926,00Y8044E026,1,33,1.00691,0.994041,0.994417,0.993554,58.8115,16,23.7524,True
B,B:C3M0016120Kx2@25k/r0.30,C3M0016120K,2,25,0.3,194.739,00Y8044E026,2,35,1.7048,0.99325,0.99375,0.992764,60.0348,16,23.9967,True
B,B:C3M0016120Kx2@25k/r0.45,C3M0016120K,2,25,0.45,130.581,00Y8044E026,2,28,1.57418,0.993501,0.993968,0.993026,60.0348,16,23.951,True
B,B:C3M0016120Kx2@25k/r0.60,C3M0016120K,2,25,0.6,97.3693,00Y8044E026,1,35,1.03607,0.993525,0.993983,0.993051,60.0348,16,23.7626,True
B,B:C3M0016120Kx2@25k/r0.80,C3M0016120K,2,25,0.8,69.608,00Y8044E026,1,29,0.9486,0.993693,0.994114,0.993226,60.0348,16,23.732,True
B,B:C3M0016120Kx2@32k/r0.30,C3M0016120K,2,32,0.3,148.043,00Y8044E026,2,30,1.6115,0.992764,0.993306,0.992287,61.842,16,23.364,True
B,B:C3M0016120Kx2@32k/r0.45,C3M0016120K,2,32,0.45,97.3693,00Y8044E026,1,35,1.03607,0.99286,0.99339,0.992387,61.842,16,23.1626,True
B,B:C3M0016120Kx2@32k/r0.60,C3M0016120K,2,32,0.6,74.0216,00Y8044E026,1,30,0.963177,0.993002,0.993509,0.992533,61.842,16,23.1371,True
B,B:C3M0016120Kx2@32k/r0.80,C3M0016120K,2,32,0.8,56.9622,00Y8044E026,1,26,0.904867,0.993115,0.9936,0.992649,61.842,16,23.1167,True
B,B:C3M0016120Kx2@40k/r0.30,C3M0016120K,2,40,0.3,117.31,00Y8044E026,1,39,1.09438,0.991977,0.992618,0.991538,64.6117,16,23.183,True
B,B:C3M0016120Kx2@40k/r0.45,C3M0016120K,2,40,0.45,78.5266,00Y8044E026,1,31,0.977755,0.992207,0.99282,0.991772,64.6117,16,23.1422,True
B,B:C3M0016120Kx2@40k/r0.60,C3M0016120K,2,40,0.6,61.0737,00Y8044E026,1,27,0.919445,0.992322,0.99292,0.991888,64.6117,16,23.1218,True
B,B:C3M0016120Kx2@40k/r0.80,C3M0016120K,2,40,0.8,45.3048,00Y8044E026,1,23,0.861134,0.992438,0.993016,0.992005,64.6117,16,23.1014,True
B,B:C3M0016120Kx2@50k/r0.30,C3M0016120K,2,50,0.3,97.3693,00Y8044E026,1,35,1.03607,0.991106,0.991859,0.990723,68.1359,16,23.1626,True
B,B:C3M0016120Kx2@50k/r0.45,C3M0016120K,2,50,0.45,65.2905,00Y8044E026,1,28,0.934022,0.991312,0.992043,0.990927,68.1359,16,23.1269,True
B,B:C3M0016120Kx2@50k/r0.60,C3M0016120K,2,50,0.6,49.0732,00Y8044E026,1,24,0.875712,0.991429,0.992149,0.991043,68.1359,16,23.1065,True
B,B:C3M0016120Kx2@50k/r0.80,C3M0016120K,2,50,0.8,34.7559,00Y8044E026,1,20,0.817402,0.991546,0.992254,0.991159,68.1359,16,23.0861,True
B,B:C3M0021120Kx1@10k/r0.30,C3M0021120K,1,10,0.3,469.508,00Y8044E060,4,35,3.04227,0.988434,0.989652,0.987871,98.3116,5.56833,14.6331,True
B,B:C3M0021120Kx1@10k/r0.45,C3M0021120K,1,10,0.45,321.661,00Y8044E026,3,37,2.41902,0.988614,0.989808,0.988065,98.3116,5.56833,14.415,True
B,B:C3M0021120Kx1@10k/r0.60,C3M0021120K,1,10,0.6,234.62,00Y8044E026,2,39,1.77944,0.988824,0.989967,0.988291,98.3116,5.56833,14.1911,True
B,B:C3M0021120Kx1@10k/r0.80,C3M0021120K,1,10,0.8,175.585,00Y8044E026,2,33,1.66748,0.98903,0.990102,0.988513,98.3116,5.56833,14.152,True
B,B:C3M0021120Kx1@12k/r0.30,C3M0021120K,1,12.5,0.3,376.657,00Y8044E060,3,37,2.41902,0.988338,0.989605,0.987844,99.6185,5.56833,14.415,True
B,B:C3M0021120Kx1@12k/r0.45,C3M0021120K,1,12.5,0.45,251.105,00Y8044E060,2,37,1.74212,0.988618,0.98983,0.988144,99.6185,5.56833,14.1781,True
B,B:C3M0021120Kx1@12k/r0.60,C3M0021120K,1,12.5,0.6,194.739,00Y8044E026,2,35,1.7048,0.988687,0.989888,0.988218,99.6185,5.56833,14.165,True
B,B:C3M0021120Kx1@12k/r0.80,C3M0021120K,1,12.5,0.8,139.216,00Y8044E026,2,29,1.59284,0.988895,0.990018,0.988441,99.6185,5.56833,14.1258,True
B,B:C3M0021120Kx1@16k/r0.30,C3M0021120K,1,16,0.3,292.108,00Y8044E026,3,35,2.37354,0.98803,0.989389,0.98761,101.524,5.56833,13.7991,True
B,B:C3M0021120Kx1@16k/r0.45,C3M0021120K,1,16,0.45,194.739,00Y8044E026,2,35,1.7048,0.988296,0.989609,0.987894,101.524,5.56833,13.565,True
B,B:C3M0021120Kx1@16k/r0.60,C3M0021120K,1,16,0.6,148.043,00Y8044E026,2,30,1.6115,0.98847,0.989739,0.988079,101.524,5.56833,13.5324,True
B,B:C3M0021120Kx1@16k/r0.80,C3M0021120K,1,16,0.8,112.237,00Y8044E026,1,38,1.0798,0.988481,0.989704,0.98809,101.524,5.56833,13.3463,True
B,B:C3M0021120Kx1@20k/r0.30,C3M0021120K,1,20,0.3,234.62,00Y8044E026,2,39,1.77944,0.987698,0.989159,0.987383,103.759,5.56833,13.5911,True
B,B:C3M0021120Kx1@20k/r0.45,C3M0021120K,1,20,0.45,157.053,00Y8044E026,2,31,1.63016,0.987979,0.989391,0.987679,103.759,5.56833,13.5389,True
B,B:C3M0021120Kx1@20k/r0.60,C3M0021120K,1,20,0.6,117.31,00Y8044E026,1,39,1.09438,0.987997,0.989383,0.987698,103.759,5.56833,13.3514,True
B,B:C3M0021120Kx1@20k/r0.80,C3M0021120K,1,20,0.8,87.7926,00Y8044E026,1,33,1.00691,0.988162,0.989482,0.987872,103.759,5.56833,13.3208,True
B,B:C3M0021120Kx1@25k/r0.30,C3M0021120K,1,25,0.3,194.739,00Y8044E026,2,35,1.7048,0.98725,0.988846,0.98707,106.622,5.56833,13.565,True
B,B:C3M0021120Kx1@25k/r0.45,C3M0021120K,1,25,0.45,130.581,00Y8044E026,2,28,1.57418,0.987497,0.989052,0.987329,106.622,5.56833,13.5193,True
B,B:C3M0021120Kx1@25k/r0.60,C3M0021120K,1,25,0.6,97.3693,00Y8044E026,1,35,1.03607,0.987521,0.989051,0.987353,106.622,5.56833,13.331,True
B,B:C3M0021120Kx1@25k/r0.80,C3M0021120K,1,25,0.8,69.608,00Y8044E026,1,29,0.9486,0.987687,0.989148,0.987526,106.622,5.56833,13.3003,True
B,B:C3M0021120Kx1@32k/r0.30,C3M0021120K,1,32,0.3,148.043,00Y8044E026,2,30,1.6115,0.986575,0.988355,0.986561,110.754,5.56833,12.9324,True
B,B:C3M0021120Kx1@32k/r0.45,C3M0021120K,1,32,0.45,97.3693,00Y8044E026,1,35,1.03607,0.98667,0.988426,0.986659,110.754,5.56833,12.731,True
B,B:C3M0021120Kx1@32k/r0.60,C3M0021120K,1,32,0.6,74.0216,00Y8044E026,1,30,0.963177,0.98681,0.988529,0.986804,110.754,5.56833,12.7054,True
B,B:C3M0021120Kx1@32k/r0.80,C3M0021120K,1,32,0.8,56.9622,00Y8044E026,1,26,0.904867,0.986922,0.988593,0.986919,110.754,5.56833,12.685,True
B,B:C3M0021120Kx1@40k/r0.30,C3M0021120K,1,40,0.3,117.31,00Y8044E026,1,39,1.09438,0.985559,0.987607,0.985559,115.66,5.56833,12.7514,True
B,B:C3M0021120Kx1@40k/r0.45,C3M0021120K,1,40,0.45,78.5266,00Y8044E026,1,31,0.977755,0.985786,0.987796,0.985786,115.66,5.56833,12.7105,True
B,B:C3M0021120Kx1@40k/r0.60,C3M0021120K,1,40,0.6,61.0737,00Y8044E026,1,27,0.919445,0.9859,0.987881,0.9859,115.66,5.56833,12.6901,True
B,B:C3M0021120Kx1@40k/r0.80,C3M0021120K,1,40,0.8,45.3048,00Y8044E026,1,23,0.861134,0.986013,0.987946,0.986013,115.66,5.56833,12.6697,True
B,B:C3M0021120Kx1@50k/r0.30,C3M0021120K,1,50,0.3,97.3693,00Y8044E026,1,35,1.03607,0.984375,0.986757,0.984375,122.085,5.56833,12.731,True
B,B:C3M0021120Kx1@50k/r0.45,C3M0021120K,1,50,0.45,65.2905,00Y8044E026,1,28,0.934022,0.984578,0.986929,0.984578,122.085,5.56833,12.6952,True
B,B:C3M0021120Kx1@50k/r0.60,C3M0021120K,1,50,0.6,49.0732,00Y8044E026,1,24,0.875712,0.984693,0.987019,0.984693,122.085,5.56833,12.6748,True
B,B:C3M0021120Kx1@50k/r0.80,C3M0021120K,1,50,0.8,34.7559,00Y8044E026,1,20,0.817402,0.984809,0.987087,0.984809,122.085,5.56833,12.6544,True
B,B:C3M0021120Kx2@10k/r0.30,C3M0021120K,2,10,0.3,469.508,00Y8044E060,4,35,3.04227,0.993278,0.993753,0.992665,60.2479,11.1367,20.2015,True
B,B:C3M0021120Kx2@10k/r0.45,C3M0021120K,2,10,0.45,321.661,00Y8044E026,3,37,2.41902,0.993459,0.993918,0.99286,60.2479,11.1367,19.9833,True
B,B:C3M0021120Kx2@10k/r0.60,C3M0021120K,2,10,0.6,234.62,00Y8044E026,2,39,1.77944,0.993671,0.994091,0.993088,60.2479,11.1367,19.7595,True
B,B:C3M0021120Kx2@10k/r0.80,C3M0021120K,2,10,0.8,175.585,00Y8044E026,2,33,1.66748,0.993869,0.99425,0.993313,60.2479,11.1367,19.7203,True
B,B:C3M0021120Kx2@12k/r0.30,C3M0021120K,2,12.5,0.3,376.657,00Y8044E060,3,37,2.41902,0.993249,0.993734,0.992667,60.8446,11.1367,19.9833,True
B,B:C3M0021120Kx2@12k/r0.45,C3M0021120K,2,12.5,0.45,251.105,00Y8044E060,2,37,1.74212,0.993531,0.993969,0.99297,60.8446,11.1367,19.7464,True
B,B:C3M0021120Kx2@12k/r0.60,C3M0021120K,2,12.5,0.6,194.739,00Y8044E026,2,35,1.7048,0.993601,0.994038,0.993044,60.8446,11.1367,19.7333,True
B,B:C3M0021120Kx2@12k/r0.80,C3M0021120K,2,12.5,0.8,139.216,00Y8044E026,2,29,1.59284,0.993811,0.994195,0.993269,60.8446,11.1367,19.6942,True
B,B:C3M0021120Kx2@16k/r0.30,C3M0021120K,2,16,0.3,292.108,00Y8044E026,3,35,2.37354,0.993036,0.99356,0.992474,61.6876,11.1367,19.3674,True
B,B:C3M0021120Kx2@16k/r0.45,C3M0021120K,2,16,0.45,194.739,00Y8044E026,2,35,1.7048,0.993305,0.99379,0.99276,61.6876,11.1367,19.1333,True
B,B:C3M0021120Kx2@16k/r0.60,C3M0021120K,2,16,0.6,148.043,00Y8044E026,2,30,1.6115,0.993481,0.993932,0.992947,61.6876,11.1367,19.1007,True
B,B:C3M0021120Kx2@16k/r0.80,C3M0021120K,2,16,0.8,112.237,00Y8044E026,1,38,1.0798,0.993492,0.993917,0.992959,61.6876,11.1367,18.9146,True
B,B:C3M0021120Kx2@20k/r0.30,C3M0021120K,2,20,0.3,234.62,00Y8044E026,2,39,1.77944,0.992823,0.99338,0.992296,62.6622,11.1367,19.1595,True
B,B:C3M0021120Kx2@20k/r0.45,C3M0021120K,2,20,0.45,157.053,00Y8044E026,2,31,1.63016,0.993106,0.993622,0.992595,62.6622,11.1367,19.1072,True
B,B:C3M0021120Kx2@20k/r0.60,C3M0021120K,2,20,0.6,117.31,00Y8044E026,1,39,1.09438,0.993125,0.993624,0.992615,62.6622,11.1367,18.9197,True
B,B:C3M0021120Kx2@20k/r0.80,C3M0021120K,2,20,0.8,87.7926,00Y8044E026,1,33,1.00691,0.993291,0.993746,0.992791,62.6622,11.1367,18.8891,True
B,B:C3M0021120Kx2@25k/r0.30,C3M0021120K,2,25,0.3,194.739,00Y8044E026,2,35,1.7048,0.992533,0.993134,0.992049,63.8972,11.1367,19.1333,True
B,B:C3M0021120Kx2@25k/r0.45,C3M0021120K,2,25,0.45,130.581,00Y8044E026,2,28,1.57418,0.992783,0.993347,0.992311,63.8972,11.1367,19.0876,True
B,B:C3M0021120Kx2@25k/r0.60,C3M0021120K,2,25,0.6,97.3693,00Y8044E026,1,35,1.03607,0.992807,0.993356,0.992335,63.8972,11.1367,18.8993,True
B,B:C3M0021120Kx2@25k/r0.80,C3M0021120K,2,25,0.8,69.608,00Y8044E026,1,29,0.9486,0.992975,0.993477,0.992511,63.8972,11.1367,18.8687,True
B,B:C3M0021120Kx2@32k/r0.30,C3M0021120K,2,32,0.3,148.043,00Y8044E026,2,30,1.6115,0.992092,0.992741,0.991639,65.6588,11.1367,18.5007,True
B,B:C3M0021120Kx2@32k/r0.45,C3M0021120K,2,32,0.45,97.3693,00Y8044E026,1,35,1.03607,0.992188,0.992819,0.991738,65.6588,11.1367,18.2993,True
B,B:C3M0021120Kx2@32k/r0.60,C3M0021120K,2,32,0.6,74.0216,00Y8044E026,1,30,0.963177,0.99233,0.992933,0.991884,65.6588,11.1367,18.2738,True
B,B:C3M0021120Kx2@32k/r0.80,C3M0021120K,2,32,0.8,56.9622,00Y8044E026,1,26,0.904867,0.992443,0.993014,0.992001,65.6588,11.1367,18.2534,True
B,B:C3M0021120Kx2@40k/r0.30,C3M0021120K,2,40,0.3,117.31,00Y8044E026,1,39,1.09438,0.991358,0.992115,0.990969,67.7202,11.1367,18.3197,True
B,B:C3M0021120Kx2@40k/r0.45,C3M0021120K,2,40,0.45,78.5266,00Y8044E026,1,31,0.977755,0.991588,0.99231,0.991201,67.7202,11.1367,18.2789,True
B,B:C3M0021120Kx2@40k/r0.60,C3M0021120K,2,40,0.6,61.0737,00Y8044E026,1,27,0.919445,0.991703,0.992403,0.991318,67.7202,11.1367,18.2585,True
B,B:C3M0021120Kx2@40k/r0.80,C3M0021120K,2,40,0.8,45.3048,00Y8044E026,1,23,0.861134,0.991818,0.992487,0.991435,67.7202,11.1367,18.2381,True
B,B:C3M0021120Kx2@50k/r0.30,C3M0021120K,2,50,0.3,97.3693,00Y8044E026,1,35,1.03607,0.990556,0.991435,0.990252,70.6648,11.1367,18.2993,True
B,B:C3M0021120Kx2@50k/r0.45,C3M0021120K,2,50,0.45,65.2905,00Y8044E026,1,28,0.934022,0.990761,0.991611,0.990456,70.6648,11.1367,18.2636,True
B,B:C3M0021120Kx2@50k/r0.60,C3M0021120K,2,50,0.6,49.0732,00Y8044E026,1,24,0.875712,0.990878,0.991708,0.990572,70.6648,11.1367,18.2432,True
B,B:C3M0021120Kx2@50k/r0.80,C3M0021120K,2,50,0.8,34.7559,00Y8044E026,1,20,0.817402,0.990995,0.991795,0.990688,70.6648,11.1367,18.2228,True
B,B:C3M0032120Kx1@10k/r0.30,C3M0032120K,1,10,0.3,469.508,00Y8044E060,4,35,3.04227,0.980338,0.983777,0.980338,157.116,3.8798,12.9446,False
B,B:C3M0032120Kx1@10k/r0.45,C3M0032120K,1,10,0.45,321.661,00Y8044E026,3,37,2.41902,0.980514,0.98391,0.980514,157.116,3.8798,12.7265,False
B,B:C3M0032120Kx1@10k/r0.60,C3M0032120K,1,10,0.6,234.62,00Y8044E026,2,39,1.77944,0.980721,0.984031,0.980721,157.116,3.8798,12.5026,False
B,B:C3M0032120Kx1@10k/r0.80,C3M0032120K,1,10,0.8,175.585,00Y8044E026,2,33,1.66748,0.980924,0.984103,0.980924,157.116,3.8798,12.4634,False
B,B:C3M0032120Kx1@12k/r0.30,C3M0032120K,1,12.5,0.3,376.657,00Y8044E060,3,37,2.41902,0.980121,0.983722,0.980121,159.33,3.8798,12.7265,False
B,B:C3M0032120Kx1@12k/r0.45,C3M0032120K,1,12.5,0.45,251.105,00Y8044E060,2,37,1.74212,0.980396,0.983921,0.980396,159.33,3.8798,12.4895,False
B,B:C3M0032120Kx1@12k/r0.60,C3M0032120K,1,12.5,0.6,194.739,00Y8044E026,2,35,1.7048,0.980464,0.98395,0.980464,159.33,3.8798,12.4765,False
B,B:C3M0032120Kx1@12k/r0.80,C3M0032120K,1,12.5,0.8,139.216,00Y8044E026,2,29,1.59284,0.980668,0.984008,0.980668,159.33,3.8798,12.4373,False
B,B:C3M0032120Kx1@16k/r0.30,C3M0032120K,1,16,0.3,292.108,00Y8044E026,3,35,2.37354,0.979642,0.983497,0.979642,162.514,3.8798,12.1105,False
B,B:C3M0032120Kx1@16k/r0.45,C3M0032120K,1,16,0.45,194.739,00Y8044E026,2,35,1.7048,0.979904,0.98369,0.979904,162.514,3.8798,11.8765,False
B,B:C3M0032120Kx1@16k/r0.60,C3M0032120K,1,16,0.6,148.043,00Y8044E026,2,30,1.6115,0.980075,0.983785,0.980075,162.514,3.8798,11.8438,False
B,B:C3M0032120Kx1@16k/r0.80,C3M0032120K,1,16,0.8,112.237,00Y8044E026,1,38,1.0798,0.980085,0.983693,0.980085,162.514,3.8798,11.6577,False
B,B:C3M0032120Kx1@20k/r0.30,C3M0032120K,1,20,0.3,234.62,00Y8044E026,2,39,1.77944,0.97911,0.983254,0.97911,166.264,3.8798,11.9026,False
B,B:C3M0032120Kx1@20k/r0.45,C3M0032120K,1,20,0.45,157.053,00Y8044E026,2,31,1.63016,0.979385,0.98346,0.979385,166.264,3.8798,11.8504,False
B,B:C3M0032120Kx1@20k/r0.60,C3M0032120K,1,20,0.6,117.31,00Y8044E026,1,39,1.09438,0.979404,0.983416,0.979404,166.264,3.8798,11.6628,False
B,B:C3M0032120Kx1@20k/r0.80,C3M0032120K,1,20,0.8,87.7926,00Y8044E026,1,33,1.00691,0.979565,0.983449,0.979565,166.264,3.8798,11.6322,False
B,B:C3M0032120Kx1@25k/r0.30,C3M0032120K,1,25,0.3,194.739,00Y8044E026,2,35,1.7048,0.978405,0.982926,0.978405,171.114,3.8798,11.8765,False
B,B:C3M0032120Kx1@25k/r0.45,C3M0032120K,1,25,0.45,130.581,00Y8044E026,2,28,1.57418,0.978648,0.983106,0.978648,171.114,3.8798,11.8308,False
B,B:C3M0032120Kx1@25k/r0.60,C3M0032120K,1,25,0.6,97.3693,00Y8044E026,1,35,1.03607,0.978671,0.983072,0.978671,171.114,3.8798,11.6424,False
B,B:C3M0032120Kx1@25k/r0.80,C3M0032120K,1,25,0.8,69.608,00Y8044E026,1,29,0.9486,0.978834,0.983093,0.978834,171.114,3.8798,11.6118,False
B,B:C3M0032120Kx1@32k/r0.30,C3M0032120K,1,32,0.3,148.043,00Y8044E026,2,30,1.6115,0.977345,0.982403,0.977345,178.227,3.8798,11.2438,False
B,B:C3M0032120Kx1@32k/r0.45,C3M0032120K,1,32,0.45,97.3693,00Y8044E026,1,35,1.03607,0.977439,0.982448,0.977439,178.227,3.8798,11.0424,False
B,B:C3M0032120Kx1@32k/r0.60,C3M0032120K,1,32,0.6,74.0216,00Y8044E026,1,30,0.963177,0.977576,0.982514,0.977576,178.227,3.8798,11.0169,False
B,B:C3M0032120Kx1@32k/r0.80,C3M0032120K,1,32,0.8,56.9622,00Y8044E026,1,26,0.904867,0.977686,0.982519,0.977686,178.227,3.8798,10.9965,False
B,B:C3M0032120Kx1@40k/r0.30,C3M0032120K,1,40,0.3,117.31,00Y8044E026,1,39,1.09438,0.975857,0.981613,0.975857,186.805,3.8798,11.0628,False
B,B:C3M0032120Kx1@40k/r0.45,C3M0032120K,1,40,0.45,78.5266,00Y8044E026,1,31,0.977755,0.97608,0.981774,0.97608,186.805,3.8798,11.022,False
B,B:C3M0032120Kx1@40k/r0.60,C3M0032120K,1,40,0.6,61.0737,00Y8044E026,1,27,0.919445,0.976191,0.981825,0.976191,186.805,3.8798,11.0016,False
B,B:C3M0032120Kx1@40k/r0.80,C3M0032120K,1,40,0.8,45.3048,00Y8044E026,1,23,0.861134,0.976303,0.981822,0.976303,186.805,3.8798,10.9812,False
B,B:C3M0032120Kx1@50k/r0.30,C3M0032120K,1,50,0.3,97.3693,00Y8044E026,1,35,1.03607,0.974022,0.980696,0.974022,198.288,3.8798,11.0424,False
B,B:C3M0032120Kx1@50k/r0.45,C3M0032120K,1,50,0.45,65.2905,00Y8044E026,1,28,0.934022,0.97422,0.980842,0.97422,198.288,3.8798,11.0067,False
B,B:C3M0032120Kx1@50k/r0.60,C3M0032120K,1,50,0.6,49.0732,00Y8044E026,1,24,0.875712,0.974333,0.980894,0.974333,198.288,3.8798,10.9863,False
B,B:C3M0032120Kx1@50k/r0.80,C3M0032120K,1,50,0.8,34.7559,00Y8044E026,1,20,0.817402,0.974447,0.980876,0.974447,198.288,3.8798,10.9659,False
B,B:C3M0032120Kx2@10k/r0.30,C3M0032120K,2,10,0.3,469.508,00Y8044E060,4,35,3.04227,0.991614,0.992302,0.990934,68.2418,7.75961,16.8244,True
B,B:C3M0032120Kx2@10k/r0.45,C3M0032120K,2,10,0.45,321.661,00Y8044E026,3,37,2.41902,0.991795,0.992464,0.991129,68.2418,7.75961,16.6063,True
B,B:C3M0032120Kx2@10k/r0.60,C3M0032120K,2,10,0.6,234.62,00Y8044E026,2,39,1.77944,0.992006,0.992631,0.991356,68.2418,7.75961,16.3824,True
B,B:C3M0032120Kx2@10k/r0.80,C3M0032120K,2,10,0.8,175.585,00Y8044E026,2,33,1.66748,0.992214,0.99278,0.99158,68.2418,7.75961,16.3432,True
B,B:C3M0032120Kx2@12k/r0.30,C3M0032120K,2,12.5,0.3,376.657,00Y8044E060,3,37,2.41902,0.991625,0.992337,0.990998,68.7367,7.75961,16.6063,True
B,B:C3M0032120Kx2@12k/r0.45,C3M0032120K,2,12.5,0.45,251.105,00Y8044E060,2,37,1.74212,0.991907,0.992567,0.9913,68.7367,7.75961,16.3693,True
B,B:C3M0032120Kx2@12k/r0.60,C3M0032120K,2,12.5,0.6,194.739,00Y8044E026,2,35,1.7048,0.991977,0.992632,0.991374,68.7367,7.75961,16.3563,True
B,B:C3M0032120Kx2@12k/r0.80,C3M0032120K,2,12.5,0.8,139.216,00Y8044E026,2,29,1.59284,0.992186,0.992778,0.991598,68.7367,7.75961,16.3171,True
B,B:C3M0032120Kx2@16k/r0.30,C3M0032120K,2,16,0.3,292.108,00Y8044E026,3,35,2.37354,0.99147,0.992238,0.990893,69.4362,7.75961,15.9903,True
B,B:C3M0032120Kx2@16k/r0.45,C3M0032120K,2,16,0.45,194.739,00Y8044E026,2,35,1.7048,0.991738,0.992463,0.991179,69.4362,7.75961,15.7563,True
B,B:C3M0032120Kx2@16k/r0.60,C3M0032120K,2,16,0.6,148.043,00Y8044E026,2,30,1.6115,0.991914,0.9926,0.991365,69.4362,7.75961,15.7236,True
B,B:C3M0032120Kx2@16k/r0.80,C3M0032120K,2,16,0.8,112.237,00Y8044E026,1,38,1.0798,0.991925,0.992576,0.991377,69.4362,7.75961,15.5375,True
B,B:C3M0032120Kx2@20k/r0.30,C3M0032120K,2,20,0.3,234.62,00Y8044E026,2,39,1.77944,0.991323,0.992144,0.990818,70.2457,7.75961,15.7824,True
B,B:C3M0032120Kx2@20k/r0.45,C3M0032120K,2,20,0.45,157.053,00Y8044E026,2,31,1.63016,0.991606,0.992381,0.991116,70.2457,7.75961,15.7302,True
B,B:C3M0032120Kx2@20k/r0.60,C3M0032120K,2,20,0.6,117.31,00Y8044E026,1,39,1.09438,0.991624,0.992378,0.991136,70.2457,7.75961,15.5426,True
B,B:C3M0032120Kx2@20k/r0.80,C3M0032120K,2,20,0.8,87.7926,00Y8044E026,1,33,1.00691,0.99179,0.99249,0.991311,70.2457,7.75961,15.512,True
B,B:C3M0032120Kx2@25k/r0.30,C3M0032120K,2,25,0.3,194.739,00Y8044E026,2,35,1.7048,0.991117,0.992007,0.990699,71.2744,7.75961,15.7563,True
B,B:C3M0032120Kx2@25k/r0.45,C3M0032120K,2,25,0.45,130.581,00Y8044E026,2,28,1.57418,0.991367,0.992216,0.99096,71.2744,7.75961,15.7106,True
B,B:C3M0032120Kx2@25k/r0.60,C3M0032120K,2,25,0.6,97.3693,00Y8044E026,1,35,1.03607,0.99139,0.99222,0.990984,71.2744,7.75961,15.5222,True
B,B:C3M0032120Kx2@25k/r0.80,C3M0032120K,2,25,0.8,69.608,00Y8044E026,1,29,0.9486,0.991557,0.992329,0.991159,71.2744,7.75961,15.4916,True
B,B:C3M0032120Kx2@32k/r0.30,C3M0032120K,2,32,0.3,148.043,00Y8044E026,2,30,1.6115,0.990794,0.991769,0.990472,72.7449,7.75961,15.1236,True
B,B:C3M0032120Kx2@32k/r0.45,C3M0032120K,2,32,0.45,97.3693,00Y8044E026,1,35,1.03607,0.99089,0.991842,0.99057,72.7449,7.75961,14.9222,True
B,B:C3M0032120Kx2@32k/r0.60,C3M0032120K,2,32,0.6,74.0216,00Y8044E026,1,30,0.963177,0.991031,0.991949,0.990716,72.7449,7.75961,14.8967,True
B,B:C3M0032120Kx2@32k/r0.80,C3M0032120K,2,32,0.8,56.9622,00Y8044E026,1,26,0.904867,0.991144,0.992021,0.990832,72.7449,7.75961,14.8763,True
B,B:C3M0032120Kx2@40k/r0.30,C3M0032120K,2,40,0.3,117.31,00Y8044E026,1,39,1.09438,0.990198,0.991322,0.990013,74.4819,7.75961,14.9426,True
B,B:C3M0032120Kx2@40k/r0.45,C3M0032120K,2,40,0.45,78.5266,00Y8044E026,1,31,0.977755,0.990428,0.991512,0.990246,74.4819,7.75961,14.9018,True
B,B:C3M0032120Kx2@40k/r0.60,C3M0032120K,2,40,0.6,61.0737,00Y8044E026,1,27,0.919445,0.990542,0.991598,0.990362,74.4819,7.75961,14.8814,True
B,B:C3M0032120Kx2@40k/r0.80,C3M0032120K,2,40,0.8,45.3048,00Y8044E026,1,23,0.861134,0.990657,0.99167,0.990478,74.4819,7.75961,14.861,True
B,B:C3M0032120Kx2@50k/r0.30,C3M0032120K,2,50,0.3,97.3693,00Y8044E026,1,35,1.03607,0.989563,0.990867,0.989563,76.8274,7.75961,14.9222,True
B,B:C3M0032120Kx2@50k/r0.45,C3M0032120K,2,50,0.45,65.2905,00Y8044E026,1,28,0.934022,0.989767,0.991037,0.989767,76.8274,7.75961,14.8865,True
B,B:C3M0032120Kx2@50k/r0.60,C3M0032120K,2,50,0.6,49.0732,00Y8044E026,1,24,0.875712,0.989884,0.991126,0.989884,76.8274,7.75961,14.8661,True
B,B:C3M0032120Kx2@50k/r0.80,C3M0032120K,2,50,0.8,34.7559,00Y8044E026,1,20,0.817402,0.990002,0.991199,0.990002,76.8274,7.75961,14.8457,True
C,C:C3M0016120Kx1@20k/r0.30,C3M0016120K,1,20,0.3,469.508,00Y8044E060,4,35,6.09157,0.987906,0.988978,0.987011,85.343,8,15.9321,True
C,C:C3M0016120Kx1@20k/r0.45,C3M0016120K,1,20,0.45,314.346,00Y8044E060,3,32,4.62285,0.988709,0.989545,0.987577,85.343,8,15.418,True
C,C:C3M0016120Kx1@20k/r0.60,C3M0016120K,1,20,0.6,234.754,00Y8044E060,2,35,3.42905,0.98893,0.989664,0.987619,85.343,8,15.0002,True
C,C:C3M0016120Kx1@20k/r0.80,C3M0016120K,1,20,0.8,175.585,00Y8044E026,2,33,3.36738,0.98911,0.989827,0.987812,85.343,8,16.1786,True
C,C:C3M0016120Kx1@25k/r0.30,C3M0016120K,1,25,0.3,376.657,00Y8044E060,3,37,4.84434,0.987718,0.988875,0.986958,87.6136,8,15.4955,True
C,C:C3M0016120Kx1@25k/r0.45,C3M0016120K,1,25,0.45,251.105,00Y8044E060,2,37,3.49584,0.988301,0.989261,0.987321,87.6136,8,15.0235,True
C,C:C3M0016120Kx1@25k/r0.60,C3M0016120K,1,25,0.6,194.739,00Y8044E026,2,35,3.42905,0.988458,0.989434,0.987549,87.6136,8,15.0002,True
C,C:C3M0016120Kx1@25k/r0.80,C3M0016120K,1,25,0.8,139.216,00Y8044E026,2,29,3.21417,0.9889,0.989614,0.987611,87.6136,8,14.925,True
C,C:C3M0016120Kx1@32k/r0.30,C3M0016120K,1,32,0.3,301.522,00Y8044E060,3,31,4.57041,0.987449,0.988694,0.986815,90.8779,8,15.3996,True
C,C:C3M0016120Kx1@32k/r0.45,C3M0016120K,1,32,0.45,194.739,00Y8044E026,2,35,3.42058,0.987659,0.988907,0.987086,90.8779,8,14.9972,True
C,C:C3M0016120Kx1@32k/r0.60,C3M0016120K,1,32,0.6,148.043,00Y8044E026,2,30,3.23967,0.988029,0.98913,0.987277,90.8779,8,14.9339,True
C,C:C3M0016120Kx1@32k/r0.80,C3M0016120K,1,32,0.8,112.237,00Y8044E026,1,38,2.18876,0.988075,0.989008,0.987021,90.8779,8,14.5661,True
C,C:C3M0016120Kx1@40k/r0.30,C3M0016120K,1,40,0.3,234.754,00Y8044E060,2,35,3.41449,0.986727,0.988157,0.986291,94.7356,8,14.9951,True
C,C:C3M0016120Kx1@40k/r0.45,C3M0016120K,1,40,0.45,157.053,00Y8044E026,2,31,3.27004,0.987028,0.988452,0.986659,94.7356,8,14.9445,True
C,C:C3M0016120Kx1@40k/r0.60,C3M0016120K,1,40,0.6,117.31,00Y8044E026,1,39,2.20568,0.987081,0.988404,0.986541,94.7356,8,14.572,True
C,C:C3M0016120Kx1@40k/r0.80,C3M0016120K,1,40,0.8,87.7926,00Y8044E026,1,33,2.03914,0.987438,0.988538,0.986573,94.7356,8,14.5137,True
C,C:C3M0016120Kx1@50k/r0.30,C3M0016120K,1,50,0.3,192.402,00Y8044E060,2,30,3.22719,0.985905,0.987528,0.985658,99.7587,8,14.9295,True
C,C:C3M0016120Kx1@50k/r0.45,C3M0016120K,1,50,0.45,130.581,00Y8044E026,2,28,3.15714,0.986062,0.987743,0.985968,99.7587,8,14.905,True
C,C:C3M0016120Kx1@50k/r0.60,C3M0016120K,1,50,0.6,97.3693,00Y8044E026,1,35,2.08732,0.986124,0.987716,0.985886,99.7587,8,14.5306,True
C,C:C3M0016120Kx1@50k/r0.80,C3M0016120K,1,50,0.8,69.608,00Y8044E026,1,29,1.91945,0.986486,0.987841,0.9859,99.7587,8,14.4718,True
C,C:C3M0016120Kx2@20k/r0.30,C3M0016120K,2,20,0.3,469.508,00Y8044E060,4,35,6.09157,0.991354,0.991909,0.990455,58.8115,16,23.9321,True
C,C:C3M0016120Kx2@20k/r0.45,C3M0016120K,2,20,0.45,314.346,00Y8044E060,3,32,4.62285,0.992041,0.992505,0.991072,58.8115,16,23.418,True
C,C:C3M0016120Kx2@20k/r0.60,C3M0016120K,2,20,0.6,234.754,00Y8044E060,2,35,3.42905,0.992165,0.99266,0.991179,58.8115,16,23.0002,True
C,C:C3M0016120Kx2@20k/r0.80,C3M0016120K,2,20,0.8,175.585,00Y8044E026,2,33,3.36738,0.992436,0.992886,0.991492,58.8115,16,24.1786,True
C,C:C3M0016120Kx2@25k/r0.30,C3M0016120K,2,25,0.3,376.657,00Y8044E060,3,37,4.84434,0.99124,0.99183,0.990422,60.0348,16,23.4955,True
C,C:C3M0016120Kx2@25k/r0.45,C3M0016120K,2,25,0.45,251.105,00Y8044E060,2,37,3.49584,0.991827,0.992246,0.990838,60.0348,16,23.0235,True
C,C:C3M0016120Kx2@25k/r0.60,C3M0016120K,2,25,0.6,194.739,00Y8044E026,2,35,3.42905,0.991985,0.99245,0.991123,60.0348,16,23.0002,True
C,C:C3M0016120Kx2@25k/r0.80,C3M0016120K,2,25,0.8,139.216,00Y8044E026,2,29,3.21417,0.992307,0.992705,0.991327,60.0348,16,22.925,True
C,C:C3M0016120Kx2@32k/r0.30,C3M0016120K,2,32,0.3,301.522,00Y8044E060,3,31,4.57041,0.99108,0.991684,0.990309,61.7799,16,23.3996,True
C,C:C3M0016120Kx2@32k/r0.45,C3M0016120K,2,32,0.45,194.739,00Y8044E026,2,35,3.42058,0.991292,0.99193,0.990638,61.7799,16,22.9972,True
C,C:C3M0016120Kx2@32k/r0.60,C3M0016120K,2,32,0.6,148.043,00Y8044E026,2,30,3.23967,0.991665,0.99219,0.990898,61.7799,16,22.9339,True
C,C:C3M0016120Kx2@32k/r0.80,C3M0016120K,2,32,0.8,112.237,00Y8044E026,1,38,2.18876,0.991711,0.992132,0.990761,61.7799,16,22.5661,True
C,C:C3M0016120Kx2@40k/r0.30,C3M0016120K,2,40,0.3,234.754,00Y8044E060,2,35,3.41449,0.990491,0.991196,0.989829,63.916,16,22.9951,True
C,C:C3M0016120Kx2@40k/r0.45,C3M0016120K,2,40,0.45,157.053,00Y8044E026,2,31,3.27004,0.990794,0.991522,0.990255,63.822,16,22.9445,True
C,C:C3M0016120Kx2@40k/r0.60,C3M0016120K,2,40,0.6,117.31,00Y8044E026,1,39,2.20568,0.990847,0.991515,0.99021,63.822,16,22.572,True
C,C:C3M0016120Kx2@40k/r0.80,C3M0016120K,2,40,0.8,87.7926,00Y8044E026,1,33,2.03914,0.991207,0.991724,0.990384,63.822,16,22.5137,True
C,C:C3M0016120Kx2@50k/r0.30,C3M0016120K,2,50,0.3,192.402,00Y8044E060,2,30,3.22719,0.98985,0.990632,0.989257,67.1285,16,22.9295,True
C,C:C3M0016120Kx2@50k/r0.45,C3M0016120K,2,50,0.45,130.581,00Y8044E026,2,28,3.15714,0.990009,0.990879,0.989623,66.685,16,22.905,True
C,C:C3M0016120Kx2@50k/r0.60,C3M0016120K,2,50,0.6,97.3693,00Y8044E026,1,35,2.08732,0.990071,0.990892,0.989612,66.4494,16,22.5306,True
C,C:C3M0016120Kx2@50k/r0.80,C3M0016120K,2,50,0.8,69.608,00Y8044E026,1,29,1.91945,0.990436,0.991107,0.989797,66.4494,16,22.4718,True
C,C:C3M0021120Kx1@20k/r0.30,C3M0021120K,1,20,0.3,469.508,00Y8044E060,4,35,6.09157,0.985507,0.987037,0.984757,103.759,5.56833,13.5004,True
C,C:C3M0021120Kx1@20k/r0.45,C3M0021120K,1,20,0.45,314.346,00Y8044E060,3,32,4.62285,0.986306,0.987589,0.985298,103.759,5.56833,12.9863,True
C,C:C3M0021120Kx1@20k/r0.60,C3M0021120K,1,20,0.6,234.754,00Y8044E060,2,35,3.42905,0.986599,0.987689,0.985304,103.759,5.56833,12.5685,True
C,C:C3M0021120Kx1@20k/r0.80,C3M0021120K,1,20,0.8,175.585,00Y8044E026,2,33,3.36738,0.986769,0.987809,0.985414,103.759,5.56833,13.7469,True
C,C:C3M0021120Kx1@25k/r0.30,C3M0021120K,1,25,0.3,376.657,00Y8044E060,3,37,4.84434,0.985263,0.986926,0.984705,106.622,5.56833,13.0639,True
C,C:C3M0021120Kx1@25k/r0.45,C3M0021120K,1,25,0.45,251.105,00Y8044E060,2,37,3.49584,0.985844,0.987299,0.985045,106.622,5.56833,12.5919,True
C,C:C3M0021120Kx1@25k/r0.60,C3M0021120K,1,25,0.6,194.739,00Y8044E026,2,35,3.42905,0.985999,0.987455,0.985242,106.622,5.56833,12.5685,True
C,C:C3M0021120Kx1@25k/r0.80,C3M0021120K,1,25,0.8,139.216,00Y8044E026,2,29,3.21417,0.986439,0.987588,0.985212,106.622,5.56833,12.4933,True
C,C:C3M0021120Kx1@32k/r0.30,C3M0021120K,1,32,0.3,301.522,00Y8044E060,3,31,4.57041,0.984912,0.986732,0.984564,110.754,5.56833,12.968,True
C,C:C3M0021120Kx1@32k/r0.45,C3M0021120K,1,32,0.45,194.739,00Y8044E026,2,35,3.42058,0.985121,0.986933,0.984813,110.754,5.56833,12.5655,True
C,C:C3M0021120Kx1@32k/r0.60,C3M0021120K,1,32,0.6,148.043,00Y8044E026,2,30,3.23967,0.985489,0.987139,0.984973,110.754,5.56833,12.5022,True
C,C:C3M0021120Kx1@32k/r0.80,C3M0021120K,1,32,0.8,112.237,00Y8044E026,1,38,2.18876,0.985535,0.98698,0.98464,110.754,5.56833,12.1344,True
C,C:C3M0021120Kx1@40k/r0.30,C3M0021120K,1,40,0.3,234.754,00Y8044E060,2,35,3.41449,0.984092,0.986181,0.984041,115.66,5.56833,12.5634,True
C,C:C3M0021120Kx1@40k/r0.45,C3M0021120K,1,40,0.45,157.053,00Y8044E026,2,31,3.27004,0.984391,0.986465,0.984391,115.66,5.56833,12.5128,True
C,C:C3M0021120Kx1@40k/r0.60,C3M0021120K,1,40,0.6,117.31,00Y8044E026,1,39,2.20568,0.984444,0.986401,0.984243,115.66,5.56833,12.1403,True
C,C:C3M0021120Kx1@40k/r0.80,C3M0021120K,1,40,0.8,87.7926,00Y8044E026,1,33,2.03914,0.984799,0.986492,0.984186,115.66,5.56833,12.082,True
C,C:C3M0021120Kx1@50k/r0.30,C3M0021120K,1,50,0.3,192.402,00Y8044E060,2,30,3.22719,0.983136,0.985528,0.983136,122.085,5.56833,12.4979,True
C,C:C3M0021120Kx1@50k/r0.45,C3M0021120K,1,50,0.45,130.581,00Y8044E026,2,28,3.15714,0.983293,0.985736,0.983293,122.085,5.56833,12.4733,True
C,C:C3M0021120Kx1@50k/r0.60,C3M0021120K,1,50,0.6,97.3693,00Y8044E026,1,35,2.08732,0.983354,0.985696,0.983354,122.085,5.56833,12.0989,True
C,C:C3M0021120Kx1@50k/r0.80,C3M0021120K,1,50,0.8,69.608,00Y8044E026,1,29,1.91945,0.983714,0.985771,0.983509,122.085,5.56833,12.0401,True
C,C:C3M0021120Kx2@20k/r0.30,C3M0021120K,2,20,0.3,469.508,00Y8044E060,4,35,6.09157,0.990608,0.99125,0.989669,62.6622,11.1367,19.0687,True
C,C:C3M0021120Kx2@20k/r0.45,C3M0021120K,2,20,0.45,314.346,00Y8044E060,3,32,4.62285,0.991301,0.991833,0.990264,62.6622,11.1367,18.5547,True
C,C:C3M0021120Kx2@20k/r0.60,C3M0021120K,2,20,0.6,234.754,00Y8044E060,2,35,3.42905,0.991403,0.991973,0.990344,62.6622,11.1367,18.1368,True
C,C:C3M0021120Kx2@20k/r0.80,C3M0021120K,2,20,0.8,175.585,00Y8044E026,2,33,3.36738,0.991639,0.992174,0.990608,62.6622,11.1367,19.3152,True
C,C:C3M0021120Kx2@25k/r0.30,C3M0021120K,2,25,0.3,376.657,00Y8044E060,3,37,4.84434,0.990525,0.991205,0.989678,63.8972,11.1367,18.6322,True
C,C:C3M0021120Kx2@25k/r0.45,C3M0021120K,2,25,0.45,251.105,00Y8044E060,2,37,3.49584,0.991112,0.991606,0.990068,63.8972,11.1367,18.1602,True
C,C:C3M0021120Kx2@25k/r0.60,C3M0021120K,2,25,0.6,194.739,00Y8044E026,2,35,3.42905,0.991269,0.991797,0.990327,63.8972,11.1367,18.1368,True
C,C:C3M0021120Kx2@25k/r0.80,C3M0021120K,2,25,0.8,139.216,00Y8044E026,2,29,3.21417,0.991534,0.99202,0.99047,63.8972,11.1367,18.0616,True
C,C:C3M0021120Kx2@32k/r0.30,C3M0021120K,2,32,0.3,301.522,00Y8044E060,3,31,4.57041,0.990411,0.991109,0.989626,65.6588,11.1367,18.5363,True
C,C:C3M0021120Kx2@32k/r0.45,C3M0021120K,2,32,0.45,194.739,00Y8044E026,2,35,3.42058,0.990622,0.991337,0.989921,65.6588,11.1367,18.1339,True
C,C:C3M0021120Kx2@32k/r0.60,C3M0021120K,2,32,0.6,148.043,00Y8044E026,2,30,3.23967,0.990995,0.991579,0.990147,65.6588,11.1367,18.0706,True
C,C:C3M0021120Kx2@32k/r0.80,C3M0021120K,2,32,0.8,112.237,00Y8044E026,1,38,2.18876,0.991041,0.991491,0.989953,65.6588,11.1367,17.7027,True
C,C:C3M0021120Kx2@40k/r0.30,C3M0021120K,2,40,0.3,234.754,00Y8044E060,2,35,3.41449,0.989874,0.990678,0.989212,67.7202,11.1367,18.1317,True
C,C:C3M0021120Kx2@40k/r0.45,C3M0021120K,2,40,0.45,157.053,00Y8044E026,2,31,3.27004,0.990177,0.990985,0.989602,67.7202,11.1367,18.0812,True
C,C:C3M0021120Kx2@40k/r0.60,C3M0021120K,2,40,0.6,117.31,00Y8044E026,1,39,2.20568,0.99023,0.990955,0.989515,67.7202,11.1367,17.7087,True
C,C:C3M0021120Kx2@40k/r0.80,C3M0021120K,2,40,0.8,87.7926,00Y8044E026,1,33,2.03914,0.99059,0.991127,0.989615,67.7202,11.1367,17.6504,True
C,C:C3M0021120Kx2@50k/r0.30,C3M0021120K,2,50,0.3,192.402,00Y8044E060,2,30,3.22719,0.989301,0.99019,0.98873,70.3718,11.1367,18.0662,True
C,C:C3M0021120Kx2@50k/r0.45,C3M0021120K,2,50,0.45,130.581,00Y8044E026,2,28,3.15714,0.98946,0.990414,0.989054,70.3718,11.1367,18.0417,True
C,C:C3M0021120Kx2@50k/r0.60,C3M0021120K,2,50,0.6,97.3693,00Y8044E026,1,35,2.08732,0.989522,0.990402,0.988997,70.3718,11.1367,17.6672,True
C,C:C3M0021120Kx2@50k/r0.80,C3M0021120K,2,50,0.8,69.608,00Y8044E026,1,29,1.91945,0.989886,0.990568,0.989083,70.3718,11.1367,17.6085,True
C,C:C3M0032120Kx1@20k/r0.30,C3M0032120K,1,20,0.3,469.508,00Y8044E060,4,35,6.09157,0.976956,0.981116,0.976956,166.264,3.8798,11.8119,False
C,C:C3M0032120Kx1@20k/r0.45,C3M0032120K,1,20,0.45,314.346,00Y8044E060,3,32,4.62285,0.977742,0.981582,0.977742,166.264,3.8798,11.2978,False
C,C:C3M0032120Kx1@20k/r0.60,C3M0032120K,1,20,0.6,234.754,00Y8044E060,2,35,3.42905,0.97803,0.981562,0.97803,166.264,3.8798,10.88,False
C,C:C3M0032120Kx1@20k/r0.80,C3M0032120K,1,20,0.8,175.585,00Y8044E026,2,33,3.36738,0.978196,0.981467,0.978159,166.264,3.8798,12.0584,False
C,C:C3M0032120Kx1@25k/r0.30,C3M0032120K,1,25,0.3,376.657,00Y8044E060,3,37,4.84434,0.976453,0.980985,0.976453,171.114,3.8798,11.3753,False
C,C:C3M0032120Kx1@25k/r0.45,C3M0032120K,1,25,0.45,251.105,00Y8044E060,2,37,3.49584,0.977024,0.98127,0.977024,171.114,3.8798,10.9033,False
C,C:C3M0032120Kx1@25k/r0.60,C3M0032120K,1,25,0.6,194.739,00Y8044E026,2,35,3.42905,0.977177,0.981323,0.977177,171.114,3.8798,10.88,False
C,C:C3M0032120Kx1@25k/r0.80,C3M0032120K,1,25,0.8,139.216,00Y8044E026,2,29,3.21417,0.977609,0.98121,0.977609,171.114,3.8798,10.8048,False
C,C:C3M0032120Kx1@32k/r0.30,C3M0032120K,1,32,0.3,301.522,00Y8044E060,3,31,4.57041,0.975714,0.980761,0.975714,178.227,3.8798,11.2794,False
C,C:C3M0032120Kx1@32k/r0.45,C3M0032120K,1,32,0.45,194.739,00Y8044E026,2,35,3.42058,0.975919,0.980868,0.975919,178.227,3.8798,10.877,False
C,C:C3M0032120Kx1@32k/r0.60,C3M0032120K,1,32,0.6,148.043,00Y8044E026,2,30,3.23967,0.976281,0.980952,0.976281,178.227,3.8798,10.8137,False
C,C:C3M0032120Kx1@32k/r0.80,C3M0032120K,1,32,0.8,112.237,00Y8044E026,1,38,2.18876,0.976325,0.980593,0.976325,178.227,3.8798,10.4459,False
C,C:C3M0032120Kx1@40k/r0.30,C3M0032120K,1,40,0.3,234.754,00Y8044E060,2,35,3.41449,0.974419,0.980161,0.974419,186.805,3.8798,10.8749,False
C,C:C3M0032120Kx1@40k/r0.45,C3M0032120K,1,40,0.45,157.053,00Y8044E026,2,31,3.27004,0.974712,0.98035,0.974712,186.805,3.8798,10.8243,False
C,C:C3M0032120Kx1@40k/r0.60,C3M0032120K,1,40,0.6,117.31,00Y8044E026,1,39,2.20568,0.974763,0.980157,0.974763,186.805,3.8798,10.4518,False
C,C:C3M0032120Kx1@40k/r0.80,C3M0032120K,1,40,0.8,87.7926,00Y8044E026,1,33,2.03914,0.975112,0.980025,0.975112,186.805,3.8798,10.3935,False
C,C:C3M0032120Kx1@50k/r0.30,C3M0032120K,1,50,0.3,192.402,00Y8044E060,2,30,3.22719,0.972809,0.979438,0.972809,198.288,3.8798,10.8093,False
C,C:C3M0032120Kx1@50k/r0.45,C3M0032120K,1,50,0.45,130.581,00Y8044E026,2,28,3.15714,0.972962,0.979558,0.972962,198.288,3.8798,10.7848,False
C,C:C3M0032120Kx1@50k/r0.60,C3M0032120K,1,50,0.6,97.3693,00Y8044E026,1,35,2.08732,0.973022,0.979392,0.973022,198.288,3.8798,10.4104,False
C,C:C3M0032120Kx1@50k/r0.80,C3M0032120K,1,50,0.8,69.608,00Y8044E026,1,29,1.91945,0.973374,0.979211,0.973374,198.288,3.8798,10.3516,False
C,C:C3M0032120Kx2@20k/r0.30,C3M0032120K,2,20,0.3,469.508,00Y8044E060,4,35,6.09157,0.989115,0.990012,0.988178,70.2457,7.75961,15.6917,True
C,C:C3M0032120Kx2@20k/r0.45,C3M0032120K,2,20,0.45,314.346,00Y8044E060,3,32,4.62285,0.989892,0.990581,0.988746,70.2457,7.75961,15.1776,True
C,C:C3M0032120Kx2@20k/r0.60,C3M0032120K,2,20,0.6,234.754,00Y8044E060,2,35,3.42905,0.989968,0.990703,0.988793,70.2457,7.75961,14.7598,True
C,C:C3M0032120Kx2@20k/r0.80,C3M0032120K,2,20,0.8,175.585,00Y8044E026,2,33,3.36738,0.99016,0.990874,0.989001,70.2457,7.75961,15.9382,True
C,C:C3M0032120Kx2@25k/r0.30,C3M0032120K,2,25,0.3,376.657,00Y8044E060,3,37,4.84434,0.989115,0.990076,0.988312,71.2744,7.75961,15.2551,True
C,C:C3M0032120Kx2@25k/r0.45,C3M0032120K,2,25,0.45,251.105,00Y8044E060,2,37,3.49584,0.9897,0.990461,0.988675,71.2744,7.75961,14.7832,True
C,C:C3M0032120Kx2@25k/r0.60,C3M0032120K,2,25,0.6,194.739,00Y8044E026,2,35,3.42905,0.989857,0.990636,0.988903,71.2744,7.75961,14.7598,True
C,C:C3M0032120Kx2@25k/r0.80,C3M0032120K,2,25,0.8,139.216,00Y8044E026,2,29,3.21417,0.990156,0.990823,0.988981,71.2744,7.75961,14.6846,True
C,C:C3M0032120Kx2@32k/r0.30,C3M0032120K,2,32,0.3,301.522,00Y8044E060,3,31,4.57041,0.989117,0.990133,0.98844,72.7449,7.75961,15.1593,True
C,C:C3M0032120Kx2@32k/r0.45,C3M0032120K,2,32,0.45,194.739,00Y8044E026,2,35,3.42058,0.989329,0.990343,0.988704,72.7449,7.75961,14.7568,True
C,C:C3M0032120Kx2@32k/r0.60,C3M0032120K,2,32,0.6,148.043,00Y8044E026,2,30,3.23967,0.9897,0.990566,0.988894,72.7449,7.75961,14.6935,True
C,C:C3M0032120Kx2@32k/r0.80,C3M0032120K,2,32,0.8,112.237,00Y8044E026,1,38,2.18876,0.989746,0.990448,0.988645,72.7449,7.75961,14.3257,True
C,C:C3M0032120Kx2@40k/r0.30,C3M0032120K,2,40,0.3,234.754,00Y8044E060,2,35,3.41449,0.988717,0.989878,0.988234,74.4819,7.75961,14.7547,True
C,C:C3M0032120Kx2@40k/r0.45,C3M0032120K,2,40,0.45,157.053,00Y8044E026,2,31,3.27004,0.98902,0.990167,0.988591,74.4819,7.75961,14.7041,True
C,C:C3M0032120Kx2@40k/r0.60,C3M0032120K,2,40,0.6,117.31,00Y8044E026,1,39,2.20568,0.989072,0.990116,0.988463,74.4819,7.75961,14.3316,True
C,C:C3M0032120Kx2@40k/r0.80,C3M0032120K,2,40,0.8,87.7926,00Y8044E026,1,33,2.03914,0.989432,0.990253,0.9885,74.4819,7.75961,14.2733,True
C,C:C3M0032120Kx2@50k/r0.30,C3M0032120K,2,50,0.3,192.402,00Y8044E060,2,30,3.22719,0.988311,0.989612,0.988018,76.8274,7.75961,14.6891,True
C,C:C3M0032120Kx2@50k/r0.45,C3M0032120K,2,50,0.45,130.581,00Y8044E026,2,28,3.15714,0.988469,0.989819,0.98831,76.8274,7.75961,14.6646,True
C,C:C3M0032120Kx2@50k/r0.60,C3M0032120K,2,50,0.6,97.3693,00Y8044E026,1,35,2.08732,0.988531,0.989785,0.98821,76.8274,7.75961,14.2902,True
C,C:C3M0032120Kx2@50k/r0.80,C3M0032120K,2,50,0.8,69.608,00Y8044E026,1,29,1.91945,0.988894,0.989908,0.988219,76.8274,7.75961,14.2314,True
Cm,Cm:CAB011M12FM3x1@20k/r0.30,CAB011M12FM3,1,20,0.3,469.508,00Y8044E060,4,35,6.09157,0.988707,0.990106,0.988541,74.0283,14.8801,22.8121,True
Cm,Cm:CAB011M12FM3x1@20k/r0.45,CAB011M12FM3,1,20,0.45,314.346,00Y8044E060,3,32,4.62285,0.989511,0.990685,0.989128,74.0283,14.8801,22.2981,True
Cm,Cm:CAB011M12FM3x1@20k/r0.60,CAB011M12FM3,1,20,0.6,234.754,00Y8044E060,2,35,3.42905,0.989806,0.990819,0.989197,74.0283,14.8801,21.8803,True
Cm,Cm:CAB011M12FM3x1@20k/r0.80,CAB011M12FM3,1,20,0.8,175.585,00Y8044E026,2,33,3.36738,0.989977,0.991011,0.989446,74.0283,14.8801,23.0587,True
Cm,Cm:CAB011M12FM3x1@25k/r0.30,CAB011M12FM3,1,25,0.3,376.657,00Y8044E060,3,37,4.84434,0.988339,0.989961,0.988339,76.4896,14.8801,22.3756,True
Cm,Cm:CAB011M12FM3x1@25k/r0.45,CAB011M12FM3,1,25,0.45,251.105,00Y8044E060,2,37,3.49584,0.988923,0.990358,0.988876,76.4896,14.8801,21.9036,True
Cm,Cm:CAB011M12FM3x1@25k/r0.60,CAB011M12FM3,1,25,0.6,194.739,00Y8044E026,2,35,3.42905,0.98908,0.990544,0.98908,76.4896,14.8801,21.8803,True
Cm,Cm:CAB011M12FM3x1@25k/r0.80,CAB011M12FM3,1,25,0.8,139.216,00Y8044E026,2,29,3.21417,0.989522,0.990758,0.989254,76.4896,14.8801,21.8051,True
Cm,Cm:CAB011M12FM3x1@32k/r0.30,CAB011M12FM3,1,32,0.3,301.522,00Y8044E060,3,31,4.57041,0.987813,0.98972,0.987813,80.0017,14.8801,22.2797,True
Cm,Cm:CAB011M12FM3x1@32k/r0.45,CAB011M12FM3,1,32,0.45,194.739,00Y8044E026,2,35,3.42058,0.988024,0.989945,0.988024,80.0017,14.8801,21.8773,True
Cm,Cm:CAB011M12FM3x1@32k/r0.60,CAB011M12FM3,1,32,0.6,148.043,00Y8044E026,2,30,3.23967,0.988394,0.990182,0.988394,80.0017,14.8801,21.814,True
Cm,Cm:CAB011M12FM3x1@32k/r0.80,CAB011M12FM3,1,32,0.8,112.237,00Y8044E026,1,38,2.18876,0.988439,0.990089,0.988439,80.0017,14.8801,21.4462,True
Cm,Cm:CAB011M12FM3x1@40k/r0.30,CAB011M12FM3,1,40,0.3,234.754,00Y8044E060,2,35,3.41449,0.986788,0.989117,0.986788,84.1134,14.8801,21.8752,True
Cm,Cm:CAB011M12FM3x1@40k/r0.45,CAB011M12FM3,1,40,0.45,157.053,00Y8044E026,2,31,3.27004,0.987089,0.989422,0.987089,84.1134,14.8801,21.8246,True
Cm,Cm:CAB011M12FM3x1@40k/r0.60,CAB011M12FM3,1,40,0.6,117.31,00Y8044E026,1,39,2.20568,0.987142,0.989389,0.987142,84.1134,14.8801,21.4521,True
Cm,Cm:CAB011M12FM3x1@40k/r0.80,CAB011M12FM3,1,40,0.8,87.7926,00Y8044E026,1,33,2.03914,0.9875,0.989556,0.9875,84.1134,14.8801,21.3938,True
Cm,Cm:CAB011M12FM3x1@50k/r0.30,CAB011M12FM3,1,50,0.3,192.402,00Y8044E060,2,30,3.22719,0.985575,0.988405,0.985575,89.4059,14.8801,21.8096,True
Cm,Cm:CAB011M12FM3x1@50k/r0.45,CAB011M12FM3,1,50,0.45,130.581,00Y8044E026,2,28,3.15714,0.985732,0.98863,0.985732,89.4059,14.8801,21.7851,True
Cm,Cm:CAB011M12FM3x1@50k/r0.60,CAB011M12FM3,1,50,0.6,97.3693,00Y8044E026,1,35,2.08732,0.985793,0.988616,0.985793,89.4059,14.8801,21.4107,True
Cm,Cm:CAB011M12FM3x1@50k/r0.80,CAB011M12FM3,1,50,0.8,69.608,00Y8044E026,1,29,1.91945,0.986155,0.988778,0.986155,89.4059,14.8801,21.3519,True
X12,X12:C3M0016120Kx1@20k/r0.30,C3M0016120K,1,20,0.3,964.105,00X114LE060,2,37,4.6858,0.99152,0.992294,0.990322,90.9871,4,8.84003,True
X12,X12:C3M0016120Kx1@20k/r0.45,C3M0016120K,1,20,0.45,643.109,00Y114LE040,2,36,4.45211,0.992725,0.99313,0.991825,90.9871,4,8.75824,True
X12,X12:C3M0016120Kx1@20k/r0.60,C3M0016120K,1,20,0.6,469.24,00Y8044E026,4,39,3.16515,0.992728,0.993153,0.991873,90.9871,4,8.3078,True
X12,X12:C3M0016120Kx1@20k/r0.80,C3M0016120K,1,20,0.8,351.93,00Y8044E026,3,39,2.48785,0.992915,0.993329,0.99201,90.9871,4,8.07075,True
X12,X12:C3M0016120Kx1@25k/r0.30,C3M0016120K,1,25,0.3,754.115,00X8044E060,4,38,3.256,0.991266,0.991972,0.990034,97.3906,4,8.3396,True
X12,X12:C3M0016120Kx1@25k/r0.45,C3M0016120K,1,25,0.45,502.21,00Y8044E060,4,37,3.10426,0.992254,0.992669,0.991285,96.5833,4,8.28649,True
X12,X12:C3M0016120Kx1@25k/r0.60,C3M0016120K,1,25,0.6,376.657,00Y8044E060,3,37,2.43155,0.992407,0.992829,0.991408,95.8843,4,8.05104,True
X12,X12:C3M0016120Kx1@25k/r0.80,C3M0016120K,1,25,0.8,292.108,00Y8044E026,3,35,2.39449,0.992644,0.993012,0.991688,95.8843,4,8.03807,True
X12,X12:C3M0016120Kx1@32k/r0.30,C3M0016120K,1,32,0.3,590.173,00Y114LE040,2,34,4.38943,0.991448,0.992023,0.990589,108.032,4,8.1363,True
X12,X12:C3M0016120Kx1@32k/r0.45,C3M0016120K,1,32,0.45,388.7,00Y8044E060,3,38,2.44903,0.991679,0.992134,0.990668,106.822,4,7.45716,True
X12,X12:C3M0016120Kx1@32k/r0.60,C3M0016120K,1,32,0.6,292.108,00Y8044E026,3,35,2.38539,0.991821,0.992347,0.990992,105.733,4,7.43489,True
X12,X12:C3M0016120Kx1@32k/r0.80,C3M0016120K,1,32,0.8,224.475,00Y8044E026,2,38,1.77944,0.992002,0.992434,0.991049,104.536,4,7.22281,True
X12,X12:C3M0016120Kx1@40k/r0.30,C3M0016120K,1,40,0.3,469.508,00Y8044E060,4,35,3.04579,0.990546,0.991187,0.989582,120.872,4,7.66603,True
X12,X12:C3M0016120Kx1@40k/r0.45,C3M0016120K,1,40,0.45,321.661,00Y8044E026,3,37,2.42609,0.990745,0.991455,0.989981,119.373,4,7.44913,True
X12,X12:C3M0016120Kx1@40k/r0.60,C3M0016120K,1,40,0.6,234.62,00Y8044E026,2,39,1.79028,0.990976,0.991625,0.99018,117.711,4,7.2266,True
X12,X12:C3M0016120Kx1@40k/r0.80,C3M0016120K,1,40,0.8,175.585,00Y8044E026,2,33,1.68369,0.991207,0.991748,0.990284,115.858,4,7.18929,True
X12,X12:C3M0016120Kx1@50k/r0.30,C3M0016120K,1,50,0.3,376.657,00Y8044E060,3,37,2.42217,0.989448,0.990197,0.988372,138.224,4,7.44776,True
X12,X12:C3M0016120Kx1@50k/r0.45,C3M0016120K,1,50,0.45,249.355,00Y8044E026,3,32,2.31142,0.989682,0.990509,0.98885,135.859,4,7.409,True
X12,X12:C3M0016120Kx1@50k/r0.60,C3M0016120K,1,50,0.6,194.739,00Y8044E026,2,35,1.71452,0.989838,0.99064,0.989029,133.989,4,7.20008,True
X12,X12:C3M0016120Kx1@50k/r0.80,C3M0016120K,1,50,0.8,139.216,00Y8044E026,2,29,1.60708,0.990072,0.990785,0.989196,130.9,4,7.16248,True
X12,X12:C3M0016120Kx2@20k/r0.30,C3M0016120K,2,20,0.3,964.105,00X114LE060,2,37,4.6858,0.993131,0.99377,0.992086,64.1454,8,12.84,True
X12,X12:C3M0016120Kx2@20k/r0.45,C3M0016120K,2,20,0.45,643.109,00Y114LE040,2,36,4.45211,0.99436,0.994623,0.993619,63.7268,8,12.7582,True
X12,X12:C3M0016120Kx2@20k/r0.60,C3M0016120K,2,20,0.6,469.24,00Y8044E026,4,39,3.16515,0.994425,0.994666,0.993704,63.3267,8,12.3078,True
X12,X12:C3M0016120Kx2@20k/r0.80,C3M0016120K,2,20,0.8,351.93,00Y8044E026,3,39,2.48785,0.994628,0.994879,0.993909,62.8595,8,12.0707,True
X12,X12:C3M0016120Kx2@25k/r0.30,C3M0016120K,2,25,0.3,754.115,00X8044E060,4,38,3.256,0.99292,0.993479,0.991846,67.9329,8,12.3396,True
X12,X12:C3M0016120Kx2@25k/r0.45,C3M0016120K,2,25,0.45,502.21,00Y8044E060,4,37,3.10426,0.993949,0.994194,0.993127,67.3023,8,12.2865,True
X12,X12:C3M0016120Kx2@25k/r0.60,C3M0016120K,2,25,0.6,376.657,00Y8044E060,3,37,2.43155,0.994112,0.994374,0.993285,66.6928,8,12.051,True
X12,X12:C3M0016120Kx2@25k/r0.80,C3M0016120K,2,25,0.8,292.108,00Y8044E026,3,35,2.39449,0.994393,0.994589,0.993627,66.1302,8,12.0381,True
X12,X12:C3M0016120Kx2@32k/r0.30,C3M0016120K,2,32,0.3,590.173,00Y114LE040,2,34,4.38943,0.993343,0.993586,0.992494,73.4024,8,12.1363,True
X12,X12:C3M0016120Kx2@32k/r0.45,C3M0016120K,2,32,0.45,388.7,00Y8044E060,3,38,2.44903,0.993512,0.993714,0.992598,72.5269,8,11.4572,True
X12,X12:C3M0016120Kx2@32k/r0.60,C3M0016120K,2,32,0.6,292.108,00Y8044E026,3,35,2.38539,0.993716,0.993949,0.992955,71.7017,8,11.4349,True
X12,X12:C3M0016120Kx2@32k/r0.80,C3M0016120K,2,32,0.8,224.475,00Y8044E026,2,38,1.77944,0.993899,0.994071,0.99308,70.7303,8,11.2228,True
X12,X12:C3M0016120Kx2@40k/r0.30,C3M0016120K,2,40,0.3,469.508,00Y8044E060,4,35,3.04579,0.992571,0.992831,0.991622,79.8548,8,11.666,True
X12,X12:C3M0016120Kx2@40k/r0.45,C3M0016120K,2,40,0.45,321.661,00Y8044E026,3,37,2.42609,0.992771,0.993115,0.992039,78.8235,8,11.4491,True
X12,X12:C3M0016120Kx2@40k/r0.60,C3M0016120K,2,40,0.6,234.62,00Y8044E026,2,39,1.79028,0.993003,0.993308,0.992269,77.637,8,11.2266,True
X12,X12:C3M0016120Kx2@40k/r0.80,C3M0016120K,2,40,0.8,175.585,00Y8044E026,2,33,1.68369,0.993234,0.993474,0.992452,76.2044,8,11.1893,True
X12,X12:C3M0016120Kx2@50k/r0.30,C3M0016120K,2,50,0.3,376.657,00Y8044E060,3,37,2.42217,0.991666,0.991974,0.990644,88.2567,8,11.4478,True
X12,X12:C3M0016120Kx2@50k/r0.45,C3M0016120K,2,50,0.45,249.355,00Y8044E026,3,32,2.31142,0.991901,0.9923,0.991128,86.7442,8,11.409,True
X12,X12:C3M0016120Kx2@50k/r0.60,C3M0016120K,2,50,0.6,194.739,00Y8044E026,2,35,1.71452,0.992059,0.992446,0.991321,85.515,8,11.2001,True
X12,X12:C3M0016120Kx2@50k/r0.80,C3M0016120K,2,50,0.8,139.216,00Y8044E026,2,29,1.60708,0.992293,0.99264,0.991566,83.3347,8,11.1625,True
