load,va,vb,p,eff,ptot,tj,mode
1,250,250,11250,0.979902,230.739,70.2524,band
1,250,300,11250,0.982227,203.568,65.5537,boost
1,250,350,11250,0.982017,206.009,65.6538,boost
1,250,400,11250,0.981795,208.608,65.7673,boost
1,250,450,11250,0.981581,211.105,65.8788,boost
1,250,500,11250,0.981379,213.458,65.9846,boost
1,250,550,11250,0.981191,215.661,66.0839,boost
1,250,600,11250,0.981014,217.721,66.1765,boost
1,250,650,11250,0.980849,219.65,66.263,boost
1,250,700,11250,0.980695,221.46,66.7852,boost
1,250,750,11250,0.980549,223.165,67.4551,boost
1,250,800,11250,0.980411,224.774,68.0723,boost
1,250,850,11250,0.980281,226.297,68.6451,boost
1,250,900,11250,0.980158,227.743,69.1801,boost
1,250,950,11250,0.98004,229.118,69.6825,boost
1,250,1000,11250,0.979928,230.43,70.1566,boost
1,300,250,11250,0.982206,203.806,66.618,buck
1,300,300,13500,0.982924,234.538,70.8493,band
1,300,350,13500,0.985024,205.248,65.6335,boost
1,300,400,13500,0.984847,207.716,65.7339,boost
1,300,450,13500,0.98465,210.452,65.8523,boost
1,300,500,13500,0.984457,213.149,65.9716,boost
1,300,550,13500,0.984271,215.735,66.087,boost
1,300,600,13500,0.984095,218.184,66.1965,boost
1,300,650,13500,0.98393,220.493,66.2996,boost
1,300,700,13500,0.983774,222.666,66.3963,boost
1,300,750,13500,0.983627,224.711,66.487,boost
1,300,800,13500,0.983489,226.64,67.1447,boost
1,300,850,13500,0.983359,228.462,67.7703,boost
1,300,900,13500,0.983235,230.185,68.3519,boost
1,300,950,13500,0.983118,231.82,68.8955,boost
1,300,1000,13500,0.983007,233.372,69.4061,boost
1,350,250,11250,0.981997,206.245,65.6642,buck
1,350,300,13500,0.985002,205.555,67.4264,buck
1,350,350,15750,0.985108,238.089,71.4144,band
1,350,400,15750,0.987039,206.819,65.8684,boost
1,350,450,15750,0.986885,209.304,65.8082,boost
1,350,500,15750,0.986709,212.159,65.9309,boost
1,350,550,15750,0.98653,215.043,66.0575,boost
1,350,600,15750,0.986357,217.856,66.1822,boost
1,350,650,15750,0.98619,220.555,66.3022,boost
1,350,700,15750,0.986031,223.123,66.4162,boost
1,350,750,15750,0.985881,225.556,66.524,boost
1,350,800,15750,0.985739,227.859,66.6256,boost
1,350,850,15750,0.985605,230.038,66.8918,boost
1,350,900,15750,0.985478,232.1,67.5206,boost
1,350,950,15750,0.985357,234.054,68.1065,boost
1,350,1000,15750,0.985243,235.909,68.655,boost
1,400,250,11250,0.981775,208.84,65.7776,buck
1,400,300,13500,0.984825,208.019,66.2253,buck
1,400,350,15750,0.987016,207.196,68.1263,buck
1,400,400,18000,0.986764,241.441,71.9539,band
1,400,450,18000,0.98856,208.301,66.1696,boost
1,400,500,18000,0.988425,210.793,65.8776,boost
1,400,550,18000,0.988264,213.752,66.0038,boost
1,400,600,18000,0.988099,216.807,66.1372,boost
1,400,650,18000,0.987934,219.837,66.2707,boost
1,400,700,18000,0.987775,222.781,66.401,boost
1,400,750,18000,0.987621,225.61,66.5261,boost
1,400,800,18000,0.987475,228.312,66.6454,boost
1,400,850,18000,0.987336,230.884,66.7585,boost
1,400,900,18000,0.987203,233.329,66.8655,boost
1,400,950,18000,0.987077,235.652,67.313,boost
1,400,1000,18000,0.986958,237.86,67.8998,boost
1,450,250,11250,0.981561,211.331,65.8887,buck
1,450,300,13500,0.984629,210.749,65.8655,buck
1,450,350,15750,0.986862,209.673,67.0442,buck
1,450,400,18000,0.988536,208.749,68.7505,buck
1,450,450,20250,0.988064,244.627,72.472,band
1,450,500,20250,0.98975,209.708,66.4197,boost
1,450,550,20250,0.98963,212.2,65.9429,boost
1,450,600,20250,0.989482,215.247,66.0721,boost
1,450,650,20250,0.989327,218.457,66.2114,boost
1,450,700,20250,0.989171,221.691,66.3533,boost
1,450,750,20250,0.989017,224.872,66.4934,boost
1,450,800,20250,0.988868,227.959,66.6295,boost
1,450,850,20250,0.988725,230.931,66.7602,boost
1,450,900,20250,0.988587,233.779,66.8852,boost
1,450,950,20250,0.988456,236.5,67.004,boost
1,450,1000,20250,0.988331,239.097,67.1398,boost
1,500,250,11250,0.981361,213.675,65.9943,buck
1,500,300,13500,0.984436,213.439,65.9845,buck
1,500,350,15750,0.986686,212.522,66.2799,buck
1,500,400,18000,0.988401,211.231,67.7662,buck
1,500,450,20250,0.989725,210.227,69.3189,buck
1,500,500,22500,0.989112,247.67,72.972,band
1,500,550,22500,0.990707,211.05,66.6313,boost
1,500,600,22500,0.990599,213.535,66.0047,boost
1,500,650,22500,0.990463,216.658,66.1363,boost
1,500,700,22500,0.990317,220.009,66.2809,boost
1,500,750,22500,0.990167,223.433,66.4304,boost
1,500,800,22500,0.990019,226.841,66.5799,boost
1,500,850,22500,0.989873,230.179,66.7266,boost
1,500,900,22500,0.989732,233.418,66.8687,boost
1,500,950,22500,0.989596,236.542,67.0055,boost
1,500,1000,22500,0.989466,239.545,67.1365,boost
1,550,250,11250,0.981173,215.869,66.0931,buck
1,550,300,13500,0.984251,216.015,66.0994,buck
1,550,350,15750,0.986509,215.397,66.0732,buck
1,550,400,18000,0.988241,214.181,67.0573,buck
1,550,450,20250,0.989605,212.706,68.4153,buck
1,550,500,22500,0.990681,211.642,69.8447,buck
1,550,550,24750,0.989977,250.59,73.4562,band
1,550,600,24750,0.991494,212.336,66.8127,boost
1,550,650,24750,0.991396,214.809,66.0634,boost
1,550,700,24750,0.991269,217.995,66.1969,boost
1,550,750,24750,0.991131,221.473,66.3462,boost
1,550,800,24750,0.990988,225.074,66.5027,boost
1,550,850,24750,0.990844,228.696,66.661,boost
1,550,900,24750,0.990702,232.276,66.8178,boost
1,550,950,24750,0.990564,235.777,66.9711,boost
1,550,1000,24750,0.990429,239.176,67.1197,boost
1,600,250,11250,0.980997,217.92,66.1854,buck
1,600,300,13500,0.984076,218.454,66.2085,buck
1,600,350,15750,0.986335,218.2,66.1974,buck
1,600,400,18000,0.988076,217.225,66.5149,buck
1,600,450,20250,0.989458,215.743,67.7556,buck
1,600,500,22500,0.990574,214.111,69.0082,buck
1,600,550,24750,0.991467,213.001,70.337,buck
1,600,600,27000,0.990702,253.4,73.9265,band
1,600,650,27000,0.992152,213.571,66.9699,boost
1,600,700,27000,0.992062,216.028,66.1195,boost
1,600,750,27000,0.991944,219.269,66.2544,boost
1,600,800,27000,0.991813,222.86,66.4078,boost
1,600,850,27000,0.991676,226.625,66.5707,boost
1,600,900,27000,0.991537,230.449,66.7372,boost
1,600,950,27000,0.991398,234.262,66.9037,boost
1,600,1000,27000,0.991262,238.017,67.0677,boost
1,650,250,11250,0.980833,219.84,66.2715,buck
1,650,300,13500,0.983911,220.753,66.3112,buck
1,650,350,15750,0.986169,220.887,66.3169,buck
1,650,400,18000,0.987912,220.243,66.2888,buck
1,650,450,20250,0.989304,218.941,67.2416,buck
1,650,500,22500,0.990438,217.221,68.3915,buck
1,650,550,24750,0.99137,215.455,69.5562,buck
1,650,600,27000,0.992125,214.31,70.8021,buck
1,650,650,27500,0.991688,230.488,71.3727,band
1,650,700,27500,0.993054,192.354,64.643,boost
1,650,750,27500,0.992973,194.619,63.838,boost
1,650,800,27500,0.992864,197.662,63.853,boost
1,650,850,27500,0.992735,201.248,64.0026,boost
1,650,900,27500,0.992599,205.048,64.1632,boost
1,650,950,27500,0.992459,208.944,64.3291,boost
1,650,1000,27500,0.992319,212.858,64.4961,boost
1,700,250,11250,0.980679,221.642,66.3519,buck
1,700,300,13500,0.983756,222.916,66.4074,buck
1,700,350,15750,0.986012,223.444,66.4305,buck
1,700,400,18000,0.987753,223.175,66.4185,buck
1,700,450,20250,0.989148,222.161,66.8354,buck
1,700,500,22500,0.990293,220.558,67.9039,buck
1,700,550,24750,0.991244,218.626,68.9769,buck
1,700,600,27000,0.992036,216.744,70.068,buck
1,700,650,27500,0.993029,193.057,68.5328,buck
1,700,700,27500,0.992572,205.794,68.5917,band
1,700,750,27500,0.993861,169.854,62.1637,boost
1,700,800,27500,0.993784,172.009,61.5069,boost
1,700,850,27500,0.99368,174.9,61.3474,boost
1,700,900,27500,0.99356,178.249,61.4825,boost
1,700,950,27500,0.993423,182.06,61.6394,boost
1,700,1000,27500,0.993282,186.002,61.803,boost
1,750,250,11250,0.980534,223.339,66.4273,buck
1,750,300,13500,0.98361,224.952,66.4977,buck
1,750,350,15750,0.985862,225.866,66.5377,buck
1,750,400,18000,0.987601,225.991,66.5431,buck
1,750,450,20250,0.988995,225.328,66.5136,buck
1,750,500,22500,0.990144,223.967,67.5129,buck
1,750,550,24750,0.991107,222.087,68.5135,buck
1,750,600,27000,0.991919,219.968,69.521,buck
1,750,650,27500,0.992948,195.295,67.9004,buck
1,750,700,27500,0.993838,170.501,66.0362,buck
1,750,750,27500,0.993289,185.805,66.3468,band
1,750,800,27500,0.994514,151.702,60.1546,boost
1,750,850,27500,0.99444,153.754,59.6078,boost
1,750,900,27500,0.994338,156.581,59.3411,boost
1,750,950,27500,0.994219,159.901,59.4715,boost
1,750,1000,27500,0.994089,163.527,59.6161,boost
1,800,250,11250,0.980397,224.941,66.498,buck
1,800,300,13500,0.983472,226.871,66.5823,buck
1,800,350,15750,0.985721,228.157,66.6388,buck
1,800,400,18000,0.987455,228.68,66.6617,buck
1,800,450,20250,0.988847,228.4,66.6491,buck
1,800,500,22500,0.989996,227.358,67.1961,buck
1,800,550,24750,0.990964,225.671,68.1374,buck
1,800,600,27000,0.991789,223.54,69.0793,buck
1,800,650,27500,0.99284,198.317,67.4127,buck
1,800,700,27500,0.993762,172.63,65.5176,buck
1,800,750,27500,0.994492,152.301,64.008,buck
1,800,800,27500,0.993879,169.354,64.5036,band
1,800,850,27500,0.995049,136.818,58.4994,boost
1,800,900,27500,0.994979,138.775,58.0356,boost
1,800,950,27500,0.994879,141.545,57.7054,boost
1,800,1000,27500,0.99476,144.848,57.8319,boost
1,850,250,11250,0.980268,226.457,66.5647,buck
1,850,300,13500,0.983343,228.684,66.6618,buck
1,850,350,15750,0.985587,230.324,66.734,buck
1,850,400,18000,0.987316,231.239,66.7743,buck
1,850,450,20250,0.988704,231.358,66.7792,buck
1,850,500,22500,0.989852,230.679,66.9377,buck
1,850,550,24750,0.990821,229.275,67.8288,buck
1,850,600,27000,0.991652,227.285,68.7174,buck
1,850,650,27500,0.992712,201.885,67.0533,buck
1,850,700,27500,0.993659,175.497,65.0963,buck
1,850,750,27500,0.994419,154.328,63.569,buck
1,850,800,27500,0.995029,137.378,62.3335,buck
1,850,850,27500,0.994373,155.613,62.9677,band
1,850,900,27500,0.995495,124.441,57.1157,boost
1,850,950,27500,0.995428,126.311,56.7156,boost
1,850,1000,27500,0.99533,129.029,56.3837,boost
1,900,250,11250,0.980145,227.897,66.6277,buck
1,900,300,13500,0.98322,230.399,66.7366,buck
1,900,350,15750,0.98546,232.376,66.8236,buck
1,900,400,18000,0.987185,233.671,66.8807,buck
1,900,450,20250,0.988567,234.19,66.9035,buck
1,900,500,22500,0.989711,233.902,66.8903,buck
1,900,550,24750,0.99068,232.837,67.5734,buck
1,900,600,27000,0.991514,231.09,68.4172,buck
1,900,650,27500,0.992577,205.668,66.7575,buck
1,900,700,27500,0.993539,178.824,64.7481,buck
1,900,750,27500,0.994319,157.133,63.2115,buck
1,900,800,27500,0.99496,139.311,61.9503,buck
1,900,850,27500,0.995476,124.967,60.9314,buck
1,900,900,27500,0.994791,143.988,61.6712,band
1,900,950,27500,0.995871,114.019,55.9439,boost
1,900,1000,27500,0.995806,115.808,55.5932,boost
1,950,250,11250,0.980028,229.267,66.6874,buck
1,950,300,13500,0.983103,232.025,66.8071,buck
1,950,350,15750,0.985341,234.32,66.9079,buck
1,950,400,18000,0.98706,235.982,66.9813,buck
1,950,450,20250,0.988437,236.897,67.0217,buck
1,950,500,22500,0.989576,237.01,67.0264,buck
1,950,550,24750,0.990542,236.319,67.3607,buck
1,950,600,27000,0.991376,234.882,68.1658,buck
1,950,650,27500,0.992438,209.547,66.5106,buck
1,950,700,27500,0.993403,182.619,64.5124,buck
1,950,750,27500,0.9942,160.431,62.9131,buck
1,950,800,27500,0.994861,142.058,61.6374,buck
1,950,850,27500,0.99541,126.813,60.5871,buck
1,950,900,27500,0.995853,114.517,59.7429,buck
1,950,950,27500,0.99515,134.038,60.5641,band
1,950,1000,27500,0.996191,105.145,54.94,boost
1,1000,250,11250,0.979916,230.575,66.744,buck
1,1000,300,13500,0.982993,233.571,66.8738,buck
1,1000,350,15750,0.985227,236.165,66.9875,buck
1,1000,400,18000,0.986941,238.177,67.0764,buck
1,1000,450,20250,0.988312,239.48,67.134,buck
1,1000,500,22500,0.989446,239.996,67.1566,buck
1,1000,550,24750,0.990408,239.7,67.183,buck
1,1000,600,27000,0.99124,238.617,67.9537,buck
1,1000,650,27500,0.992298,213.443,66.3022,buck
1,1000,700,27500,0.993262,186.546,64.3146,buck
1,1000,750,27500,0.99407,164.036,62.6589,buck
1,1000,800,27500,0.994743,145.339,61.3752,buck
1,1000,850,27500,0.995313,129.508,60.305,buck
1,1000,900,27500,0.995789,116.282,59.4251,buck
1,1000,950,27500,0.996174,105.619,58.7243,buck
1,1000,1000,27500,0.99546,125.433,59.609,band
0.5,250,250,5625,0.986598,76.4078,52.6103,band
0.5,250,300,5625,0.988647,64.5948,50.8315,boost
0.5,250,350,5625,0.988367,66.207,50.4732,boost
0.5,250,400,5625,0.98808,67.8572,50.5393,boost
0.5,250,450,5625,0.987808,69.4263,50.6838,boost
0.5,250,500,5625,0.987556,70.8793,51.0265,boost
0.5,250,550,5625,0.987325,72.2115,51.3268,boost
0.5,250,600,5625,0.987114,73.4292,51.5936,boost
0.5,250,650,5625,0.986921,74.5425,51.8334,boost
0.5,250,700,5625,0.986745,75.5618,52.051,boost
0.5,250,750,5625,0.986583,76.4971,52.25,boost
0.5,250,800,5625,0.986434,77.3573,52.4333,boost
0.5,250,850,5625,0.986297,78.1501,52.6032,boost
0.5,250,900,5625,0.98617,78.8824,52.7615,boost
0.5,250,950,5625,0.986053,79.56,52.9097,boost
0.5,250,1000,5625,0.985945,80.1882,53.049,boost
0.5,300,250,5625,0.988638,64.6438,51.5664,buck
0.5,300,300,6750,0.988548,78.1988,52.8938,band
0.5,300,350,6750,0.990409,65.3664,50.9629,boost
0.5,300,400,6750,0.990169,67.0178,50.6155,boost
0.5,300,450,6750,0.98991,68.8018,50.5784,boost
0.5,300,500,6750,0.989655,70.5597,50.6709,boost
0.5,300,550,6750,0.989413,72.2292,50.9945,boost
0.5,300,600,6750,0.989187,73.7887,51.2813,boost
0.5,300,650,6750,0.988977,75.2342,51.5379,boost
0.5,300,700,6750,0.988784,76.5699,51.7697,boost
0.5,300,750,6750,0.988605,77.8029,51.9805,boost
0.5,300,800,6750,0.98844,78.9415,52.1735,boost
0.5,300,850,6750,0.988288,79.9938,52.3511,boost
0.5,300,900,6750,0.988147,80.9674,52.5154,boost
0.5,300,950,6750,0.988017,81.8695,52.6682,boost
0.5,300,1000,6750,0.987896,82.7063,52.8106,boost
0.5,350,250,5625,0.988358,66.2599,51.3278,buck
0.5,350,300,6750,0.9904,65.4297,51.8592,buck
0.5,350,350,7875,0.989962,79.8472,53.1603,band
0.5,350,400,7875,0.991679,66.0757,51.0646,boost
0.5,350,450,7875,0.99147,67.7526,50.744,boost
0.5,350,500,7875,0.991233,69.6516,50.6132,boost
0.5,350,550,7875,0.990992,71.5838,50.6885,boost
0.5,350,600,7875,0.990758,73.4629,50.98,boost
0.5,350,650,7875,0.990535,75.2507,51.251,boost
0.5,350,700,7875,0.990325,76.9322,51.4955,boost
0.5,350,750,7875,0.99013,78.5044,51.7174,boost
0.5,350,800,7875,0.989947,79.9697,51.92,boost
0.5,350,850,7875,0.989777,81.3337,52.1057,boost
0.5,350,900,7875,0.98962,82.6029,52.2768,boost
0.5,350,950,7875,0.989473,83.7841,52.435,boost
0.5,350,1000,7875,0.989336,84.884,52.5818,boost
0.5,400,250,5625,0.988071,67.9134,51.1799,buck
0.5,400,300,6750,0.990159,67.084,51.6409,buck
0.5,400,350,7875,0.99167,66.1538,52.12,buck
0.5,400,400,9000,0.991039,81.3795,53.4129,band
0.5,400,450,9000,0.99264,66.7333,51.1449,boost
0.5,400,500,9000,0.992455,68.4252,50.8462,boost
0.5,400,550,9000,0.992236,70.4222,50.6446,boost
0.5,400,600,9000,0.992007,72.5128,50.725,boost
0.5,400,650,9000,0.99178,74.5906,50.9782,boost
0.5,400,700,9000,0.991561,76.6017,51.2321,boost
0.5,400,750,9000,0.991351,78.5201,51.463,boost
0.5,400,800,9000,0.991153,80.3348,51.6737,boost
0.5,400,850,9000,0.990966,82.0432,51.8668,boost
0.5,400,900,9000,0.990791,83.6471,52.0443,boost
0.5,400,950,9000,0.990627,85.1506,52.2081,boost
0.5,400,1000,9000,0.990474,86.559,52.3595,boost
0.5,450,250,5625,0.987798,69.4856,51.0869,buck
0.5,450,300,6750,0.9899,68.8704,51.4969,buck
0.5,450,350,7875,0.99146,67.8325,51.9161,buck
0.5,450,400,9000,0.99263,66.8266,52.3576,buck
0.5,450,450,10125,0.991887,82.8145,53.654,band
0.5,450,500,10125,0.993392,67.3471,51.209,boost
0.5,450,550,10125,0.993227,69.0455,50.9282,boost
0.5,450,600,10125,0.993024,71.1257,50.705,boost
0.5,450,650,10125,0.992807,73.3593,50.7579,boost
0.5,450,700,10125,0.992586,75.623,50.9858,boost
0.5,450,750,10125,0.99237,77.8489,51.2219,boost
0.5,450,800,10125,0.992161,80.0004,51.4379,boost
0.5,450,850,10125,0.991961,82.0585,51.6364,boost
0.5,450,900,10125,0.991771,84.0148,51.819,boost
0.5,450,950,10125,0.991591,85.867,51.9875,boost
0.5,450,1000,10125,0.991421,87.6163,52.1431,boost
0.5,500,250,5625,0.987545,70.9415,51.0298,buck
0.5,500,300,6750,0.989645,70.6305,51.3989,buck
0.5,500,350,7875,0.991223,69.7328,51.7754,buck
0.5,500,400,9000,0.992444,68.519,52.1634,buck
0.5,500,450,10125,0.993382,67.456,52.5777,buck
0.5,500,500,11250,0.992574,84.1656,53.8852,band
0.5,500,550,11250,0.993999,67.9227,51.2603,boost
0.5,500,600,11250,0.99385,69.6209,50.9941,boost
0.5,500,650,11250,0.993661,71.7715,50.7815,boost
0.5,500,700,11250,0.993453,74.1337,50.7876,boost
0.5,500,750,11250,0.99324,76.5701,51.0007,boost
0.5,500,800,11250,0.993027,79.0007,51.2182,boost
0.5,500,850,11250,0.992818,81.3786,51.4188,boost
0.5,500,900,11250,0.992617,83.6772,51.6041,boost
0.5,500,950,11250,0.992424,85.8821,51.7754,boost
0.5,500,1000,11250,0.99224,87.9866,51.934,boost
0.5,550,250,5625,0.987314,72.2765,50.9973,buck
0.5,550,300,6750,0.989402,72.302,51.3315,buck
0.5,550,350,7875,0.990982,71.6662,51.6743,buck
0.5,550,400,9000,0.992226,70.5163,52.0247,buck
0.5,550,450,10125,0.993216,69.1536,52.3892,buck
0.5,550,500,11250,0.993988,68.0476,52.784,buck
0.5,550,550,12375,0.993143,85.4433,54.108,band
0.5,550,600,12375,0.994498,68.4647,51.301,boost
0.5,550,650,12375,0.994363,70.1572,51.047,boost
0.5,550,700,12375,0.994186,72.3671,50.8436,boost
0.5,550,750,12375,0.993988,74.8447,50.8146,boost
0.5,550,800,12375,0.993781,77.441,51.0211,boost
0.5,550,850,12375,0.993572,80.0652,51.2198,boost
0.5,550,900,12375,0.993365,82.6612,51.4043,boost
0.5,550,950,12375,0.993163,85.195,51.5758,boost
0.5,550,1000,12375,0.992967,87.6463,51.7351,boost
0.5,600,250,5625,0.987102,73.4971,50.9823,buck
0.5,600,300,6750,0.989176,73.8634,51.2853,buck
0.5,600,350,7875,0.990747,73.5464,51.5995,buck
0.5,600,400,9000,0.991997,72.6071,51.921,buck
0.5,600,450,10125,0.993014,71.2328,52.2511,buck
0.5,600,500,11250,0.993839,69.7435,52.5981,buck
0.5,600,550,12375,0.994487,68.6058,52.979,buck
0.5,600,600,13500,0.993622,86.6557,54.3233,band
0.5,600,650,13500,0.994917,68.9765,51.333,boost
0.5,600,700,13500,0.994793,70.6588,51.0889,boost
0.5,600,750,13500,0.994628,72.9187,50.8934,boost
0.5,600,800,13500,0.994439,75.4997,50.8537,boost
0.5,600,850,13500,0.994238,78.2436,51.0458,boost
0.5,600,900,13500,0.994032,81.0502,51.2255,boost
0.5,600,950,13500,0.993827,83.8551,51.3936,boost
0.5,600,1000,13500,0.993625,86.6171,51.5507,boost
0.5,650,250,5625,0.986909,74.6133,50.9801,buck
0.5,650,300,6750,0.988966,75.311,51.2545,buck
0.5,650,350,7875,0.990524,75.3353,51.5431,buck
0.5,650,400,9000,0.99177,74.6849,51.8404,buck
0.5,650,450,10125,0.992796,73.4655,52.1446,buck
0.5,650,500,11250,0.99365,71.8919,52.4591,buck
0.5,650,550,12375,0.994352,70.2946,52.7933,buck
0.5,650,600,13500,0.994905,69.1343,53.1647,buck
0.5,650,650,13750,0.994152,80.8815,53.7022,band
0.5,650,700,13750,0.995391,63.6662,50.7435,boost
0.5,650,750,13750,0.995274,65.2921,50.5314,boost
0.5,650,800,13750,0.995111,67.5495,50.3631,boost
0.5,650,850,13750,0.994922,70.1782,50.4116,boost
0.5,650,900,13750,0.994718,73.0131,50.5546,boost
0.5,650,950,13750,0.994507,75.9462,50.6899,boost
0.5,650,1000,13750,0.994294,78.9059,50.8174,boost
0.5,700,250,5625,0.986732,75.6356,50.9875,buck
0.5,700,300,6750,0.988772,76.6487,51.2352,buck
0.5,700,350,7875,0.990315,77.0178,51.5,buck
0.5,700,400,9000,0.99155,76.696,51.7758,buck
0.5,700,450,10125,0.992576,75.7281,52.059,buck
0.5,700,500,11250,0.993443,74.2519,52.3494,buck
0.5,700,550,12375,0.994175,72.501,52.652,buck
0.5,700,600,13500,0.994782,70.8114,52.9772,buck
0.5,700,650,13750,0.99538,63.8202,52.5942,buck
0.5,700,700,13750,0.994616,74.4277,52.9895,band
0.5,700,750,13750,0.995806,57.9128,50.1044,boost
0.5,700,800,13750,0.995693,59.4762,49.921,boost
0.5,700,850,13750,0.995531,61.7204,49.822,boost
0.5,700,900,13750,0.995339,64.3832,49.9194,boost
0.5,700,950,13750,0.99513,67.2939,50.0133,boost
0.5,700,1000,13750,0.994911,70.3381,50.1035,boost
0.5,750,250,5625,0.98657,76.574,51.0021,buck
0.5,750,300,6750,0.988593,77.8838,51.2245,buck
0.5,750,350,7875,0.990119,78.591,51.4669,buck
0.5,750,400,9000,0.991341,78.6145,51.7228,buck
0.5,750,450,10125,0.99236,77.9531,51.9875,buck
0.5,750,500,11250,0.99323,76.6862,52.2589,buck
0.5,750,550,12375,0.993978,74.9751,52.5386,buck
0.5,750,600,13500,0.994617,73.0663,52.8323,buck
0.5,750,650,13750,0.995263,65.4398,52.4185,buck
0.5,750,700,13750,0.995795,58.0589,51.9383,buck
0.5,750,750,13750,0.995,69.0919,52.402,band
0.5,750,800,13750,0.996146,53.1992,49.5739,boost
0.5,750,850,13750,0.996037,54.7059,49.411,boost
0.5,750,900,13750,0.995876,56.9389,49.4523,boost
0.5,750,950,13750,0.995682,59.6351,49.5037,boost
0.5,750,1000,13750,0.995467,62.6194,49.5552,boost
0.5,800,250,5625,0.98642,77.4373,51.0224,buck
0.5,800,300,6750,0.988428,79.0244,51.2206,buck
0.5,800,350,7875,0.989936,80.0575,51.4415,buck
0.5,800,400,9000,0.991143,80.4293,51.6785,buck
0.5,800,450,10125,0.992151,80.1036,51.9262,buck
0.5,800,500,11250,0.993017,79.1146,52.1813,buck
0.5,800,550,12375,0.993771,77.5681,52.4432,buck
0.5,800,600,13500,0.994428,75.6425,52.7144,buck
0.5,800,650,13750,0.995101,67.6913,52.2811,buck
0.5,800,700,13750,0.995683,59.6151,51.7704,buck
0.5,800,750,13750,0.996136,53.3389,51.3939,buck
0.5,800,800,13750,0.995324,64.6034,51.9096,band
0.5,800,850,13750,0.996429,49.2732,49.1257,boost
0.5,800,900,13750,0.996324,50.7275,49.1272,boost
0.5,800,950,13750,0.996164,52.9505,49.1346,boost
0.5,800,1000,13750,0.995967,55.6787,49.1458,boost
0.5,850,250,5625,0.986283,78.2334,51.0469,buck
0.5,850,300,6750,0.988276,80.0789,51.2219,buck
0.5,850,350,7875,0.989766,81.4226,51.422,buck
0.5,850,400,9000,0.990956,82.1378,51.6407,buck
0.5,850,450,10125,0.991951,82.1607,51.8723,buck
0.5,850,500,11250,0.992808,81.4905,52.1127,buck
0.5,850,550,12375,0.993562,80.189,52.3598,buck
0.5,850,600,13500,0.994227,78.3818,52.614,buck
0.5,850,650,13750,0.994912,70.3144,52.1676,buck
0.5,850,700,13750,0.995522,61.8526,51.6374,buck
0.5,850,750,13750,0.996028,54.8375,51.2273,buck
0.5,850,800,13750,0.99642,49.4077,50.9349,buck
0.5,850,850,13750,0.9956,60.7684,51.4908,band
0.5,850,900,13750,0.996669,45.9547,48.9249,boost
0.5,850,950,13750,0.996567,47.36,48.8876,boost
0.5,850,1000,13750,0.996408,49.5734,48.8569,boost
0.5,900,250,5625,0.986155,78.9691,51.0749,buck
0.5,900,300,6750,0.988134,81.0548,51.2274,buck
0.5,900,350,7875,0.989608,82.693,51.4072,buck
0.5,900,400,9000,0.990781,83.7418,51.6079,buck
0.5,900,450,10125,0.991761,84.1161,51.8239,buck
0.5,900,500,11250,0.992607,83.7871,52.0505,buck
0.5,900,550,12375,0.993355,82.7819,52.2845,buck
0.5,900,600,13500,0.994022,81.1839,52.5249,buck
0.5,900,650,13750,0.994709,73.1439,52.0691,buck
0.5,900,700,13750,0.99533,64.509,51.526,buck
0.5,900,750,13750,0.995867,57.0629,51.0937,buck
0.5,900,800,13750,0.996315,50.853,50.7652,buck
0.5,900,850,13750,0.99666,46.085,50.5424,buck
0.5,900,900,13750,0.99584,57.4457,51.1299,band
0.5,900,950,13750,0.996874,43.112,48.7489,boost
0.5,900,1000,13750,0.996776,44.471,48.6753,boost
0.5,950,250,5625,0.986038,79.6503,51.1055,buck
0.5,950,300,6750,0.988004,81.9592,51.2363,buck
0.5,950,350,7875,0.989461,83.8754,51.3962,buck
0.5,950,400,9000,0.990617,85.2455,51.5793,buck
0.5,950,450,10125,0.991581,85.9674,51.7798,buck
0.5,950,500,11250,0.992414,85.9901,51.9929,buck
0.5,950,550,12375,0.993153,85.3126,52.2148,buck
0.5,950,600,13500,0.993817,83.9845,52.4433,buck
0.5,950,650,13750,0.994498,76.0717,51.9799,buck
0.5,950,700,13750,0.995121,67.4136,51.4277,buck
0.5,950,750,13750,0.995673,59.752,50.9804,buck
0.5,950,800,13750,0.996155,53.0676,50.6275,buck
0.5,950,850,13750,0.996559,47.4803,50.3665,buck
0.5,950,900,13750,0.996865,43.2389,50.2025,buck
0.5,950,950,13750,0.99605,54.5298,50.8152,band
0.5,950,1000,13750,0.997053,40.6475,48.5911,boost
0.5,1000,250,5625,0.985928,80.2821,51.1381,buck
0.5,1000,300,6750,0.987882,82.7985,51.2477,buck
0.5,1000,350,7875,0.989325,84.9766,51.3882,buck
0.5,1000,400,9000,0.990464,86.6542,51.5538,buck
0.5,1000,450,10125,0.991411,87.7159,51.7391,buck
0.5,1000,500,11250,0.99223,88.0927,51.9389,buck
0.5,1000,550,12375,0.992958,87.7608,52.1491,buck
0.5,1000,600,13500,0.993616,86.7424,52.3667,buck
0.5,1000,650,13750,0.994285,79.0264,51.8965,buck
0.5,1000,700,13750,0.994902,70.4519,51.3372,buck
0.5,1000,750,13750,0.995459,62.7295,50.8792,buck
0.5,1000,800,13750,0.995959,55.7879,50.5094,buck
0.5,1000,850,13750,0.9964,49.6846,50.2221,buck
0.5,1000,900,13750,0.996768,44.587,50.0182,buck
0.5,1000,950,13750,0.997044,40.7716,49.9049,buck
0.5,1000,1000,13750,0.996237,51.9409,50.5378,band
