eta_corner_min,A2k,A17,B,C,Cm,X12
0.985,8.52232,8.50198,12.6697,12.1344,21.3519,7.16248
0.9855,8.52232,8.50198,12.6697,12.1344,21.3519,7.16248
0.986,8.52232,8.50198,12.6697,12.4933,21.3519,7.16248
0.9865,8.555,8.50198,12.685,12.5685,21.3938,7.16248
0.987,8.555,8.50198,13.3003,14.2314,21.3938,7.16248
0.9875,12.131,8.50198,13.3003,14.2314,21.4462,7.16248
0.988,12.131,8.50198,13.3208,14.2314,21.4462,7.16248
0.9885,12.131,8.50198,14.1258,14.2314,21.8051,7.16248
0.989,12.131,8.50198,14.152,14.2733,21.8051,7.16248
0.9895,12.131,8.50198,14.8457,14.3257,21.8051,7.16248
0.99,12.1578,8.50198,14.8457,14.6846,nan,7.16248
0.9905,12.1578,8.52879,14.861,17.6504,nan,7.18929
0.991,12.1578,8.52879,14.8763,17.7027,nan,7.18929
0.9915,12.1913,8.5623,15.4916,18.0616,nan,7.22281
0.992,12.1913,9.37757,16.3171,22.925,nan,7.22281
0.9925,13.0066,9.37757,18.8687,nan,nan,8.03807
0.993,13.0393,11.2321,18.8891,nan,nan,11.1893
0.9935,21.9751,12.0473,19.6942,nan,nan,11.2228
0.994,22.0078,nan,23.7524,nan,nan,12.0381
0.9945,nan,nan,24.5575,nan,nan,12.0707
0.995,nan,nan,nan,nan,nan,nan
0.9955,nan,nan,nan,nan,nan,nan
0.996,nan,nan,nan,nan,nan,nan
