key,topo,mfr,dev,npar,fsw_kHz,ripple,channels,cost_usd,cost_dev_m30,cost_dev_p30,cost_inv15,eta_corner_min_pct,tj_max_C,u_dc,u_pk,rg_on_mult,f_ripple_kHz,ind_mass_kg,meets,fails,price_src
REF,2L,Microchip,MSC035SMA170B4,2,32,0.8,4,615.02,520.374,709.667,615.02,99.1642,77.1072,0.588235,0.823894,1.5,32,1.77944,True,,"RS Components HK (web-search snippet) 2026-10-04, 309.46 HKD @600"
IC20x1,2L,InventChip,IV2Q17020T4Z,1,32,0.8,4,327.691,316.003,339.379,347.171,98.8879,121.535,0.588235,0.742328,1,32,1.77944,False,eta,ESTIMATE: InventChip: no public price (RFQ) -> Sichain SG2M020170HJ LCSC price x INV_FACTOR
IC20x2,2L,InventChip,IV2Q17020T4Z,2,32,0.8,4,377.451,354.075,400.827,416.411,99.188,77.6333,0.588235,0.811669,1.5,32,1.77944,True,,ESTIMATE: InventChip: no public price (RFQ) -> Sichain SG2M020170HJ LCSC price x INV_FACTOR
IC40x2,2L,InventChip,IV2Q17040T4Z,2,32,0.8,4,332.066,322.306,341.827,348.334,98.7509,108.971,0.588235,0.830006,6,32,1.77944,False,eta,ESTIMATE: InventChip: RFQ -> SG2M040170HJ estimate x INV_FACTOR
SC20x1,2L,Sichain,SG2M020170HJ,1,32,0.8,4,327.691,316.003,339.379,327.691,99.0947,100.79,0.588235,0.835842,1.5,32,1.77944,True,,"LCSC product page 2026-10-04, 9.74 USD @90"
SC20x2,2L,Sichain,SG2M020170HJ,2,32,0.8,4,377.451,354.075,400.827,377.451,99.2302,75.6627,0.588235,0.826881,4,32,1.77944,True,,"LCSC product page 2026-10-04, 9.74 USD @90"
SC40x2,2L,Sichain,SG2M040170HJ,2,32,0.8,4,332.066,322.306,341.827,332.066,99.1565,77.4368,0.588235,0.82137,1.5,32,1.77944,True,,"ESTIMATE: Sichain: RFQ; SG2M020170HJ 9.74 USD scaled by (R ratio)^1.26, the exponent of the Sichain 1200 V LCSC prices (13 mOhm 7.31, 27 mOhm 3.46, 33 mOhm 2.26 USD)"
IC20x1-opt,2L,InventChip,IV2Q17020T4Z,1,20,0.8,4,365.304,353.616,376.992,384.784,99.0657,105.86,0.588235,0.742328,1,20,2.48785,True,,ESTIMATE: InventChip: no public price (RFQ) -> Sichain SG2M020170HJ LCSC price x INV_FACTOR
IC20x2-opt,2L,InventChip,IV2Q17020T4Z,2,40,0.8,4,373.884,350.508,397.26,412.844,99.0775,84.6376,0.588235,0.811669,1.5,40,1.68369,True,,ESTIMATE: InventChip: no public price (RFQ) -> Sichain SG2M020170HJ LCSC price x INV_FACTOR
SC20x1-opt,2L,Sichain,SG2M020170HJ,1,40,0.8,4,324.124,312.436,335.812,324.124,99.021,106.965,0.588235,0.835842,1.5,40,1.68369,True,,"LCSC product page 2026-10-04, 9.74 USD @90"
SC20x2-opt,2L,Sichain,SG2M020170HJ,2,40,0.8,4,373.884,350.508,397.26,373.884,99.1362,82.0567,0.588235,0.826881,4,40,1.68369,True,,"LCSC product page 2026-10-04, 9.74 USD @90"
SC40x2-opt,2L,Sichain,SG2M040170HJ,2,50,0.8,4,325.644,315.884,335.405,325.644,99.0098,84.3503,0.588235,0.82137,1.5,50,1.60708,True,,"ESTIMATE: Sichain: RFQ; SG2M020170HJ 9.74 USD scaled by (R ratio)^1.26, the exponent of the Sichain 1200 V LCSC prices (13 mOhm 7.31, 27 mOhm 3.46, 33 mOhm 2.26 USD)"
3L-SCT4036KRHRx1,3L,ROHM,SCT4036KRHR,1,32,0.8,8,396.749,388.948,404.55,396.749,95.2592,456.904,0.4375,0.756222,1,64,0.904867,False,eta tj,"LCSC via jlcsearch mirror 2026-10-04, 3.2504 USD @990"
3L-SCT4036KRHRx2,3L,ROHM,SCT4036KRHR,2,32,0.8,8,444.353,428.751,459.954,444.353,98.7506,93.2097,0.4375,0.712183,1,64,0.904867,False,eta,"LCSC via jlcsearch mirror 2026-10-04, 3.2504 USD @990"
3L-SG2M035120LJx1,3L,Sichain (Ningbo),SG2M035120LJ,1,32,0.8,8,388.845,383.416,394.275,388.845,97.4345,196.482,0.4375,0.731734,1,64,0.904867,False,eta tj,"LCSC via jlcsearch mirror 2026-10-04, 2.2624 USD @900"
3L-SG2M035120LJx2,3L,Sichain (Ningbo),SG2M035120LJ,2,32,0.8,8,428.545,417.685,439.404,428.545,99.0115,75.7618,0.4375,0.713286,1,64,0.904867,True,,"LCSC via jlcsearch mirror 2026-10-04, 2.2624 USD @900"
3L-IV3Q12035T4Zx1,3L,InventChip,IV3Q12035T4Z,1,32,0.8,8,388.845,383.416,394.275,397.895,97.6853,172.441,0.4375,0.766315,1,64,0.904867,False,eta tj,ESTIMATE: InventChip: RFQ -> Sichain SG2M035120LJ LCSC price x INV_FACTOR
3L-IV3Q12035T4Zx2,3L,InventChip,IV3Q12035T4Z,2,25,0.8,8,451.914,441.054,462.774,470.013,99.0177,73.6274,0.4375,0.698808,1,50,0.9486,True,,ESTIMATE: InventChip: RFQ -> Sichain SG2M035120LJ LCSC price x INV_FACTOR
3L-B3M040120Zx1,3L,BASiC Semiconductor,B3M040120Z,1,32,0.8,8,388.845,383.416,394.275,388.845,94.9884,406.151,0.4375,0.7118,1,64,0.904867,False,eta tj,ESTIMATE: BASiC: RFQ -> Sichain SG2M035120LJ LCSC price (same class)
3L-B3M040120Zx2,3L,BASiC Semiconductor,B3M040120Z,2,32,0.8,8,428.545,417.685,439.404,428.545,98.7309,88.2947,0.4375,0.683681,1,64,0.904867,False,eta,ESTIMATE: BASiC: RFQ -> Sichain SG2M035120LJ LCSC price (same class)
3L-SG2M014120LJx1,3L,Sichain (Ningbo),SG2M014120LJ,1,40,0.8,8,427.612,410.063,445.16,427.612,99.0024,79.0521,0.4375,0.70884,1,80,0.861134,True,,"LCSC via jlcsearch mirror 2026-10-04, 7.3119 USD @90"
3L-SG2M014120LJx2,3L,Sichain (Ningbo),SG2M014120LJ,2,50,0.8,8,506.078,470.98,541.175,506.078,99.2108,60.9189,0.4375,0.845742,1,100,0.817402,True,,"LCSC via jlcsearch mirror 2026-10-04, 7.3119 USD @90"
