ref,net,channel,fault,estop_gate_off,estop_do_open,result,detection,watchdog_trip
U805,RST_A,A,stuck high,yes,yes,tolerated,latent: start-up self-test,kept
U805,RST_A,A,stuck low,yes,yes,tolerated,evident: module will not start,kept
U806,FIELD_A_OK,A,stuck high,yes,yes,tolerated,latent: start-up self-test,kept
U806,FIELD_A_OK,A,stuck low,yes,yes,tolerated,evident: module will not start,kept
U807,NO_TRIP_A,A,stuck high,yes,yes,tolerated,latent: start-up self-test,kept
U807,NO_TRIP_A,A,stuck low,yes,yes,tolerated,evident: module will not start,kept
U809,GATE_EN_L,A,stuck high,yes,yes,tolerated,latent: start-up self-test,kept
U809,GATE_EN_L,A,stuck low,yes,yes,tolerated,evident: module will not start,kept
U810,DO_PWR_EN,A,stuck high,yes,yes,tolerated,latent: start-up self-test,kept
U810,DO_PWR_EN,A,stuck low,yes,yes,tolerated,evident: module will not start,kept
U811,RST_B,B,stuck high,yes,yes,tolerated,latent: start-up self-test,kept
U811,RST_B,B,stuck low,yes,yes,tolerated,evident: module will not start,kept
U812,NO_TRIP_B,B,stuck high,yes,yes,tolerated,latent: start-up self-test,kept
U812,NO_TRIP_B,B,stuck low,yes,yes,tolerated,evident: module will not start,kept
U814,CHB_OK_L,B,stuck high,yes,yes,tolerated,latent: start-up self-test,kept
U814,CHB_OK_L,B,stuck low,yes,yes,tolerated,evident: module will not start,kept
U815,CHB_OK_B,B,stuck high,yes,yes,tolerated,latent: start-up self-test,kept
U815,CHB_OK_B,B,stuck low,yes,yes,tolerated,evident: module will not start,kept
U903,DO1_EN,A,stuck high,yes,yes,tolerated,"latent (operational, not E-stop): that output follows 24V_DO, command ignored - seen on contactor feedback / load current",kept
U903,DO1_EN,A,stuck low,yes,yes,tolerated,evident: that output cannot be energised (first command),kept
U903,DO2_EN,A,stuck high,yes,yes,tolerated,"latent (operational, not E-stop): that output follows 24V_DO, command ignored - seen on contactor feedback / load current",kept
U903,DO2_EN,A,stuck low,yes,yes,tolerated,evident: that output cannot be energised (first command),kept
U903,DO3_EN,A,stuck high,yes,yes,tolerated,"latent (operational, not E-stop): that output follows 24V_DO, command ignored - seen on contactor feedback / load current",kept
U903,DO3_EN,A,stuck low,yes,yes,tolerated,evident: that output cannot be energised (first command),kept
U903,DO4_EN,A,stuck high,yes,yes,tolerated,"latent (operational, not E-stop): that output follows 24V_DO, command ignored - seen on contactor feedback / load current",kept
U903,DO4_EN,A,stuck low,yes,yes,tolerated,evident: that output cannot be energised (first command),kept
U904,DO5_EN,A,stuck high,yes,yes,tolerated,"latent (operational, not E-stop): that output follows 24V_DO, command ignored - seen on contactor feedback / load current",kept
U904,DO5_EN,A,stuck low,yes,yes,tolerated,evident: that output cannot be energised (first command),kept
U904,DO6_EN,A,stuck high,yes,yes,tolerated,"latent (operational, not E-stop): that output follows 24V_DO, command ignored - seen on contactor feedback / load current",kept
U904,DO6_EN,A,stuck low,yes,yes,tolerated,evident: that output cannot be energised (first command),kept
U904,DO7_EN,A,stuck high,yes,yes,tolerated,"latent (operational, not E-stop): that output follows 24V_DO, command ignored - seen on contactor feedback / load current",kept
U904,DO7_EN,A,stuck low,yes,yes,tolerated,evident: that output cannot be energised (first command),kept
U904,DO8_EN,A,stuck high,yes,yes,tolerated,"latent (operational, not E-stop): that output follows 24V_DO, command ignored - seen on contactor feedback / load current",kept
U904,DO8_EN,A,stuck low,yes,yes,tolerated,evident: that output cannot be energised (first command),kept
U808,LATCH_A_OK,A,stuck high,yes,yes,tolerated,latent: start-up self-test,kept
U808,LATCH_A_OK,A,stuck low,yes,yes,tolerated,evident: module will not start,kept
U813,LATCH_B_OK,B,stuck high,yes,yes,tolerated,latent: start-up self-test,kept
U813,LATCH_B_OK,B,stuck low,yes,yes,tolerated,evident: module will not start,kept
U701,ESTOP_A_OK,A,stuck high,yes,yes,tolerated,latent: E-stop proof test (DI1/DI8 or GATE_EN/CHB_OK disagree),kept
U701,ESTOP_A_OK,A,stuck low,yes,yes,tolerated,evident: module will not start,kept
U704,ESTOP_B_OK,B,stuck high,yes,yes,tolerated,latent: E-stop proof test (DI1/DI8 or GATE_EN/CHB_OK disagree),kept
U704,ESTOP_B_OK,B,stuck low,yes,yes,tolerated,evident: module will not start,kept
U801,UV_OK,A,stuck high,yes,yes,tolerated,latent: start-up self-test,kept
U801,UV_OK,A,stuck low,yes,yes,tolerated,evident: module will not start,kept
U803,TRIP_OK,A,stuck high,yes,yes,tolerated,latent: start-up self-test,kept
U803,TRIP_OK,A,stuck low,yes,yes,tolerated,evident: module will not start,kept
U1204,TEST_A_N,A,stuck high,yes,yes,tolerated,latent: start-up self-test,kept
U1204,TEST_A_N,A,stuck low,yes,yes,tolerated,evident: module will not start,kept
U1204,TEST_B_N,B,stuck high,yes,yes,tolerated,latent: start-up self-test,kept
U1204,TEST_B_N,B,stuck low,yes,yes,tolerated,evident: module will not start,kept
J802,SVC_N,A+B,stuck high,yes,yes,tolerated,no safety effect: service mode cannot be entered (seen when programming),kept
J802,SVC_N,A+B,stuck low,yes,yes,tolerated,evident: module will not start,kept
U104,AUX_EN,A+B,stuck high (priority detector reads AUX active: outputs open),yes,yes,tolerated,evident: module will not start,kept
U104,AUX_EN,A+B,stuck low (priority detector reads cabinet healthy),yes,yes,tolerated,no E-stop effect (availability): AUX-HV never takes over - found by the black-start test on AUX-HV alone,kept
U104,AUX_EN,A+B,detector unpowered: AUX-HV absent or unplugged,yes,yes,tolerated,no safety effect: cabinet-only operation arms normally,kept
U804,AUX_INH_N,A+B,stuck high,yes,yes,tolerated,latent: start-up self-test,kept
U804,AUX_INH_N,A+B,stuck low,yes,yes,tolerated,evident: module will not start,kept
U1204,AUX_TEST,A+B,stuck high,yes,yes,tolerated,evident: module will not start,kept
U1204,AUX_TEST,A+B,stuck low,yes,yes,tolerated,latent: start-up self-test,kept
U1204,UV_TEST,A,stuck high,yes,yes,tolerated,evident: module will not start,kept
U1204,UV_TEST,A,stuck low,yes,yes,tolerated,latent: start-up self-test,kept
U1204,TRIP_TEST,A,stuck high,yes,yes,tolerated,evident: module will not start,kept
U1204,TRIP_TEST,A,stuck low,yes,yes,tolerated,latent: start-up self-test,kept
U802,SYS_RST_N,A+B,stuck high,yes,yes,tolerated,latent: start-up self-test,lost
U802,SYS_RST_N,A+B,stuck low,yes,yes,tolerated,evident: module will not start,kept
CTRL,FLT_CLR,A+B,stuck high,yes,yes,tolerated,evident: module will not start,kept
CTRL,FLT_CLR,A+B,stuck low,yes,yes,tolerated,evident: module will not start,kept
U901,24V_DO_MID,A,stuck on,yes,yes,tolerated,latent: start-up self-test,kept
U902,24V_DO,B,stuck on,yes,yes,tolerated,latent: start-up self-test,kept
U202,+24V_GD,B,stuck on,yes,yes,tolerated,latent: start-up self-test,kept
3V3,CHB_OK_L/DO_PWR_EN/FAN_ON/GATE_EN,A+B,3V3 rail lost (common cause),yes,yes,tolerated,evident: module will not start,kept
U814,CHB_OK_L,B,U814 unpowered (output high-Z),yes,yes,tolerated,evident: module will not start,kept
U810,DO_PWR_EN,A,U810 unpowered (output high-Z),yes,yes,tolerated,evident: module will not start,kept
U1002,FAN_ON,fan,U1002 unpowered (output high-Z),yes,yes,tolerated,evident: fans cannot start (tach),kept
U809,GATE_EN,A,U809 unpowered (output high-Z),yes,yes,tolerated,evident: module will not start,kept
