t_s,i_L_A,v_p_V,v_s_V,vds_S1_V,vds_S5_V
0,-86.007,-798.571,-873.771,799.247,873.222
1e-08,-85.51,79.9229,-873.378,410.257,872.833
2e-08,-83.3075,978.778,-871.2,-2.10356,870.669
3e-08,-80.573,961.046,-868.497,-5.33398,867.986
4e-08,-77.9172,899.145,-866.587,-5.28243,866.097
5e-08,-75.3624,835.646,-865.728,-5.20632,865.257
6e-08,-72.8962,786.447,-865.8,-5.11541,865.348
7e-08,-70.489,758.499,-866.475,-5.02023,866.04
8e-08,-68.1074,751.248,-867.367,-4.92946,866.95
9e-08,-65.7231,759.323,-868.159,-4.84799,867.759
1e-07,-63.3183,775.447,-868.663,-4.77648,868.281
1.1e-07,-60.8865,792.866,-868.827,-4.71264,868.463
1.2e-07,-58.4302,806.834,-868.707,-4.65298,868.361
1.3e-07,-55.9569,815.093,-868.416,-4.59418,868.088
1.4e-07,-53.4759,817.567,-868.075,-4.53387,867.766
1.5e-07,-50.9951,815.627,-867.78,-4.47079,867.488
1.6e-07,-48.5307,803.171,-867.593,-0.383687,867.32
1.7e-07,-46.0754,798.229,-867.517,-0.364282,867.262
1.8e-07,-43.6272,794.162,-867.526,-0.344496,867.289
1.9e-07,-41.1841,791.652,-867.58,-0.324603,867.361
2e-07,-38.7435,790.765,-867.642,-0.304801,867.441
2.1e-07,-36.3031,791.148,-867.683,-0.285201,867.5
2.2e-07,-33.8615,792.26,-867.691,-0.265824,867.526
2.3e-07,-31.418,793.567,-867.664,-0.24663,867.517
2.4e-07,-28.9726,794.673,-867.61,-0.227548,867.481
2.5e-07,-26.526,795.369,-867.543,-0.208504,867.432
2.6e-07,-24.0787,795.617,-867.474,-0.189442,867.381
2.7e-07,-21.6314,795.501,-867.412,-0.170328,867.337
2.8e-07,-19.1845,795.167,-867.36,-0.151155,867.303
2.9e-07,-16.7383,794.762,-867.32,-0.131931,867.281
3e-07,-14.2928,794.4,-867.287,-0.112675,867.266
3.1e-07,-11.8478,794.145,-867.259,-0.0934065,867.256
3.2e-07,-9.4031,794.012,-867.232,-0.0741428,867.247
3.3e-07,-6.95858,793.983,-867.202,-0.0548935,867.235
3.4e-07,-4.51409,794.019,-867.169,-0.0356616,867.22
3.5e-07,-2.06957,794.079,-867.132,-0.0164451,867.201
3.6e-07,0.374982,794.13,-867.093,0.00276079,867.18
3.7e-07,2.81954,794.154,-867.052,0.0219625,867.157
3.8e-07,5.26405,794.144,-867.011,0.0411637,867.134
3.9e-07,7.70846,794.105,-866.971,0.0603674,867.112
4e-07,10.1527,794.046,-866.932,0.0795747,867.091
4.1e-07,12.5969,793.98,-866.894,0.0987852,867.071
4.2e-07,15.0408,793.914,-866.857,0.117998,867.052
4.3e-07,17.4847,793.856,-866.82,0.13721,867.033
4.4e-07,19.9284,793.807,-866.783,0.156422,867.014
4.5e-07,22.3719,793.766,-866.746,0.175633,866.995
4.6e-07,24.8154,793.73,-866.709,0.194841,866.976
4.7e-07,27.2587,793.697,-866.671,0.214047,866.956
4.8e-07,29.702,793.664,-866.633,0.233251,866.936
4.9e-07,32.1451,793.63,-866.595,0.252454,866.916
5e-07,34.5882,793.592,-866.557,0.271656,866.896
5.1e-07,37.0311,793.553,-866.519,0.290857,866.876
5.2e-07,39.4739,793.511,-866.481,0.310058,866.856
5.3e-07,41.9166,793.469,-866.443,0.329258,866.836
5.4e-07,44.3592,793.427,-866.405,0.348458,866.816
5.5e-07,46.8016,793.385,-866.368,0.367656,866.796
5.6e-07,49.2439,793.344,-866.33,0.386854,866.776
5.7e-07,51.6862,793.303,-866.292,0.406051,866.756
5.8e-07,54.1283,793.263,-866.254,0.425247,866.737
5.9e-07,56.5703,793.223,-866.216,0.444441,866.717
6e-07,59.0121,793.184,-866.178,0.463635,866.697
6.1e-07,61.4539,793.144,-866.14,0.482828,866.677
6.2e-07,63.8955,793.103,-866.103,0.50202,866.657
6.3e-07,66.3371,793.063,-866.065,0.521211,866.637
6.4e-07,68.7785,793.023,-866.027,0.540401,866.617
6.5e-07,71.2198,792.982,-865.989,0.559591,866.597
6.6e-07,73.661,792.942,-865.951,0.578779,866.577
6.7e-07,76.102,792.901,-865.913,0.597966,866.557
6.8e-07,78.543,792.861,-865.875,0.617153,866.537
6.9e-07,80.9838,792.82,-865.837,0.636339,866.517
7e-07,83.4245,792.78,-865.799,0.655523,866.498
7.1e-07,85.865,792.739,-865.762,0.674706,866.478
7.2e-07,87.8332,793.1,84.488,0.690791,445.839
7.3e-07,88.065,795.438,1074.12,0.693474,-3.93577
7.4e-07,87.7794,798.351,1052.72,0.691025,-5.65388
7.5e-07,87.568,800.405,989.004,0.688912,-5.66916
7.6e-07,87.4537,801.316,921.822,0.68754,-5.65853
7.7e-07,87.4262,801.208,868.662,0.686963,-5.63207
7.8e-07,87.4578,800.437,837.554,0.687021,-5.60069
7.9e-07,87.516,799.421,828.449,0.687455,-5.57345
8e-07,87.5729,798.509,835.985,0.687999,-5.55555
8.1e-07,87.6108,797.907,852.583,0.688448,-5.54792
8.2e-07,87.6226,797.676,871.049,0.688689,-5.5484
8.3e-07,87.6102,797.759,886.214,0.6887,-5.55355
8.4e-07,87.5807,798.032,895.512,0.688519,-5.56001
8.5e-07,87.5429,798.364,898.704,0.688223,-5.56534
8.6e-07,87.5046,798.65,897.128,0.687887,-5.56824
8.7e-07,87.4827,798.818,883.12,0.687658,-0.724329
8.8e-07,87.47,798.863,877.982,0.687512,-0.72379
8.9e-07,87.464,798.815,873.67,0.687434,-0.722834
9e-07,87.4629,798.716,870.951,0.687413,-0.721746
9.1e-07,87.4642,798.606,869.939,0.687426,-0.720735
9.2e-07,87.4658,798.518,870.29,0.687452,-0.719921
9.3e-07,87.4661,798.467,871.446,0.687471,-0.719333
9.4e-07,87.4646,798.454,872.846,0.687473,-0.718936
9.5e-07,87.4612,798.47,874.065,0.687456,-0.718659
9.6e-07,87.4563,798.502,874.867,0.687421,-0.718427
9.7e-07,87.4507,798.537,875.202,0.687376,-0.718179
9.8e-07,87.445,798.564,875.149,0.687327,-0.717881
9.9e-07,87.4396,798.58,874.857,0.68728,-0.717521
1e-06,87.4347,798.583,874.479,0.687236,-0.717107
1.01e-06,87.4303,798.578,874.138,0.687199,-0.716658
1.02e-06,87.4263,798.567,873.905,0.687166,-0.716195
1.03e-06,87.4225,798.556,873.799,0.687137,-0.715733
1.04e-06,87.4187,798.548,873.802,0.687109,-0.715285
1.05e-06,87.4149,798.542,873.876,0.68708,-0.714853
1.06e-06,87.411,798.541,873.978,0.687051,-0.714436
1.07e-06,87.4069,798.542,874.074,0.68702,-0.714029
1.08e-06,87.4027,798.546,874.142,0.686987,-0.713628
1.09e-06,87.3985,798.549,874.176,0.686954,-0.713226
1.1e-06,87.3942,798.552,874.179,0.68692,-0.712821
1.11e-06,87.3899,798.553,874.161,0.686886,-0.712411
1.12e-06,87.3857,798.553,874.134,0.686852,-0.711997
1.13e-06,87.3815,798.553,874.107,0.686819,-0.71158
1.14e-06,87.3774,798.552,874.088,0.686786,-0.711162
1.15e-06,87.3732,798.551,874.077,0.686753,-0.710744
1.16e-06,87.3691,798.55,874.075,0.686721,-0.710326
1.17e-06,87.3649,798.549,874.08,0.686689,-0.70991
1.18e-06,87.3608,798.549,874.087,0.686656,-0.709494
1.19e-06,87.3567,798.549,874.094,0.686624,-0.70908
1.2e-06,87.3525,798.55,874.099,0.686591,-0.708666
1.21e-06,87.3483,798.55,874.102,0.686558,-0.708252
1.22e-06,87.3441,798.55,874.102,0.686525,-0.707838
1.23e-06,87.34,798.551,874.101,0.686493,-0.707424
1.24e-06,87.3358,798.551,874.099,0.68646,-0.707009
1.25e-06,87.3317,798.551,874.096,0.686427,-0.706594
1.26e-06,87.3275,798.551,874.094,0.686394,-0.706179
1.27e-06,87.3233,798.55,874.093,0.686362,-0.705764
1.28e-06,87.3192,798.55,874.092,0.686329,-0.705349
1.29e-06,87.315,798.55,874.092,0.686296,-0.704934
1.3e-06,87.3109,798.55,874.092,0.686264,-0.704519
1.31e-06,87.3067,798.55,874.092,0.686231,-0.704104
1.32e-06,87.3026,798.551,874.092,0.686199,-0.703689
1.33e-06,87.2984,798.551,874.092,0.686166,-0.703275
1.34e-06,87.2942,798.551,874.091,0.686133,-0.70286
1.35e-06,87.2901,798.551,874.09,0.686101,-0.702445
1.36e-06,87.2859,798.551,874.09,0.686068,-0.702031
1.37e-06,87.2818,798.551,874.089,0.686035,-0.701616
1.38e-06,87.2776,798.551,874.088,0.686003,-0.701201
1.39e-06,87.2735,798.551,874.088,0.68597,-0.700786
1.4e-06,87.2693,798.551,874.087,0.685937,-0.700371
1.41e-06,87.2652,798.551,874.086,0.685905,-0.699957
1.42e-06,87.2611,798.551,874.086,0.685872,-0.699542
1.43e-06,87.2569,798.551,874.085,0.68584,-0.699127
1.44e-06,87.2528,798.551,874.084,0.685807,-0.698713
1.45e-06,87.2486,798.551,874.084,0.685775,-0.698298
1.46e-06,87.2445,798.551,874.083,0.685742,-0.697883
1.47e-06,87.2403,798.551,874.082,0.685709,-0.697468
1.48e-06,87.2362,798.551,874.081,0.685677,-0.697054
1.49e-06,87.2321,798.551,874.081,0.685644,-0.696639
1.5e-06,87.2279,798.552,874.08,0.685612,-0.696224
1.51e-06,87.2238,798.552,874.079,0.685579,-0.69581
1.52e-06,87.2197,798.552,874.078,0.685547,-0.695395
1.53e-06,87.2155,798.552,874.078,0.685514,-0.69498
1.54e-06,87.2114,798.552,874.077,0.685482,-0.694566
1.55e-06,87.2073,798.552,874.076,0.685449,-0.694151
1.56e-06,87.2031,798.552,874.075,0.685417,-0.693737
1.57e-06,87.199,798.552,874.074,0.685385,-0.693322
1.58e-06,87.1949,798.552,874.074,0.685352,-0.692907
1.59e-06,87.1907,798.552,874.073,0.68532,-0.692493
1.6e-06,87.1866,798.552,874.072,0.685287,-0.692078
1.61e-06,87.1825,798.552,874.071,0.685255,-0.691664
1.62e-06,87.1784,798.552,874.07,0.685222,-0.691249
1.63e-06,87.1743,798.552,874.07,0.68519,-0.690835
1.64e-06,87.1701,798.552,874.069,0.685158,-0.69042
1.65e-06,87.166,798.552,874.068,0.685125,-0.690005
1.66e-06,87.1619,798.553,874.067,0.685093,-0.689591
1.67e-06,87.1578,798.553,874.066,0.685061,-0.689176
1.68e-06,87.1537,798.553,874.066,0.685028,-0.688762
1.69e-06,87.1496,798.553,874.065,0.684996,-0.688347
1.7e-06,87.1454,798.553,874.064,0.684964,-0.687933
1.71e-06,87.1413,798.553,874.063,0.684931,-0.687518
1.72e-06,87.1372,798.553,874.062,0.684899,-0.687104
1.73e-06,87.1331,798.553,874.061,0.684867,-0.68669
1.74e-06,87.129,798.553,874.061,0.684834,-0.686275
1.75e-06,87.1249,798.553,874.06,0.684802,-0.685861
1.76e-06,87.1208,798.553,874.059,0.68477,-0.685446
1.77e-06,87.1167,798.553,874.058,0.684738,-0.685032
1.78e-06,87.1126,798.553,874.057,0.684705,-0.684617
1.79e-06,87.1085,798.553,874.056,0.684673,-0.684203
1.8e-06,87.1044,798.553,874.056,0.684641,-0.683789
1.81e-06,87.1003,798.553,874.055,0.684609,-0.683374
1.82e-06,87.0962,798.554,874.054,0.684576,-0.68296
1.83e-06,87.0921,798.554,874.053,0.684544,-0.682545
1.84e-06,87.088,798.554,874.052,0.684512,-0.682131
1.85e-06,87.0839,798.554,874.051,0.68448,-0.681717
1.86e-06,87.0798,798.554,874.05,0.684448,-0.681302
1.87e-06,87.0757,798.554,874.05,0.684416,-0.680888
1.88e-06,87.0716,798.554,874.049,0.684383,-0.680474
1.89e-06,87.0675,798.554,874.048,0.684351,-0.68006
1.9e-06,87.0635,798.554,874.047,0.684319,-0.679645
1.91e-06,87.0594,798.554,874.046,0.684287,-0.679231
1.92e-06,87.0553,798.554,874.045,0.684255,-0.678817
1.93e-06,87.0512,798.554,874.044,0.684223,-0.678402
1.94e-06,87.0471,798.554,874.044,0.684191,-0.677988
1.95e-06,87.043,798.554,874.043,0.684159,-0.677574
1.96e-06,87.039,798.554,874.042,0.684127,-0.67716
1.97e-06,87.0349,798.555,874.041,0.684095,-0.676745
1.98e-06,87.0308,798.555,874.04,0.684063,-0.676331
1.99e-06,87.0267,798.555,874.039,0.684031,-0.675917
2e-06,87.0227,798.555,874.038,0.683999,-0.675503
2.01e-06,87.0186,798.555,874.037,0.683967,-0.675089
2.02e-06,87.0145,798.555,874.037,0.683935,-0.674674
2.03e-06,87.0105,798.555,874.036,0.683903,-0.67426
2.04e-06,87.0064,798.555,874.035,0.683871,-0.673846
2.05e-06,87.0023,798.555,874.034,0.683839,-0.673432
2.06e-06,86.9983,798.555,874.033,0.683807,-0.673018
2.07e-06,86.9942,798.555,874.032,0.683775,-0.672604
2.08e-06,86.9901,798.555,874.031,0.683743,-0.67219
2.09e-06,86.9861,798.555,874.03,0.683711,-0.671776
2.1e-06,86.982,798.555,874.03,0.683679,-0.671361
2.11e-06,86.9779,798.555,874.029,0.683647,-0.670947
2.12e-06,86.9739,798.555,874.028,0.683615,-0.670533
2.13e-06,86.9698,798.556,874.027,0.683583,-0.670119
2.14e-06,86.9658,798.556,874.026,0.683551,-0.669705
2.15e-06,86.9617,798.556,874.025,0.683519,-0.669291
2.16e-06,86.9577,798.556,874.024,0.683488,-0.668877
2.17e-06,86.9536,798.556,874.023,0.683456,-0.668463
2.18e-06,86.9496,798.556,874.023,0.683424,-0.668049
2.19e-06,86.9455,798.556,874.022,0.683392,-0.667635
2.2e-06,86.9415,798.556,874.021,0.68336,-0.667221
2.21e-06,86.9374,798.556,874.02,0.683329,-0.666807
2.22e-06,86.9334,798.556,874.019,0.683297,-0.666393
2.23e-06,86.9293,798.556,874.018,0.683265,-0.665979
2.24e-06,86.9253,798.556,874.017,0.683233,-0.665565
2.25e-06,86.9213,798.556,874.017,0.683201,-0.665151
2.26e-06,86.9172,798.556,874.016,0.68317,-0.664737
2.27e-06,86.9132,798.556,874.015,0.683138,-0.664323
2.28e-06,86.9091,798.557,874.014,0.683106,-0.663909
2.29e-06,86.9051,798.557,874.013,0.683075,-0.663496
2.3e-06,86.9011,798.557,874.012,0.683043,-0.663082
2.31e-06,86.897,798.557,874.011,0.683011,-0.662668
2.32e-06,86.893,798.557,874.01,0.682979,-0.662254
2.33e-06,86.889,798.557,874.01,0.682948,-0.66184
2.34e-06,86.885,798.557,874.009,0.682916,-0.661426
2.35e-06,86.8809,798.557,874.008,0.682884,-0.661012
2.36e-06,86.8769,798.557,874.007,0.682853,-0.660598
2.37e-06,86.8729,798.557,874.006,0.682821,-0.660185
2.38e-06,86.8689,798.557,874.005,0.68279,-0.659771
2.39e-06,86.8648,798.557,874.004,0.682758,-0.659357
2.4e-06,86.8608,798.557,874.003,0.682726,-0.658943
2.41e-06,86.8568,798.557,874.002,0.682695,-0.658529
2.42e-06,86.8528,798.557,874.002,0.682663,-0.658116
2.43e-06,86.8488,798.557,874.001,0.682632,-0.657702
2.44e-06,86.8447,798.558,874,0.6826,-0.657288
2.45e-06,86.8407,798.558,873.999,0.682569,-0.656874
2.46e-06,86.8367,798.558,873.998,0.682537,-0.656461
2.47e-06,86.8327,798.558,873.997,0.682505,-0.656047
2.48e-06,86.8287,798.558,873.996,0.682474,-0.655633
2.49e-06,86.8247,798.558,873.995,0.682442,-0.65522
2.5e-06,86.8207,798.558,873.995,0.682411,-0.654806
2.51e-06,86.8167,798.558,873.994,0.682379,-0.654392
2.52e-06,86.8127,798.558,873.993,0.682348,-0.653978
2.53e-06,86.8087,798.558,873.992,0.682317,-0.653565
2.54e-06,86.8047,798.558,873.991,0.682285,-0.653151
2.55e-06,86.8007,798.558,873.99,0.682254,-0.652738
2.56e-06,86.7967,798.558,873.989,0.682222,-0.652324
2.57e-06,86.7927,798.558,873.988,0.682191,-0.65191
2.58e-06,86.7887,798.558,873.988,0.682159,-0.651497
2.59e-06,86.7847,798.558,873.987,0.682128,-0.651083
2.6e-06,86.7807,798.559,873.986,0.682097,-0.650669
2.61e-06,86.7767,798.559,873.985,0.682065,-0.650256
2.62e-06,86.7727,798.559,873.984,0.682034,-0.649842
2.63e-06,86.7687,798.559,873.983,0.682002,-0.649429
2.64e-06,86.7647,798.559,873.982,0.681971,-0.649015
2.65e-06,86.7607,798.559,873.981,0.68194,-0.648602
2.66e-06,86.7568,798.559,873.981,0.681908,-0.648188
2.67e-06,86.7528,798.559,873.98,0.681877,-0.647775
2.68e-06,86.7488,798.559,873.979,0.681846,-0.647361
2.69e-06,86.7448,798.559,873.978,0.681815,-0.646948
2.7e-06,86.7408,798.559,873.977,0.681783,-0.646534
2.71e-06,86.7368,798.559,873.976,0.681752,-0.646121
2.72e-06,86.7329,798.559,873.975,0.681721,-0.645707
2.73e-06,86.7289,798.559,873.974,0.681689,-0.645294
2.74e-06,86.7249,798.559,873.974,0.681658,-0.64488
2.75e-06,86.7209,798.56,873.973,0.681627,-0.644467
2.76e-06,86.717,798.56,873.972,0.681596,-0.644053
2.77e-06,86.713,798.56,873.971,0.681565,-0.64364
2.78e-06,86.709,798.56,873.97,0.681533,-0.643226
2.79e-06,86.7051,798.56,873.969,0.681502,-0.642813
2.8e-06,86.7011,798.56,873.968,0.681471,-0.6424
2.81e-06,86.6971,798.56,873.967,0.68144,-0.641986
2.82e-06,86.6932,798.56,873.967,0.681409,-0.641573
2.83e-06,86.6892,798.56,873.966,0.681377,-0.641159
2.84e-06,86.6852,798.56,873.965,0.681346,-0.640746
2.85e-06,86.6813,798.56,873.964,0.681315,-0.640333
2.86e-06,86.6773,798.56,873.963,0.681284,-0.639919
2.87e-06,86.6734,798.56,873.962,0.681253,-0.639506
2.88e-06,86.6694,798.56,873.961,0.681222,-0.639093
2.89e-06,86.6654,798.56,873.96,0.681191,-0.63868
2.9e-06,86.6615,798.56,873.96,0.68116,-0.638266
2.91e-06,86.6575,798.561,873.959,0.681129,-0.637853
2.92e-06,86.6536,798.561,873.958,0.681098,-0.63744
2.93e-06,86.6496,798.561,873.957,0.681067,-0.637026
2.94e-06,86.6457,798.561,873.956,0.681036,-0.636613
2.95e-06,86.6417,798.561,873.955,0.681005,-0.6362
2.96e-06,86.6378,798.561,873.954,0.680974,-0.635787
2.97e-06,86.6339,798.561,873.953,0.680942,-0.635373
2.98e-06,86.6299,798.561,873.953,0.680912,-0.63496
2.99e-06,86.626,798.561,873.952,0.680881,-0.634547
3e-06,86.622,798.561,873.951,0.68085,-0.634134
3.01e-06,86.6181,798.561,873.95,0.680819,-0.633721
3.02e-06,86.6142,798.561,873.949,0.680788,-0.633307
3.03e-06,86.6102,798.561,873.948,0.680757,-0.632894
3.04e-06,86.6063,798.561,873.947,0.680726,-0.632481
3.05e-06,86.6024,798.561,873.946,0.680695,-0.632068
3.06e-06,86.5984,798.561,873.946,0.680664,-0.631655
3.07e-06,86.5945,798.562,873.945,0.680633,-0.631242
3.08e-06,86.5906,798.562,873.944,0.680602,-0.630829
3.09e-06,86.5866,798.562,873.943,0.680571,-0.630415
3.1e-06,86.5827,798.562,873.942,0.68054,-0.630002
3.11e-06,86.5788,798.562,873.941,0.68051,-0.629589
3.12e-06,86.5749,798.562,873.94,0.680479,-0.629176
3.13e-06,86.5709,798.562,873.939,0.680448,-0.628763
3.14e-06,86.567,798.562,873.939,0.680417,-0.62835
3.15e-06,86.5631,798.562,873.938,0.680386,-0.627937
3.16e-06,86.5592,798.562,873.937,0.680355,-0.627524
3.17e-06,86.5553,798.562,873.936,0.680325,-0.627111
3.18e-06,86.5513,798.562,873.935,0.680294,-0.626698
3.19e-06,86.5474,798.562,873.934,0.680263,-0.626285
3.2e-06,86.5435,798.562,873.933,0.680232,-0.625872
3.21e-06,86.5396,798.562,873.932,0.680202,-0.625459
3.22e-06,86.5357,798.562,873.932,0.680171,-0.625046
3.23e-06,86.5318,798.563,873.931,0.68014,-0.624633
3.24e-06,86.5279,798.563,873.93,0.680109,-0.62422
3.25e-06,86.524,798.563,873.929,0.680079,-0.623807
3.26e-06,86.5201,798.563,873.928,0.680048,-0.623394
3.27e-06,86.5161,798.563,873.927,0.680017,-0.622981
3.28e-06,86.5122,798.563,873.926,0.679987,-0.622568
3.29e-06,86.5083,798.563,873.925,0.679956,-0.622155
3.3e-06,86.5044,798.563,873.925,0.679925,-0.621743
3.31e-06,86.5005,798.563,873.924,0.679895,-0.62133
3.32e-06,86.4966,798.563,873.923,0.679864,-0.620917
3.33e-06,86.4927,798.563,873.922,0.679833,-0.620504
3.34e-06,86.4889,798.563,873.921,0.679803,-0.620091
3.35e-06,86.485,798.563,873.92,0.679772,-0.619678
3.36e-06,86.4811,798.563,873.919,0.679742,-0.619265
3.37e-06,86.4772,798.563,873.918,0.679711,-0.618853
3.38e-06,86.4733,798.563,873.918,0.67968,-0.61844
3.39e-06,86.4694,798.564,873.917,0.67965,-0.618027
3.4e-06,86.4655,798.564,873.916,0.679619,-0.617614
3.41e-06,86.4616,798.564,873.915,0.679589,-0.617201
3.42e-06,86.4577,798.564,873.914,0.679558,-0.616789
3.43e-06,86.4539,798.564,873.913,0.679528,-0.616376
3.44e-06,86.45,798.564,873.912,0.679497,-0.615963
3.45e-06,86.4461,798.564,873.911,0.679467,-0.61555
3.46e-06,86.4422,798.564,873.911,0.679436,-0.615138
3.47e-06,86.4383,798.564,873.91,0.679406,-0.614725
3.48e-06,86.4345,798.564,873.909,0.679375,-0.614312
3.49e-06,86.4306,798.564,873.908,0.679345,-0.613899
3.5e-06,86.4267,798.564,873.907,0.679314,-0.613487
3.51e-06,86.4228,798.564,873.906,0.679284,-0.613074
3.52e-06,86.419,798.564,873.905,0.679253,-0.612661
3.53e-06,86.4151,798.564,873.904,0.679223,-0.612249
3.54e-06,86.4112,798.564,873.904,0.679193,-0.611836
3.55e-06,86.4074,798.564,873.903,0.679162,-0.611423
3.56e-06,86.4035,798.565,873.902,0.679132,-0.611011
3.57e-06,86.3996,798.565,873.901,0.679101,-0.610598
3.58e-06,86.3958,798.565,873.9,0.679071,-0.610185
3.59e-06,86.3919,798.565,873.899,0.679041,-0.609773
3.6e-06,86.388,798.565,873.898,0.67901,-0.60936
3.61e-06,86.3842,798.565,873.897,0.67898,-0.608948
3.62e-06,86.3803,798.565,873.897,0.67895,-0.608535
3.63e-06,86.3765,798.565,873.896,0.678919,-0.608123
3.64e-06,86.3726,798.565,873.895,0.678889,-0.60771
3.65e-06,86.3688,798.565,873.894,0.678859,-0.607297
3.66e-06,86.3649,798.565,873.893,0.678829,-0.606885
3.67e-06,86.3611,798.565,873.892,0.678798,-0.606472
3.68e-06,86.3572,798.565,873.891,0.678768,-0.60606
3.69e-06,86.3534,798.565,873.89,0.678738,-0.605647
3.7e-06,86.3495,798.565,873.89,0.678708,-0.605235
3.71e-06,86.3457,798.565,873.889,0.678677,-0.604822
3.72e-06,86.3418,798.566,873.888,0.678647,-0.60441
3.73e-06,86.338,798.566,873.887,0.678617,-0.603997
3.74e-06,86.3341,798.566,873.886,0.678587,-0.603585
3.75e-06,86.3303,798.566,873.885,0.678557,-0.603173
3.76e-06,86.3265,798.566,873.884,0.678526,-0.60276
3.77e-06,86.3226,798.566,873.883,0.678496,-0.602348
3.78e-06,86.3188,798.566,873.883,0.678466,-0.601935
3.79e-06,86.3149,798.566,873.882,0.678436,-0.601523
3.8e-06,86.3111,798.566,873.881,0.678406,-0.60111
3.81e-06,86.3073,798.566,873.88,0.678376,-0.600698
3.82e-06,86.3035,798.566,873.879,0.678345,-0.600286
3.83e-06,86.2996,798.566,873.878,0.678315,-0.599873
3.84e-06,86.2958,798.566,873.877,0.678285,-0.599461
3.85e-06,86.292,798.566,873.876,0.678255,-0.599049
3.86e-06,86.2881,798.566,873.876,0.678225,-0.598636
3.87e-06,86.2843,798.566,873.875,0.678195,-0.598224
3.88e-06,86.2805,798.567,873.874,0.678165,-0.597812
3.89e-06,86.2767,798.567,873.873,0.678135,-0.597399
3.9e-06,86.2728,798.567,873.872,0.678105,-0.596987
3.91e-06,86.269,798.567,873.871,0.678075,-0.596575
3.92e-06,86.2652,798.567,873.87,0.678045,-0.596162
3.93e-06,86.2614,798.567,873.869,0.678015,-0.59575
3.94e-06,86.2576,798.567,873.869,0.677985,-0.595338
3.95e-06,86.2538,798.567,873.868,0.677955,-0.594926
3.96e-06,86.25,798.567,873.867,0.677925,-0.594513
3.97e-06,86.2461,798.567,873.866,0.677895,-0.594101
3.98e-06,86.2423,798.567,873.865,0.677865,-0.593689
3.99e-06,86.2385,798.567,873.864,0.677835,-0.593277
4e-06,86.2347,798.567,873.863,0.677805,-0.592865
4.01e-06,86.2309,798.567,873.862,0.677775,-0.592452
4.02e-06,86.2271,798.567,873.862,0.677745,-0.59204
4.03e-06,86.2233,798.567,873.861,0.677716,-0.591628
4.04e-06,86.2195,798.567,873.86,0.677686,-0.591216
4.05e-06,86.2157,798.568,873.859,0.677656,-0.590804
4.06e-06,86.2119,798.568,873.858,0.677626,-0.590392
4.07e-06,86.2081,798.568,873.857,0.677596,-0.589979
4.08e-06,86.2043,798.568,873.856,0.677566,-0.589567
4.09e-06,86.2005,798.568,873.855,0.677536,-0.589155
4.1e-06,86.1967,798.568,873.855,0.677507,-0.588743
4.11e-06,86.1929,798.568,873.854,0.677477,-0.588331
4.12e-06,86.1891,798.568,873.853,0.677447,-0.587919
4.13e-06,86.1853,798.568,873.852,0.677417,-0.587507
4.14e-06,86.1815,798.568,873.851,0.677387,-0.587095
4.15e-06,86.1778,798.568,873.85,0.677358,-0.586683
4.16e-06,86.174,798.568,873.849,0.677328,-0.586271
4.17e-06,86.1702,798.568,873.848,0.677298,-0.585859
4.18e-06,86.1664,798.568,873.848,0.677268,-0.585447
4.19e-06,86.1626,798.568,873.847,0.677239,-0.585035
4.2e-06,86.1588,798.568,873.846,0.677209,-0.584623
4.21e-06,86.1551,798.569,873.845,0.677179,-0.584211
4.22e-06,86.1513,798.569,873.844,0.677149,-0.583799
4.23e-06,86.1475,798.569,873.843,0.67712,-0.583387
4.24e-06,86.1437,798.569,873.842,0.67709,-0.582975
4.25e-06,86.14,798.569,873.841,0.67706,-0.582563
4.26e-06,86.1362,798.569,873.841,0.677031,-0.582151
4.27e-06,86.1324,798.569,873.84,0.677001,-0.581739
4.28e-06,86.1286,798.569,873.839,0.676971,-0.581327
4.29e-06,86.1249,798.569,873.838,0.676942,-0.580915
4.3e-06,86.1211,798.569,873.837,0.676912,-0.580503
4.31e-06,86.1173,798.569,873.836,0.676883,-0.580091
4.32e-06,86.1136,798.569,873.835,0.676853,-0.579679
4.33e-06,86.1098,798.569,873.834,0.676823,-0.579267
4.34e-06,86.106,798.569,873.834,0.676794,-0.578856
4.35e-06,86.1023,798.569,873.833,0.676764,-0.578444
4.36e-06,86.0985,798.569,873.832,0.676735,-0.578032
4.37e-06,86.0948,798.569,873.831,0.676705,-0.57762
4.38e-06,86.091,798.57,873.83,0.676676,-0.577208
4.39e-06,86.0873,798.57,873.829,0.676646,-0.576796
4.4e-06,86.0835,798.57,873.828,0.676617,-0.576385
4.41e-06,86.0797,798.57,873.828,0.676587,-0.575973
4.42e-06,86.076,798.57,873.827,0.676558,-0.575561
4.43e-06,86.0722,798.57,873.826,0.676528,-0.575149
4.44e-06,86.0685,798.57,873.825,0.676499,-0.574738
4.45e-06,86.0647,798.57,873.824,0.676469,-0.574326
4.46e-06,86.061,798.57,873.823,0.67644,-0.573914
4.47e-06,86.0573,798.57,873.822,0.67641,-0.573502
4.48e-06,86.0535,798.57,873.821,0.676381,-0.573091
4.49e-06,86.0498,798.57,873.821,0.676352,-0.572679
4.5e-06,86.046,798.57,873.82,0.676322,-0.572267
4.51e-06,86.0423,798.57,873.819,0.676293,-0.571855
4.52e-06,86.0386,798.57,873.818,0.676263,-0.571444
4.53e-06,86.0348,798.57,873.817,0.676234,-0.571032
4.54e-06,86.0311,798.57,873.816,0.676205,-0.57062
4.55e-06,86.0273,798.571,873.815,0.676175,-0.570209
4.56e-06,86.0236,798.571,873.814,0.676146,-0.569797
4.57e-06,86.0199,798.571,873.814,0.676117,-0.569386
4.58e-06,86.0161,798.571,873.813,0.676087,-0.568974
4.59e-06,86.0124,798.571,873.812,0.676058,-0.568562
4.6e-06,86.0087,798.571,873.811,0.676029,-0.568151
4.61e-06,86.005,798.571,873.81,0.675999,-0.567739
4.62e-06,86.0012,798.571,873.809,0.67597,-0.567327
4.63e-06,85.9975,798.571,873.808,0.675941,-0.566916
4.64e-06,85.9938,798.571,873.807,0.675912,-0.566504
4.65e-06,85.9901,798.571,873.807,0.675882,-0.566093
4.66e-06,85.9863,798.571,873.806,0.675853,-0.565681
4.67e-06,85.9826,798.571,873.805,0.675824,-0.56527
4.68e-06,85.9789,798.571,873.804,0.675795,-0.564858
4.69e-06,85.9752,798.571,873.803,0.675765,-0.564447
4.7e-06,85.9715,798.571,873.802,0.675736,-0.564035
4.71e-06,85.9678,798.571,873.801,0.675707,-0.563624
4.72e-06,85.9641,798.572,873.8,0.675678,-0.563212
4.73e-06,85.9603,798.572,873.8,0.675649,-0.562801
4.74e-06,85.9566,798.572,873.799,0.67562,-0.562389
4.75e-06,85.9529,798.572,873.798,0.67559,-0.561978
4.76e-06,85.9492,798.572,873.797,0.675561,-0.561566
4.77e-06,85.9455,798.572,873.796,0.675532,-0.561155
4.78e-06,85.9418,798.572,873.795,0.675503,-0.560743
4.79e-06,85.9381,798.572,873.794,0.675474,-0.560332
4.8e-06,85.9344,798.572,873.793,0.675445,-0.559921
4.81e-06,85.9307,798.572,873.793,0.675416,-0.559509
4.82e-06,85.927,798.572,873.792,0.675387,-0.559098
4.83e-06,85.9233,798.572,873.791,0.675358,-0.558686
4.84e-06,85.9196,798.572,873.79,0.675329,-0.558275
4.85e-06,85.9159,798.572,873.789,0.675299,-0.557864
4.86e-06,85.9122,798.572,873.788,0.67527,-0.557452
4.87e-06,85.9085,798.572,873.787,0.675241,-0.557041
4.88e-06,85.9048,798.572,873.787,0.675212,-0.55663
4.89e-06,85.9012,798.573,873.786,0.675183,-0.556218
4.9e-06,85.8975,798.573,873.785,0.675154,-0.555807
4.91e-06,85.8938,798.573,873.784,0.675125,-0.555396
4.92e-06,85.8901,798.573,873.783,0.675096,-0.554985
4.93e-06,85.8864,798.573,873.782,0.675067,-0.554573
4.94e-06,85.8827,798.573,873.781,0.675039,-0.554162
4.95e-06,85.879,798.573,873.78,0.67501,-0.553751
4.96e-06,85.8754,798.573,873.78,0.674981,-0.553339
4.97e-06,85.8717,798.573,873.779,0.674952,-0.552928
4.98e-06,85.868,798.573,873.778,0.674923,-0.552517
4.99e-06,85.8643,798.573,873.777,0.674894,-0.552106
5e-06,85.8605,793.347,873.776,5.15021,-0.551694
5.01e-06,85.2201,-210.091,873.253,557.999,-0.54737
5.02e-06,82.8924,-988.37,870.925,983.485,-0.530893
5.03e-06,80.1624,-955.366,868.272,950.04,-0.510618
5.04e-06,77.5167,-892.478,866.462,887.206,-0.490758
5.05e-06,74.9716,-829.943,865.704,824.75,-0.471621
5.06e-06,72.5127,-782.751,865.853,777.649,-0.453214
5.07e-06,70.1094,-757.01,866.565,752.003,-0.435366
5.08e-06,67.7285,-751.565,867.459,746.648,-0.417824
5.09e-06,65.3426,-760.743,868.228,755.906,-0.400347
5.1e-06,62.9352,-777.238,868.698,772.472,-0.382756
5.11e-06,60.5007,-794.456,868.831,789.753,-0.364964
5.12e-06,58.0423,-807.898,868.689,803.254,-0.346959
5.13e-06,55.5679,-815.547,868.389,810.963,-0.328788
5.14e-06,53.0867,-817.507,868.049,812.984,-0.310524
5.15e-06,50.6062,-815.24,867.761,810.779,-0.292236
5.16e-06,48.1426,-802.675,867.585,802.294,-0.274053
5.17e-06,45.6881,-797.772,867.52,797.41,-0.255946
5.18e-06,43.2405,-793.84,867.535,793.498,-0.237904
5.19e-06,40.7978,-791.496,867.592,791.174,-0.219913
5.2e-06,38.3573,-790.754,867.653,790.453,-0.201951
5.21e-06,35.9168,-791.234,867.691,790.951,-0.183998
5.22e-06,33.475,-792.385,867.695,792.123,-0.166037
5.23e-06,31.0313,-793.687,867.665,793.443,-0.148061
5.24e-06,28.5858,-794.759,867.61,794.534,-0.130067
5.25e-06,26.139,-795.409,867.542,795.204,-0.112058
5.26e-06,23.6917,-795.616,867.473,795.43,-0.0940419
5.27e-06,21.2444,-795.473,867.412,795.305,-0.0760234
5.28e-06,18.7976,-795.126,867.361,794.977,-0.0580077
5.29e-06,16.3515,-794.721,867.322,794.592,-0.0399975
5.3e-06,13.906,-794.367,867.29,794.257,-0.0219934
5.31e-06,11.461,-794.124,867.262,794.034,-0.00399467
5.32e-06,9.01638,-794.003,867.234,793.932,0.0140011
5.33e-06,6.57186,-793.982,867.204,793.93,0.0319952
5.34e-06,4.12736,-794.022,867.171,793.989,0.0499889
5.35e-06,1.68283,-794.082,867.134,794.069,0.0679831
5.36e-06,-0.761725,-794.132,867.094,794.137,0.085978
5.37e-06,-3.20628,-794.152,867.054,794.177,0.103973
5.38e-06,-5.65079,-794.139,867.013,794.183,0.121969
5.39e-06,-8.09519,-794.097,866.973,794.161,0.139963
5.4e-06,-10.5395,-794.037,866.934,794.12,0.157957
5.41e-06,-12.9836,-793.971,866.896,794.072,0.17595
5.42e-06,-15.4275,-793.906,866.859,794.027,0.193941
5.43e-06,-17.8714,-793.848,866.822,793.989,0.211932
5.44e-06,-20.315,-793.8,866.785,793.959,0.229921
5.45e-06,-22.7586,-793.76,866.748,793.938,0.247909
5.46e-06,-25.2021,-793.725,866.711,793.922,0.265896
5.47e-06,-27.6454,-793.692,866.673,793.909,0.283882
5.48e-06,-30.0886,-793.659,866.635,793.895,0.301868
5.49e-06,-32.5318,-793.624,866.597,793.879,0.319853
5.5e-06,-34.9748,-793.586,866.559,793.861,0.337838
5.51e-06,-37.4177,-793.546,866.521,793.84,0.355821
5.52e-06,-39.8605,-793.505,866.483,793.818,0.373804
5.53e-06,-42.3032,-793.462,866.445,793.795,0.391785
5.54e-06,-44.7458,-793.42,866.407,793.772,0.409766
5.55e-06,-47.1882,-793.378,866.369,793.749,0.427746
5.56e-06,-49.6305,-793.337,866.331,793.727,0.445725
5.57e-06,-52.0728,-793.297,866.294,793.706,0.463703
5.58e-06,-54.5148,-793.257,866.256,793.685,0.481681
5.59e-06,-56.9568,-793.217,866.218,793.664,0.499657
5.6e-06,-59.3987,-793.177,866.18,793.644,0.517633
5.61e-06,-61.8404,-793.137,866.142,793.623,0.535608
5.62e-06,-64.2821,-793.097,866.104,793.602,0.553582
5.63e-06,-66.7236,-793.057,866.066,793.581,0.571555
5.64e-06,-69.165,-793.016,866.028,793.56,0.589527
5.65e-06,-71.6063,-792.976,865.991,793.538,0.607498
5.66e-06,-74.0475,-792.935,865.953,793.517,0.625469
5.67e-06,-76.4885,-792.895,865.915,793.496,0.643439
5.68e-06,-78.9295,-792.854,865.877,793.474,0.661407
5.69e-06,-81.3703,-792.814,865.839,793.453,0.679375
5.7e-06,-83.811,-792.773,865.801,793.432,0.697343
5.71e-06,-86.2517,-792.733,863.793,793.411,2.51665
5.72e-06,-88.0787,-793.232,-228.174,793.925,605.138
5.73e-06,-88.1878,-795.733,-1080.18,796.427,1074.77
5.74e-06,-87.9072,-798.591,-1046.73,799.283,1041.08
5.75e-06,-87.7055,-800.537,-981.942,801.227,976.282
5.76e-06,-87.6007,-801.34,-915.77,802.028,910.122
5.77e-06,-87.5803,-801.151,-864.73,801.839,859.11
5.78e-06,-87.6157,-800.34,-835.961,801.028,830.372
5.79e-06,-87.6746,-799.322,-828.772,800.011,823.209
5.8e-06,-87.73,-798.434,-837.482,799.123,831.936
5.81e-06,-87.7654,-797.868,-854.478,798.558,848.939
5.82e-06,-87.7746,-797.671,-872.736,798.361,867.195
5.83e-06,-87.7601,-797.777,-887.348,798.467,881.802
5.84e-06,-87.7295,-798.061,-896.003,798.751,890.451
5.85e-06,-87.6914,-798.393,-898.651,799.082,893.094
5.86e-06,-87.6536,-798.669,-896.731,799.359,891.171
5.87e-06,-87.6324,-798.826,-882.601,799.514,881.879
5.88e-06,-87.6203,-798.86,-877.501,799.549,876.78
5.89e-06,-87.6149,-798.805,-873.33,799.494,872.61
5.9e-06,-87.6141,-798.703,-870.785,799.391,870.066
5.91e-06,-87.6155,-798.594,-869.926,799.283,869.208
5.92e-06,-87.6171,-798.509,-870.379,799.198,869.661
5.93e-06,-87.6172,-798.462,-871.578,799.15,870.862
5.94e-06,-87.6155,-798.452,-872.974,799.141,872.258
5.95e-06,-87.6119,-798.47,-874.157,799.159,873.441
5.96e-06,-87.607,-798.503,-874.912,799.191,874.196
5.97e-06,-87.6014,-798.537,-875.204,799.226,874.488
5.98e-06,-87.5957,-798.563,-875.121,799.252,874.406
5.99e-06,-87.5903,-798.578,-874.815,799.266,874.1
6e-06,-87.5854,-798.581,-874.437,799.269,873.723
6.01e-06,-87.5811,-798.574,-874.105,799.263,873.391
6.02e-06,-87.5771,-798.564,-873.885,799.252,873.171
6.03e-06,-87.5733,-798.553,-873.79,799.241,873.077
6.04e-06,-87.5696,-798.544,-873.802,799.233,873.09
6.05e-06,-87.5658,-798.54,-873.88,799.228,873.168
6.06e-06,-87.5618,-798.538,-873.983,799.227,873.271
6.07e-06,-87.5577,-798.54,-874.077,799.228,873.365
6.08e-06,-87.5536,-798.543,-874.142,799.231,873.431
6.09e-06,-87.5493,-798.547,-874.172,799.235,873.461
6.1e-06,-87.545,-798.549,-874.172,799.237,873.462
6.11e-06,-87.5408,-798.551,-874.153,799.239,873.443
6.12e-06,-87.5365,-798.551,-874.126,799.239,873.416
6.13e-06,-87.5324,-798.55,-874.1,799.238,873.391
6.14e-06,-87.5282,-798.549,-874.081,799.237,873.372
6.15e-06,-87.5241,-798.548,-874.071,799.236,873.363
6.16e-06,-87.5199,-798.547,-874.07,799.235,873.363
6.17e-06,-87.5158,-798.547,-874.075,799.235,873.368
6.18e-06,-87.5117,-798.547,-874.082,799.235,873.375
6.19e-06,-87.5075,-798.547,-874.089,799.235,873.383
6.2e-06,-87.5034,-798.547,-874.094,799.235,873.388
6.21e-06,-87.4992,-798.548,-874.097,799.235,873.391
6.22e-06,-87.495,-798.548,-874.097,799.236,873.392
6.23e-06,-87.4909,-798.548,-874.096,799.236,873.391
6.24e-06,-87.4867,-798.548,-874.093,799.236,873.389
6.25e-06,-87.4825,-798.548,-874.091,799.236,873.387
6.26e-06,-87.4784,-798.548,-874.089,799.236,873.385
6.27e-06,-87.4742,-798.548,-874.088,799.235,873.384
6.28e-06,-87.4701,-798.548,-874.087,799.235,873.384
6.29e-06,-87.4659,-798.548,-874.087,799.235,873.384
6.3e-06,-87.4618,-798.548,-874.087,799.235,873.385
6.31e-06,-87.4576,-798.548,-874.087,799.235,873.385
6.32e-06,-87.4535,-798.548,-874.087,799.235,873.385
6.33e-06,-87.4493,-798.548,-874.086,799.235,873.386
6.34e-06,-87.4452,-798.548,-874.086,799.235,873.385
6.35e-06,-87.441,-798.548,-874.085,799.235,873.385
6.36e-06,-87.4369,-798.548,-874.084,799.235,873.385
6.37e-06,-87.4327,-798.548,-874.084,799.236,873.385
6.38e-06,-87.4286,-798.548,-874.083,799.236,873.384
6.39e-06,-87.4244,-798.548,-874.082,799.236,873.384
6.4e-06,-87.4203,-798.548,-874.081,799.236,873.384
6.41e-06,-87.4161,-798.548,-874.081,799.236,873.383
6.42e-06,-87.412,-798.549,-874.08,799.236,873.383
6.43e-06,-87.4079,-798.549,-874.079,799.236,873.383
6.44e-06,-87.4037,-798.549,-874.079,799.236,873.383
6.45e-06,-87.3996,-798.549,-874.078,799.236,873.382
6.46e-06,-87.3954,-798.549,-874.077,799.236,873.382
6.47e-06,-87.3913,-798.549,-874.077,799.236,873.382
6.48e-06,-87.3872,-798.549,-874.076,799.236,873.381
6.49e-06,-87.383,-798.549,-874.075,799.236,873.381
6.5e-06,-87.3789,-798.549,-874.074,799.236,873.381
6.51e-06,-87.3748,-798.549,-874.074,799.236,873.38
6.52e-06,-87.3706,-798.549,-874.073,799.236,873.38
6.53e-06,-87.3665,-798.549,-874.072,799.236,873.38
6.54e-06,-87.3624,-798.549,-874.071,799.236,873.379
6.55e-06,-87.3583,-798.549,-874.071,799.236,873.379
6.56e-06,-87.3541,-798.549,-874.07,799.236,873.379
6.57e-06,-87.35,-798.549,-874.069,799.236,873.378
6.58e-06,-87.3459,-798.549,-874.068,799.236,873.378
6.59e-06,-87.3418,-798.55,-874.067,799.236,873.378
6.6e-06,-87.3376,-798.55,-874.067,799.236,873.377
6.61e-06,-87.3335,-798.55,-874.066,799.236,873.377
6.62e-06,-87.3294,-798.55,-874.065,799.236,873.376
6.63e-06,-87.3253,-798.55,-874.064,799.236,873.376
6.64e-06,-87.3212,-798.55,-874.063,799.236,873.376
6.65e-06,-87.3171,-798.55,-874.063,799.236,873.375
6.66e-06,-87.3129,-798.55,-874.062,799.236,873.375
6.67e-06,-87.3088,-798.55,-874.061,799.236,873.374
6.68e-06,-87.3047,-798.55,-874.06,799.236,873.374
6.69e-06,-87.3006,-798.55,-874.059,799.236,873.374
6.7e-06,-87.2965,-798.55,-874.059,799.236,873.373
6.71e-06,-87.2924,-798.55,-874.058,799.236,873.373
6.72e-06,-87.2883,-798.55,-874.057,799.236,873.372
6.73e-06,-87.2842,-798.55,-874.056,799.236,873.372
6.74e-06,-87.2801,-798.55,-874.055,799.237,873.371
6.75e-06,-87.276,-798.551,-874.054,799.237,873.371
6.76e-06,-87.2719,-798.551,-874.053,799.237,873.371
6.77e-06,-87.2678,-798.551,-874.053,799.237,873.37
6.78e-06,-87.2637,-798.551,-874.052,799.237,873.37
6.79e-06,-87.2596,-798.551,-874.051,799.237,873.369
6.8e-06,-87.2555,-798.551,-874.05,799.237,873.369
6.81e-06,-87.2514,-798.551,-874.049,799.237,873.368
6.82e-06,-87.2473,-798.551,-874.048,799.237,873.368
6.83e-06,-87.2432,-798.551,-874.048,799.237,873.368
6.84e-06,-87.2391,-798.551,-874.047,799.237,873.367
6.85e-06,-87.235,-798.551,-874.046,799.237,873.367
6.86e-06,-87.2309,-798.551,-874.045,799.237,873.366
6.87e-06,-87.2268,-798.551,-874.044,799.237,873.366
6.88e-06,-87.2228,-798.551,-874.043,799.237,873.365
6.89e-06,-87.2187,-798.551,-874.042,799.237,873.365
6.9e-06,-87.2146,-798.552,-874.042,799.237,873.364
6.91e-06,-87.2105,-798.552,-874.041,799.237,873.364
6.92e-06,-87.2064,-798.552,-874.04,799.237,873.364
6.93e-06,-87.2023,-798.552,-874.039,799.237,873.363
6.94e-06,-87.1983,-798.552,-874.038,799.237,873.363
6.95e-06,-87.1942,-798.552,-874.037,799.237,873.362
6.96e-06,-87.1901,-798.552,-874.036,799.237,873.362
6.97e-06,-87.186,-798.552,-874.035,799.237,873.361
6.98e-06,-87.182,-798.552,-874.035,799.237,873.361
6.99e-06,-87.1779,-798.552,-874.034,799.237,873.36
7e-06,-87.1738,-798.552,-874.033,799.237,873.36
7.01e-06,-87.1698,-798.552,-874.032,799.237,873.359
7.02e-06,-87.1657,-798.552,-874.031,799.237,873.359
7.03e-06,-87.1616,-798.552,-874.03,799.237,873.359
7.04e-06,-87.1576,-798.552,-874.029,799.237,873.358
7.05e-06,-87.1535,-798.552,-874.029,799.238,873.358
7.06e-06,-87.1494,-798.553,-874.028,799.238,873.357
7.07e-06,-87.1454,-798.553,-874.027,799.238,873.357
7.08e-06,-87.1413,-798.553,-874.026,799.238,873.356
7.09e-06,-87.1373,-798.553,-874.025,799.238,873.356
7.1e-06,-87.1332,-798.553,-874.024,799.238,873.355
7.11e-06,-87.1291,-798.553,-874.023,799.238,873.355
7.12e-06,-87.1251,-798.553,-874.022,799.238,873.354
7.13e-06,-87.121,-798.553,-874.022,799.238,873.354
7.14e-06,-87.117,-798.553,-874.021,799.238,873.354
7.15e-06,-87.1129,-798.553,-874.02,799.238,873.353
7.16e-06,-87.1089,-798.553,-874.019,799.238,873.353
7.17e-06,-87.1048,-798.553,-874.018,799.238,873.352
7.18e-06,-87.1008,-798.553,-874.017,799.238,873.352
7.19e-06,-87.0968,-798.553,-874.016,799.238,873.351
7.2e-06,-87.0927,-798.553,-874.015,799.238,873.351
7.21e-06,-87.0887,-798.554,-874.015,799.238,873.35
7.22e-06,-87.0846,-798.554,-874.014,799.238,873.35
7.23e-06,-87.0806,-798.554,-874.013,799.238,873.349
7.24e-06,-87.0766,-798.554,-874.012,799.238,873.349
7.25e-06,-87.0725,-798.554,-874.011,799.238,873.348
7.26e-06,-87.0685,-798.554,-874.01,799.238,873.348
7.27e-06,-87.0644,-798.554,-874.009,799.238,873.348
7.28e-06,-87.0604,-798.554,-874.008,799.238,873.347
7.29e-06,-87.0564,-798.554,-874.008,799.238,873.347
7.3e-06,-87.0524,-798.554,-874.007,799.238,873.346
7.31e-06,-87.0483,-798.554,-874.006,799.238,873.346
7.32e-06,-87.0443,-798.554,-874.005,799.238,873.345
7.33e-06,-87.0403,-798.554,-874.004,799.238,873.345
7.34e-06,-87.0362,-798.554,-874.003,799.238,873.344
7.35e-06,-87.0322,-798.554,-874.002,799.238,873.344
7.36e-06,-87.0282,-798.554,-874.001,799.239,873.343
7.37e-06,-87.0242,-798.555,-874.001,799.239,873.343
7.38e-06,-87.0202,-798.555,-874,799.239,873.342
7.39e-06,-87.0161,-798.555,-873.999,799.239,873.342
7.4e-06,-87.0121,-798.555,-873.998,799.239,873.342
7.41e-06,-87.0081,-798.555,-873.997,799.239,873.341
7.42e-06,-87.0041,-798.555,-873.996,799.239,873.341
7.43e-06,-87.0001,-798.555,-873.995,799.239,873.34
7.44e-06,-86.9961,-798.555,-873.994,799.239,873.34
7.45e-06,-86.9921,-798.555,-873.994,799.239,873.339
7.46e-06,-86.9881,-798.555,-873.993,799.239,873.339
7.47e-06,-86.984,-798.555,-873.992,799.239,873.338
7.48e-06,-86.98,-798.555,-873.991,799.239,873.338
7.49e-06,-86.976,-798.555,-873.99,799.239,873.337
7.5e-06,-86.972,-798.555,-873.989,799.239,873.337
7.51e-06,-86.968,-798.555,-873.988,799.239,873.336
7.52e-06,-86.964,-798.556,-873.987,799.239,873.336
7.53e-06,-86.96,-798.556,-873.987,799.239,873.336
7.54e-06,-86.956,-798.556,-873.986,799.239,873.335
7.55e-06,-86.952,-798.556,-873.985,799.239,873.335
7.56e-06,-86.948,-798.556,-873.984,799.239,873.334
7.57e-06,-86.944,-798.556,-873.983,799.239,873.334
7.58e-06,-86.9401,-798.556,-873.982,799.239,873.333
7.59e-06,-86.9361,-798.556,-873.981,799.239,873.333
7.6e-06,-86.9321,-798.556,-873.98,799.239,873.332
7.61e-06,-86.9281,-798.556,-873.98,799.239,873.332
7.62e-06,-86.9241,-798.556,-873.979,799.239,873.331
7.63e-06,-86.9201,-798.556,-873.978,799.239,873.331
7.64e-06,-86.9161,-798.556,-873.977,799.239,873.33
7.65e-06,-86.9121,-798.556,-873.976,799.239,873.33
7.66e-06,-86.9082,-798.556,-873.975,799.239,873.33
7.67e-06,-86.9042,-798.556,-873.974,799.24,873.329
7.68e-06,-86.9002,-798.557,-873.973,799.24,873.329
7.69e-06,-86.8962,-798.557,-873.973,799.24,873.328
7.7e-06,-86.8923,-798.557,-873.972,799.24,873.328
7.71e-06,-86.8883,-798.557,-873.971,799.24,873.327
7.72e-06,-86.8843,-798.557,-873.97,799.24,873.327
7.73e-06,-86.8803,-798.557,-873.969,799.24,873.326
7.74e-06,-86.8764,-798.557,-873.968,799.24,873.326
7.75e-06,-86.8724,-798.557,-873.967,799.24,873.325
7.76e-06,-86.8684,-798.557,-873.966,799.24,873.325
7.77e-06,-86.8645,-798.557,-873.966,799.24,873.324
7.78e-06,-86.8605,-798.557,-873.965,799.24,873.324
7.79e-06,-86.8565,-798.557,-873.964,799.24,873.324
7.8e-06,-86.8526,-798.557,-873.963,799.24,873.323
7.81e-06,-86.8486,-798.557,-873.962,799.24,873.323
7.82e-06,-86.8446,-798.557,-873.961,799.24,873.322
7.83e-06,-86.8407,-798.557,-873.96,799.24,873.322
7.84e-06,-86.8367,-798.558,-873.959,799.24,873.321
7.85e-06,-86.8328,-798.558,-873.959,799.24,873.321
7.86e-06,-86.8288,-798.558,-873.958,799.24,873.32
7.87e-06,-86.8249,-798.558,-873.957,799.24,873.32
7.88e-06,-86.8209,-798.558,-873.956,799.24,873.319
7.89e-06,-86.8169,-798.558,-873.955,799.24,873.319
7.9e-06,-86.813,-798.558,-873.954,799.24,873.318
7.91e-06,-86.8091,-798.558,-873.953,799.24,873.318
7.92e-06,-86.8051,-798.558,-873.952,799.24,873.318
7.93e-06,-86.8012,-798.558,-873.952,799.24,873.317
7.94e-06,-86.7972,-798.558,-873.951,799.24,873.317
7.95e-06,-86.7933,-798.558,-873.95,799.24,873.316
7.96e-06,-86.7893,-798.558,-873.949,799.24,873.316
7.97e-06,-86.7854,-798.558,-873.948,799.24,873.315
7.98e-06,-86.7814,-798.558,-873.947,799.241,873.315
7.99e-06,-86.7775,-798.558,-873.946,799.241,873.314
8e-06,-86.7736,-798.559,-873.945,799.241,873.314
8.01e-06,-86.7696,-798.559,-873.945,799.241,873.313
8.02e-06,-86.7657,-798.559,-873.944,799.241,873.313
8.03e-06,-86.7618,-798.559,-873.943,799.241,873.312
8.04e-06,-86.7578,-798.559,-873.942,799.241,873.312
8.05e-06,-86.7539,-798.559,-873.941,799.241,873.311
8.06e-06,-86.75,-798.559,-873.94,799.241,873.311
8.07e-06,-86.7461,-798.559,-873.939,799.241,873.311
8.08e-06,-86.7421,-798.559,-873.938,799.241,873.31
8.09e-06,-86.7382,-798.559,-873.937,799.241,873.31
8.1e-06,-86.7343,-798.559,-873.937,799.241,873.309
8.11e-06,-86.7304,-798.559,-873.936,799.241,873.309
8.12e-06,-86.7264,-798.559,-873.935,799.241,873.308
8.13e-06,-86.7225,-798.559,-873.934,799.241,873.308
8.14e-06,-86.7186,-798.559,-873.933,799.241,873.307
8.15e-06,-86.7147,-798.559,-873.932,799.241,873.307
8.16e-06,-86.7108,-798.56,-873.931,799.241,873.306
8.17e-06,-86.7069,-798.56,-873.93,799.241,873.306
8.18e-06,-86.7029,-798.56,-873.93,799.241,873.305
8.19e-06,-86.699,-798.56,-873.929,799.241,873.305
8.2e-06,-86.6951,-798.56,-873.928,799.241,873.305
8.21e-06,-86.6912,-798.56,-873.927,799.241,873.304
8.22e-06,-86.6873,-798.56,-873.926,799.241,873.304
8.23e-06,-86.6834,-798.56,-873.925,799.241,873.303
8.24e-06,-86.6795,-798.56,-873.924,799.241,873.303
8.25e-06,-86.6756,-798.56,-873.923,799.241,873.302
8.26e-06,-86.6717,-798.56,-873.923,799.241,873.302
8.27e-06,-86.6678,-798.56,-873.922,799.241,873.301
8.28e-06,-86.6639,-798.56,-873.921,799.241,873.301
8.29e-06,-86.66,-798.56,-873.92,799.241,873.3
8.3e-06,-86.6561,-798.56,-873.919,799.242,873.3
8.31e-06,-86.6522,-798.56,-873.918,799.242,873.299
8.32e-06,-86.6483,-798.561,-873.917,799.242,873.299
8.33e-06,-86.6444,-798.561,-873.916,799.242,873.299
8.34e-06,-86.6405,-798.561,-873.916,799.242,873.298
8.35e-06,-86.6366,-798.561,-873.915,799.242,873.298
8.36e-06,-86.6327,-798.561,-873.914,799.242,873.297
8.37e-06,-86.6289,-798.561,-873.913,799.242,873.297
8.38e-06,-86.625,-798.561,-873.912,799.242,873.296
8.39e-06,-86.6211,-798.561,-873.911,799.242,873.296
8.4e-06,-86.6172,-798.561,-873.91,799.242,873.295
8.41e-06,-86.6133,-798.561,-873.909,799.242,873.295
8.42e-06,-86.6094,-798.561,-873.909,799.242,873.294
8.43e-06,-86.6056,-798.561,-873.908,799.242,873.294
8.44e-06,-86.6017,-798.561,-873.907,799.242,873.293
8.45e-06,-86.5978,-798.561,-873.906,799.242,873.293
8.46e-06,-86.5939,-798.561,-873.905,799.242,873.293
8.47e-06,-86.5901,-798.561,-873.904,799.242,873.292
8.48e-06,-86.5862,-798.562,-873.903,799.242,873.292
8.49e-06,-86.5823,-798.562,-873.902,799.242,873.291
8.5e-06,-86.5784,-798.562,-873.902,799.242,873.291
8.51e-06,-86.5746,-798.562,-873.901,799.242,873.29
8.52e-06,-86.5707,-798.562,-873.9,799.242,873.29
8.53e-06,-86.5668,-798.562,-873.899,799.242,873.289
8.54e-06,-86.563,-798.562,-873.898,799.242,873.289
8.55e-06,-86.5591,-798.562,-873.897,799.242,873.288
8.56e-06,-86.5552,-798.562,-873.896,799.242,873.288
8.57e-06,-86.5514,-798.562,-873.895,799.242,873.287
8.58e-06,-86.5475,-798.562,-873.895,799.242,873.287
8.59e-06,-86.5437,-798.562,-873.894,799.242,873.287
8.6e-06,-86.5398,-798.562,-873.893,799.242,873.286
8.61e-06,-86.536,-798.562,-873.892,799.242,873.286
8.62e-06,-86.5321,-798.562,-873.891,799.243,873.285
8.63e-06,-86.5282,-798.562,-873.89,799.243,873.285
8.64e-06,-86.5244,-798.563,-873.889,799.243,873.284
8.65e-06,-86.5205,-798.563,-873.888,799.243,873.284
8.66e-06,-86.5167,-798.563,-873.888,799.243,873.283
8.67e-06,-86.5129,-798.563,-873.887,799.243,873.283
8.68e-06,-86.509,-798.563,-873.886,799.243,873.282
8.69e-06,-86.5052,-798.563,-873.885,799.243,873.282
8.7e-06,-86.5013,-798.563,-873.884,799.243,873.281
8.71e-06,-86.4975,-798.563,-873.883,799.243,873.281
8.72e-06,-86.4936,-798.563,-873.882,799.243,873.281
8.73e-06,-86.4898,-798.563,-873.882,799.243,873.28
8.74e-06,-86.486,-798.563,-873.881,799.243,873.28
8.75e-06,-86.4821,-798.563,-873.88,799.243,873.279
8.76e-06,-86.4783,-798.563,-873.879,799.243,873.279
8.77e-06,-86.4744,-798.563,-873.878,799.243,873.278
8.78e-06,-86.4706,-798.563,-873.877,799.243,873.278
8.79e-06,-86.4668,-798.563,-873.876,799.243,873.277
8.8e-06,-86.463,-798.563,-873.875,799.243,873.277
8.81e-06,-86.4591,-798.564,-873.875,799.243,873.276
8.82e-06,-86.4553,-798.564,-873.874,799.243,873.276
8.83e-06,-86.4515,-798.564,-873.873,799.243,873.275
8.84e-06,-86.4476,-798.564,-873.872,799.243,873.275
8.85e-06,-86.4438,-798.564,-873.871,799.243,873.275
8.86e-06,-86.44,-798.564,-873.87,799.243,873.274
8.87e-06,-86.4362,-798.564,-873.869,799.243,873.274
8.88e-06,-86.4324,-798.564,-873.868,799.243,873.273
8.89e-06,-86.4285,-798.564,-873.868,799.243,873.273
8.9e-06,-86.4247,-798.564,-873.867,799.243,873.272
8.91e-06,-86.4209,-798.564,-873.866,799.243,873.272
8.92e-06,-86.4171,-798.564,-873.865,799.243,873.271
8.93e-06,-86.4133,-798.564,-873.864,799.243,873.271
8.94e-06,-86.4095,-798.564,-873.863,799.244,873.27
8.95e-06,-86.4057,-798.564,-873.862,799.244,873.27
8.96e-06,-86.4019,-798.564,-873.861,799.244,873.269
8.97e-06,-86.398,-798.565,-873.861,799.244,873.269
8.98e-06,-86.3942,-798.565,-873.86,799.244,873.269
8.99e-06,-86.3904,-798.565,-873.859,799.244,873.268
9e-06,-86.3866,-798.565,-873.858,799.244,873.268
9.01e-06,-86.3828,-798.565,-873.857,799.244,873.267
9.02e-06,-86.379,-798.565,-873.856,799.244,873.267
9.03e-06,-86.3752,-798.565,-873.855,799.244,873.266
9.04e-06,-86.3714,-798.565,-873.854,799.244,873.266
9.05e-06,-86.3676,-798.565,-873.854,799.244,873.265
9.06e-06,-86.3638,-798.565,-873.853,799.244,873.265
9.07e-06,-86.36,-798.565,-873.852,799.244,873.264
9.08e-06,-86.3562,-798.565,-873.851,799.244,873.264
9.09e-06,-86.3525,-798.565,-873.85,799.244,873.263
9.1e-06,-86.3487,-798.565,-873.849,799.244,873.263
9.11e-06,-86.3449,-798.565,-873.848,799.244,873.263
9.12e-06,-86.3411,-798.565,-873.847,799.244,873.262
9.13e-06,-86.3373,-798.565,-873.847,799.244,873.262
9.14e-06,-86.3335,-798.566,-873.846,799.244,873.261
9.15e-06,-86.3297,-798.566,-873.845,799.244,873.261
9.16e-06,-86.3259,-798.566,-873.844,799.244,873.26
9.17e-06,-86.3222,-798.566,-873.843,799.244,873.26
9.18e-06,-86.3184,-798.566,-873.842,799.244,873.259
9.19e-06,-86.3146,-798.566,-873.841,799.244,873.259
9.2e-06,-86.3108,-798.566,-873.84,799.244,873.258
9.21e-06,-86.3071,-798.566,-873.84,799.244,873.258
9.22e-06,-86.3033,-798.566,-873.839,799.244,873.257
9.23e-06,-86.2995,-798.566,-873.838,799.244,873.257
9.24e-06,-86.2957,-798.566,-873.837,799.244,873.257
9.25e-06,-86.292,-798.566,-873.836,799.244,873.256
9.26e-06,-86.2882,-798.566,-873.835,799.244,873.256
9.27e-06,-86.2844,-798.566,-873.834,799.245,873.255
9.28e-06,-86.2807,-798.566,-873.833,799.245,873.255
9.29e-06,-86.2769,-798.566,-873.833,799.245,873.254
9.3e-06,-86.2731,-798.566,-873.832,799.245,873.254
9.31e-06,-86.2694,-798.567,-873.831,799.245,873.253
9.32e-06,-86.2656,-798.567,-873.83,799.245,873.253
9.33e-06,-86.2618,-798.567,-873.829,799.245,873.252
9.34e-06,-86.2581,-798.567,-873.828,799.245,873.252
9.35e-06,-86.2543,-798.567,-873.827,799.245,873.251
9.36e-06,-86.2506,-798.567,-873.826,799.245,873.251
9.37e-06,-86.2468,-798.567,-873.826,799.245,873.251
9.38e-06,-86.2431,-798.567,-873.825,799.245,873.25
9.39e-06,-86.2393,-798.567,-873.824,799.245,873.25
9.4e-06,-86.2356,-798.567,-873.823,799.245,873.249
9.41e-06,-86.2318,-798.567,-873.822,799.245,873.249
9.42e-06,-86.2281,-798.567,-873.821,799.245,873.248
9.43e-06,-86.2243,-798.567,-873.82,799.245,873.248
9.44e-06,-86.2206,-798.567,-873.819,799.245,873.247
9.45e-06,-86.2168,-798.567,-873.819,799.245,873.247
9.46e-06,-86.2131,-798.567,-873.818,799.245,873.246
9.47e-06,-86.2093,-798.568,-873.817,799.245,873.246
9.48e-06,-86.2056,-798.568,-873.816,799.245,873.245
9.49e-06,-86.2019,-798.568,-873.815,799.245,873.245
9.5e-06,-86.1981,-798.568,-873.814,799.245,873.245
9.51e-06,-86.1944,-798.568,-873.813,799.245,873.244
9.52e-06,-86.1907,-798.568,-873.812,799.245,873.244
9.53e-06,-86.1869,-798.568,-873.812,799.245,873.243
9.54e-06,-86.1832,-798.568,-873.811,799.245,873.243
9.55e-06,-86.1795,-798.568,-873.81,799.245,873.242
9.56e-06,-86.1757,-798.568,-873.809,799.245,873.242
9.57e-06,-86.172,-798.568,-873.808,799.245,873.241
9.58e-06,-86.1683,-798.568,-873.807,799.245,873.241
9.59e-06,-86.1645,-798.568,-873.806,799.245,873.24
9.6e-06,-86.1608,-798.568,-873.806,799.246,873.24
9.61e-06,-86.1571,-798.568,-873.805,799.246,873.239
9.62e-06,-86.1534,-798.568,-873.804,799.246,873.239
9.63e-06,-86.1497,-798.568,-873.803,799.246,873.239
9.64e-06,-86.1459,-798.569,-873.802,799.246,873.238
9.65e-06,-86.1422,-798.569,-873.801,799.246,873.238
9.66e-06,-86.1385,-798.569,-873.8,799.246,873.237
9.67e-06,-86.1348,-798.569,-873.799,799.246,873.237
9.68e-06,-86.1311,-798.569,-873.799,799.246,873.236
9.69e-06,-86.1274,-798.569,-873.798,799.246,873.236
9.7e-06,-86.1237,-798.569,-873.797,799.246,873.235
9.71e-06,-86.1199,-798.569,-873.796,799.246,873.235
9.72e-06,-86.1162,-798.569,-873.795,799.246,873.234
9.73e-06,-86.1125,-798.569,-873.794,799.246,873.234
9.74e-06,-86.1088,-798.569,-873.793,799.246,873.233
9.75e-06,-86.1051,-798.569,-873.792,799.246,873.233
9.76e-06,-86.1014,-798.569,-873.792,799.246,873.233
9.77e-06,-86.0977,-798.569,-873.791,799.246,873.232
9.78e-06,-86.094,-798.569,-873.79,799.246,873.232
9.79e-06,-86.0903,-798.569,-873.789,799.246,873.231
9.8e-06,-86.0866,-798.569,-873.788,799.246,873.231
9.81e-06,-86.0829,-798.57,-873.787,799.246,873.23
9.82e-06,-86.0792,-798.57,-873.786,799.246,873.23
9.83e-06,-86.0755,-798.57,-873.785,799.246,873.229
9.84e-06,-86.0718,-798.57,-873.785,799.246,873.229
9.85e-06,-86.0681,-798.57,-873.784,799.246,873.228
9.86e-06,-86.0645,-798.57,-873.783,799.246,873.228
9.87e-06,-86.0608,-798.57,-873.782,799.246,873.227
9.88e-06,-86.0571,-798.57,-873.781,799.246,873.227
9.89e-06,-86.0534,-798.57,-873.78,799.246,873.227
9.9e-06,-86.0497,-798.57,-873.779,799.246,873.226
9.91e-06,-86.046,-798.57,-873.778,799.246,873.226
9.92e-06,-86.0423,-798.57,-873.778,799.246,873.225
9.93e-06,-86.0387,-798.57,-873.777,799.246,873.225
9.94e-06,-86.035,-798.57,-873.776,799.247,873.224
9.95e-06,-86.0313,-798.57,-873.775,799.247,873.224
9.96e-06,-86.0276,-798.57,-873.774,799.247,873.223
9.97e-06,-86.024,-798.57,-873.773,799.247,873.223
9.98e-06,-86.0203,-798.571,-873.772,799.247,873.222
9.99e-06,-86.0166,-798.571,-873.772,799.247,873.222
