array,Tc_C,G_Wm2,V_mpp,P_mpp_W,eta,V_mean,V_std,limited
17s x 8p (1000 V class, 74 kW STC),0.0,50.0,704.34,3651.1,0.999320,703.56,5.34,False
17s x 8p (1000 V class, 74 kW STC),0.0,100.0,724.10,7511.5,0.999612,723.67,4.10,False
17s x 8p (1000 V class, 74 kW STC),0.0,200.0,742.58,15412.5,0.999708,742.68,3.61,False
17s x 8p (1000 V class, 74 kW STC),0.0,300.0,752.34,23424.4,0.999726,752.41,3.53,False
17s x 8p (1000 V class, 74 kW STC),0.0,500.0,762.73,39574.9,0.999745,762.85,3.45,False
17s x 8p (1000 V class, 74 kW STC),0.0,700.0,767.82,55758.8,0.999743,767.98,3.49,False
17s x 8p (1000 V class, 74 kW STC),0.0,1000.0,770.96,79936.6,0.999752,771.12,3.48,False
17s x 8p (1000 V class, 74 kW STC),25.0,50.0,636.18,3314.2,0.999344,635.41,5.14,False
17s x 8p (1000 V class, 74 kW STC),25.0,100.0,657.69,6859.8,0.999633,657.58,3.94,False
17s x 8p (1000 V class, 74 kW STC),25.0,200.0,677.95,14153.0,0.999730,677.88,3.45,False
17s x 8p (1000 V class, 74 kW STC),25.0,300.0,688.76,21573.3,0.999754,688.72,3.33,False
17s x 8p (1000 V class, 74 kW STC),25.0,500.0,700.49,36568.6,0.999765,700.43,3.31,False
17s x 8p (1000 V class, 74 kW STC),25.0,700.0,706.48,51621.0,0.999773,706.51,3.28,False
17s x 8p (1000 V class, 74 kW STC),25.0,1000.0,710.60,74129.8,0.999780,710.60,3.28,False
17s x 8p (1000 V class, 74 kW STC),50.0,50.0,568.48,2969.8,0.999413,568.02,4.75,False
17s x 8p (1000 V class, 74 kW STC),50.0,100.0,591.69,6192.7,0.999655,591.46,3.72,False
17s x 8p (1000 V class, 74 kW STC),50.0,200.0,613.68,12862.6,0.999763,613.81,3.15,False
17s x 8p (1000 V class, 74 kW STC),50.0,300.0,625.51,19675.9,0.999787,625.49,3.04,False
17s x 8p (1000 V class, 74 kW STC),50.0,500.0,638.57,33485.7,0.999798,638.57,3.02,False
17s x 8p (1000 V class, 74 kW STC),50.0,700.0,645.45,47376.9,0.999804,645.43,3.02,False
17s x 8p (1000 V class, 74 kW STC),50.0,1000.0,650.55,68173.4,0.999811,650.41,3.01,False
17s x 8p (1000 V class, 74 kW STC),70.0,50.0,514.77,2689.7,0.999439,514.51,4.51,False
17s x 8p (1000 V class, 74 kW STC),70.0,100.0,539.28,5649.6,0.999702,539.41,3.36,False
17s x 8p (1000 V class, 74 kW STC),70.0,200.0,562.61,11811.0,0.999777,562.53,3.01,False
17s x 8p (1000 V class, 74 kW STC),70.0,300.0,575.25,18128.8,0.999803,575.15,2.87,False
17s x 8p (1000 V class, 74 kW STC),70.0,500.0,589.34,30970.7,0.999823,589.28,2.78,False
17s x 8p (1000 V class, 74 kW STC),70.0,700.0,596.94,43913.9,0.999834,596.83,2.73,False
17s x 8p (1000 V class, 74 kW STC),70.0,1000.0,602.82,63312.8,0.999838,602.71,2.75,False
8s x 8p (low voltage, 35 kW STC),25.0,50.0,299.38,1559.6,0.999336,299.08,2.43,False
8s x 8p (low voltage, 35 kW STC),25.0,100.0,309.50,3228.1,0.999636,309.38,1.85,False
8s x 8p (low voltage, 35 kW STC),25.0,200.0,319.04,6660.2,0.999730,319.03,1.62,False
8s x 8p (low voltage, 35 kW STC),25.0,300.0,324.12,10152.1,0.999759,324.12,1.55,False
8s x 8p (low voltage, 35 kW STC),25.0,500.0,329.64,17208.7,0.999766,329.65,1.55,False
8s x 8p (low voltage, 35 kW STC),25.0,700.0,332.46,24292.2,0.999773,332.50,1.54,False
8s x 8p (low voltage, 35 kW STC),25.0,1000.0,334.40,34884.6,0.999778,334.39,1.55,False
8s x 8p (low voltage, 35 kW STC),70.0,50.0,242.25,1265.7,0.998537,255.31,0.61,False
8s x 8p (low voltage, 35 kW STC),70.0,100.0,253.78,2658.7,0.999815,255.38,0.71,False
8s x 8p (low voltage, 35 kW STC),70.0,200.0,264.76,5558.1,0.999779,264.61,1.41,False
8s x 8p (low voltage, 35 kW STC),70.0,300.0,270.70,8531.2,0.999802,270.68,1.36,False
8s x 8p (low voltage, 35 kW STC),70.0,500.0,277.34,14574.4,0.999824,277.31,1.31,False
8s x 8p (low voltage, 35 kW STC),70.0,700.0,280.91,20665.4,0.999831,280.87,1.30,False
8s x 8p (low voltage, 35 kW STC),70.0,1000.0,283.68,29794.2,0.999837,283.64,1.30,False
