path,vendor,design,title,url,retrieved,bytes,sha256,status,note
infineon/ref-10kw3lnpc2/ref-10kw3lnpc2_user-manual_ug-2024-09.pdf,infineon,ref-10kw3lnpc2,REF-10KW3LNPC2 10 kW 3-level NPC2 inverter reference design user manual (UG-2024-09),https://www.infineon.com/assets/row/public/documents/60/44/infineon-ref-10kw3lnpc2-usermanual-en.pdf,2026-10-04,5761135,48dabd6e55a558027a1b97266f47e889b0335cc9b00309094dccc20319720fdd,OK,
megarevo/pma/pma-105kw-us-standard_datasheet_v1-1.pdf,megarevo,pma,Megarevo PMA 105kW US-standard (file name: Mei-biao) modular datasheet V1.1 (linked from PMA page),https://www.megarevo.com/upload/download/%E7%BE%8E%E6%A0%87%20105kW%20PMA%20modular%20V1.1.pdf,2026-10-04,329455,7169ab9a409607988fbfe8d7ec7e5e8e5d0e47d5f72210bcbca2c95feb3439d9,OK,
megarevo/pma/pma-125-135kw_datasheet_v1-0.pdf,megarevo,pma,Megarevo PMA 125-135kW modular datasheet V1.0 (linked from PMA page),https://www.megarevo.com/upload/download/125-135kW%20%20PMA%20modular%20V1.0.pdf,2026-10-04,644413,3550e7b9a350244dfc568712a1b021db8f7242c5929f8a2efb15c51481e90d93,OK,
megarevo/pma/pma-80-105kw_datasheet_v1-2.pdf,megarevo,pma,Megarevo PMA 80-105kW modular datasheet V1.2 (linked from PMA page),https://www.megarevo.com/upload/download/80-105kW%20%20PMA%20modular%20V1.2.pdf,2026-10-04,339824,5bc53aa304def09eea12f3e91286c6e1cd88b0f4d4cb4903543eb5d6927215d2,OK,
megarevo/pma/pma-g1-50-60kw_datasheet_v1-2.pdf,megarevo,pma,Megarevo PMA-G1 50-60kW modular datasheet V1.2 (linked from PMA page),https://www.megarevo.com/upload/download/50-60kW%20%20PMA-G1%20modular%20V1.2.pdf,2026-10-04,868465,29a9ad017fae42f0a1bd472ef839b416f74b17f6f4647fd0c63107041e801bf8,OK,
megarevo/pma/pma-g2-50-60kw_datasheet_v1-0.pdf,megarevo,pma,Megarevo PMA-G2 50-60kW modular datasheet V1.0 (linked from PMA page),https://www.megarevo.com/upload/download/50-60kW%20%20PMA-G2%20modular%20V1.0.pdf,2026-10-04,691971,de63d786506da8d86b018464d89f37bdb2a67b0b5abb7ad565d4c57cfcf8296b,OK,
megarevo/pma/pma-g2-80-105kw_datasheet_v1-0.pdf,megarevo,pma,Megarevo PMA-G2 80-105kW modular datasheet V1.0 (linked from PMA page),https://www.megarevo.com/upload/download/80-105kW%20%20PMA-G2%20modular%20V1.0.pdf,2026-10-04,663226,bc9f4576cf801108bbd175f4a056a07a5a0108bdc1c4e1d67869d4c55683f199,OK,
megarevo/pma/pma_user-manual_20250327-v2-00.pdf,megarevo,pma,Megarevo PMA series user manual (PMA0050/0060/0080B/0080F/0105B; site file name PMA-Standard Neutral-A4-20250327-EN-V2.00_A) (linked from PMA page),https://www.megarevo.com/upload/download/PMA-Standard%20Neutral-A4-20250327-EN-V2.00_A.pdf,2026-10-04,18683363,5ab52833fcf519dbad693e051490d9e1e8ccf07a52f5d01d54c99e754d50ea65,OK,
megarevo/pmd-75-g3/pmd-75-g3_datasheet_v1-0.pdf,megarevo,pmd-75-g3,Megarevo 75kW PMD-G3 module datasheet V1.0 (linked from the PMD-G3 page),https://www.megarevo.com/upload/download/75kW%20%20PMD-G3%20module%20V1.0.pdf,2026-10-04,1050007,6f0e228c4add7e586170031e2db819e1c80e4e119e118b7248fcd801dfe3aadc,OK,
onsemi/tnd6401-6408-25kw-dcfc/tnd6401_part1-structure-and-key-specs.pdf,onsemi,tnd6401-6408-25kw-dcfc,onsemi TND6401/D part 1: structure of a fast EV charger and key electrical specifications,https://www.onsemi.com/download/reference-designs/pdf/tnd6401-d.pdf,2026-10-04,0,,MANUAL,"Retried once on 2026-10-04 with plain curl -L --fail -A ""Mozilla/5.0"": HTTP 403 (onsemi Akamai edge). Not circumvented; open the link in a browser. Link found by search. Product page: https://www.onsemi.com/design/evaluation-board/SEC-25KW-SIC-PIM-GEVK"
onsemi/tnd6401-6408-25kw-dcfc/tnd6402_part2-solution-overview.pdf,onsemi,tnd6401-6408-25kw-dcfc,onsemi TND6402/D part 2: solution overview,https://www.onsemi.com/design/evaluation-board/SEC-25KW-SIC-PIM-GEVK,2026-10-04,0,,MANUAL,"Retried once on 2026-10-04 with plain curl -L --fail -A ""Mozilla/5.0"": HTTP 403 (onsemi Akamai edge). Not circumvented; open the link in a browser. Direct link NOT verified: pattern https://www.onsemi.com/pub/collateral/tnd6402-d.pdf ; a search-indexed reprint of the content is https://www.onsemi.com/site/pdf/H2PToday2105_design_ONSemi.pdf (also 403). Find the document from the product page."
onsemi/tnd6401-6408-25kw-dcfc/tnd6403_part3-pfc-simulation-and-development.pdf,onsemi,tnd6401-6408-25kw-dcfc,onsemi TND6403/D part 3: PFC simulation and development,https://www.onsemi.com/design/evaluation-board/SEC-25KW-SIC-PIM-GEVK,2026-10-04,0,,MANUAL,"Retried once on 2026-10-04 with plain curl -L --fail -A ""Mozilla/5.0"": HTTP 403 (onsemi Akamai edge). Not circumvented; open the link in a browser. Direct link NOT verified: pattern https://www.onsemi.com/pub/collateral/tnd6403-d.pdf . Find the document from the product page."
onsemi/tnd6401-6408-25kw-dcfc/tnd6404_part4-dc-dc-dab-simulation-and-design.pdf,onsemi,tnd6401-6408-25kw-dcfc,onsemi TND6404/D part 4: DC-DC (DAB) simulation and design considerations,https://www.onsemi.com/design/evaluation-board/SEC-25KW-SIC-PIM-GEVK,2026-10-04,0,,MANUAL,"Retried once on 2026-10-04 with plain curl -L --fail -A ""Mozilla/5.0"": HTTP 403 (onsemi Akamai edge). Not circumvented; open the link in a browser. Direct link NOT verified: pattern https://www.onsemi.com/pub/collateral/tnd6404-d.pdf . Find the document from the product page."
onsemi/tnd6401-6408-25kw-dcfc/tnd6405_part5-control-algorithms-modulation-feedback.pdf,onsemi,tnd6401-6408-25kw-dcfc,"onsemi TND6405/D part 5: control algorithms, modulation schemes and feedback",https://www.onsemi.com/design/evaluation-board/SEC-25KW-SIC-PIM-GEVK,2026-10-04,0,,MANUAL,"Retried once on 2026-10-04 with plain curl -L --fail -A ""Mozilla/5.0"": HTTP 403 (onsemi Akamai edge). Not circumvented; open the link in a browser. Direct link NOT verified: pattern https://www.onsemi.com/pub/collateral/tnd6405-d.pdf . Find the document from the product page."
onsemi/tnd6401-6408-25kw-dcfc/tnd6406_part6-gate-drive-system.pdf,onsemi,tnd6401-6408-25kw-dcfc,onsemi TND6406/D part 6: gate drive system for power modules,https://www.onsemi.com/design/evaluation-board/SEC-25KW-SIC-PIM-GEVK,2026-10-04,0,,MANUAL,"Retried once on 2026-10-04 with plain curl -L --fail -A ""Mozilla/5.0"": HTTP 403 (onsemi Akamai edge). Not circumvented; open the link in a browser. Direct link NOT verified: pattern https://www.onsemi.com/pub/collateral/tnd6406-d.pdf . Find the document from the product page."
onsemi/tnd6401-6408-25kw-dcfc/tnd6407_part7-auxiliary-power-800v.pdf,onsemi,tnd6401-6408-25kw-dcfc,onsemi TND6407/D part 7: auxiliary power supply units for 800 V EV chargers,https://www.onsemi.com/design/evaluation-board/SEC-25KW-SIC-PIM-GEVK,2026-10-04,0,,MANUAL,"Retried once on 2026-10-04 with plain curl -L --fail -A ""Mozilla/5.0"": HTTP 403 (onsemi Akamai edge). Not circumvented; open the link in a browser. Direct link NOT verified: pattern https://www.onsemi.com/pub/collateral/tnd6407-d.pdf . Find the document from the product page."
onsemi/tnd6401-6408-25kw-dcfc/tnd6408_part8-thermal-management.pdf,onsemi,tnd6401-6408-25kw-dcfc,onsemi TND6408/D part 8: thermal management,https://www.onsemi.com/design/evaluation-board/SEC-25KW-SIC-PIM-GEVK,2026-10-04,0,,MANUAL,"Retried once on 2026-10-04 with plain curl -L --fail -A ""Mozilla/5.0"": HTTP 403 (onsemi Akamai edge). Not circumvented; open the link in a browser. Direct link NOT verified: pattern https://www.onsemi.com/pub/collateral/tnd6408-d.pdf . Find the document from the product page."
st/stdes-dabbidir/stdes-dabbidir_bom_v2-0.pdf,st,stdes-dabbidir,STDES-DABBIDIR bill of materials v2.0,https://www.st.com/content/ccc/resource/technical/document/bill_of_materials/group2/63/8e/bf/15/c6/c5/4a/74/STDES-DABBIDIR_BOM/files/stdes-dabbidir-bom.pdf/jcr:content/translations/en.stdes-dabbidir-bom.pdf,2026-10-04,0,,MANUAL,"Retried once on 2026-10-04 with plain curl -L --fail -A ""Mozilla/5.0"": curl exit 92, HTTP/2 stream INTERNAL_ERROR (st.com closes the connection for non-browser clients). Not circumvented; open the link in a browser. Product page: https://www.st.com/en/evaluation-tools/stdes-dabbidir.html"
st/stdes-dabbidir/stdes-dabbidir_data-brief_db4879.pdf,st,stdes-dabbidir,STDES-DABBIDIR data brief DB4879,https://www.st.com/resource/en/data_brief/stdes-dabbidir.pdf,2026-10-04,0,,MANUAL,"Retried once on 2026-10-04 with plain curl -L --fail -A ""Mozilla/5.0"": curl exit 92, HTTP/2 stream INTERNAL_ERROR (st.com closes the connection for non-browser clients). Not circumvented; open the link in a browser. Product page: https://www.st.com/en/evaluation-tools/stdes-dabbidir.html"
st/stdes-dabbidir/stdes-dabbidir_schematic_v2-0.pdf,st,stdes-dabbidir,"STDES-DABBIDIR schematic v2.0 (Rev 2, 13 Dec 2023)",https://www.st.com/resource/en/schematic_pack/stdes-dabbidir-schematic.pdf,2026-10-04,0,,MANUAL,"Retried once on 2026-10-04 with plain curl -L --fail -A ""Mozilla/5.0"": curl exit 92, HTTP/2 stream INTERNAL_ERROR (st.com closes the connection for non-browser clients). Not circumvented; open the link in a browser. Product page: https://www.st.com/en/evaluation-tools/stdes-dabbidir.html"
st/stdes-dabbidir/stdes-dabbidir_test-report_tn1435.pdf,st,stdes-dabbidir,STDES-DABBIDIR test report TN1435 [extra],https://www.st.com/resource/en/technical_note/tn1435-stdesdabbidir--test-report-stmicroelectronics.pdf,2026-10-04,0,,MANUAL,"Retried once on 2026-10-04 with plain curl -L --fail -A ""Mozilla/5.0"": curl exit 92, HTTP/2 stream INTERNAL_ERROR (st.com closes the connection for non-browser clients). Not circumvented; open the link in a browser. Product page: https://www.st.com/en/evaluation-tools/stdes-dabbidir.html"
st/stdes-dabbidir/stdes-dabbidir_user-manual_um3198.pdf,st,stdes-dabbidir,STDES-DABBIDIR user manual UM3198,https://www.st.com/resource/en/user_manual/um3198-25-kw-dual-active-bridge-bidirectional-power-converter-for-ev-charging-and-battery-energy-storage-systems-stmicroelectronics.pdf,2026-10-04,0,,MANUAL,"Retried once on 2026-10-04 with plain curl -L --fail -A ""Mozilla/5.0"": curl exit 92, HTTP/2 stream INTERNAL_ERROR (st.com closes the connection for non-browser clients). Not circumvented; open the link in a browser. Product page: https://www.st.com/en/evaluation-tools/stdes-dabbidir.html"
st/stdes-pfcbidir/stdes-pfcbidir_data-brief.pdf,st,stdes-pfcbidir,STDES-PFCBIDIR data brief,https://www.st.com/resource/en/data_brief/stdes-pfcbidir.pdf,2026-10-04,0,,MANUAL,"Retried once on 2026-10-04 with plain curl -L --fail -A ""Mozilla/5.0"": curl exit 92, HTTP/2 stream INTERNAL_ERROR (st.com closes the connection for non-browser clients). Not circumvented; open the link in a browser. Product page: https://www.st.com/en/evaluation-tools/stdes-pfcbidir.html"
ti/tida-010054/tida-010054_bom_tidrzw1.pdf,ti,tida-010054,TIDA-010054 bill of materials (TIDRZW1) [Rev. B],https://www.ti.com/lit/df/tidrzw1b/tidrzw1b.pdf,2026-10-04,254299,4007fb7ff6dff5cafea788a68ce16e7000f2b6d6777424c1eb8d739b02ec5237,OK,
ti/tida-010054/tida-010054_design-guide_tidues0.pdf,ti,tida-010054,TIDA-010054 design guide: Bidirectional DAB reference design for Level 3 EV charging stations (TIDUES0) [Rev. F],https://www.ti.com/lit/ug/tidues0f/tidues0f.pdf,2026-10-04,6168251,d0b0fc4d4da129aa1bc9518f44ac58fdc35221c24ba79b66c558a8628d4ef0f5,OK,
ti/tida-010054/tida-010054_schematic_tidrzw0.pdf,ti,tida-010054,TIDA-010054 schematic (TIDRZW0) [Rev. C],https://www.ti.com/lit/df/tidrzw0c/tidrzw0c.pdf,2026-10-04,2117024,dd7d28286c8451157dcbd51ab8933516f16ffe4e9fac177d7740fba5e4d931c3,OK,
ti/tida-010247/tida-010247_bom_tidmb59.pdf,ti,tida-010247,TIDA-010247 bill of materials (TIDMB59) [Rev. A],https://www.ti.com/lit/df/tidmb59a/tidmb59a.pdf,2026-10-04,169638,141d00b9c469a51a31bf75b6aa4e54e27408e09744f55095c6f0acfedb037b6a,OK,10 pages.
ti/tida-010247/tida-010247_design-guide_tiduf20.pdf,ti,tida-010247,TIDA-010247 design guide: battery monitoring unit (BMU) for HV energy storage (TIDUF20) [Rev. B],https://www.ti.com/lit/ug/tiduf20b/tiduf20b.pdf,2026-10-04,1494467,745b07e447a2299bec8dd8e5bc8c4225b436acd5fe48f563bcc17a7a64bbcb45,OK,
ti/tida-010247/tida-010247_schematic_tidmb58.pdf,ti,tida-010247,TIDA-010247 schematic (TIDMB58) [Rev. A],https://www.ti.com/lit/df/tidmb58a/tidmb58a.pdf,2026-10-04,5281857,78cd083b0fe0fb5eb1732fba578d34958ff39bdd06766a7919b9929f31cc9106,OK,"Altium export, 11 pages."
ti/tida-010253/tida-010253_bom_tidmc34.pdf,ti,tida-010253,TIDA-010253 bill of materials (TIDMC34),https://www.ti.com/lit/df/tidmc34/tidmc34.pdf,2026-10-04,232203,fb4264ec31404655370b95ed671b9d1e18484412c79e5d545b061f026f8b9cc0,OK,7 pages.
ti/tida-010253/tida-010253_design-guide_tiduf55.pdf,ti,tida-010253,TIDA-010253 design guide: battery control unit (BCU) for HV battery rack (TIDUF55),https://www.ti.com/lit/ug/tiduf55/tiduf55.pdf,2026-10-04,1061865,4f8b43ed4102c88d8224589284d7d14d68b5695bb9c2205392633788e61b981b,OK,
ti/tida-010253/tida-010253_schematic_tidmc33.pdf,ti,tida-010253,TIDA-010253 schematic (TIDMC33),https://www.ti.com/lit/df/tidmc33/tidmc33.pdf,2026-10-04,1906995,00793c6cc16683a538252df6b8544185419741ec36587e7e32fea154f572165e,OK,"Altium export, 8 pages."
ti/tida-01606/tida-01606_bom_tidrvs4.pdf,ti,tida-01606,TIDA-01606 bill of materials (TIDRVS4) [Rev. G],https://www.ti.com/lit/df/tidrvs4g/tidrvs4g.pdf,2026-10-04,199979,1d09df14457faffc37613e738680570043fe06a0ca85f76c455821b4571b964a,OK,
ti/tida-01606/tida-01606_design-guide_tidue53.pdf,ti,tida-01606,TIDA-01606 design guide: 11 kW bidirectional three-phase three-level T-type inverter/PFC (TIDUE53) [Rev. J],https://www.ti.com/lit/ug/tidue53j/tidue53j.pdf,2026-10-04,5333577,c12286e37c3d38ee834b6af6a6f937575dfa8deb31778701060c3a9c0073c579,OK,
ti/tida-01606/tida-01606_schematic_tidrvs3.pdf,ti,tida-01606,TIDA-01606 schematic (TIDRVS3) [Rev. H],https://www.ti.com/lit/df/tidrvs3h/tidrvs3h.pdf,2026-10-04,2323314,64e3d409c895a61edb7c55762d15ba57a3a7a189808b60cc1b05447fe8a3bb0b,OK,
ti/tida-050063/tida-050063_bom_tidmb88.pdf,ti,tida-050063,TIDA-050063 bill of materials (TIDMB88),https://www.ti.com/lit/df/tidmb88/tidmb88.pdf,2026-10-04,159212,4f842e51f5be69c75e150b3c698f12281410c242873d133859c10fc2608a9a68,OK,
ti/tida-050063/tida-050063_design-guide_tiduf21.pdf,ti,tida-050063,TIDA-050063 design guide: active precharge for HV DC-link (TIDUF21) [Rev. A],https://www.ti.com/lit/ug/tiduf21a/tiduf21a.pdf,2026-10-04,1484221,e4491b1a5ba0fed715cdd196d651ed7160d6bb9a9f605fd4feaf9d31a654ed55,OK,
ti/tida-050063/tida-050063_schematic_tidmb87.pdf,ti,tida-050063,TIDA-050063 schematic (TIDMB87),https://www.ti.com/lit/df/tidmb87/tidmb87.pdf,2026-10-04,280632,f9bff690b26407e864b07997e6d3cd0d61b45bee61381f77c97241e55f66907c,OK,
ti/tida-050063/tida-050063_tech-article_sztd93.pdf,ti,tida-050063,TIDA-050063 related technical article: Designing a high-voltage DC-link capacitor active precharge circuit (SSZTD93) [extra],https://www.ti.com/lit/ta/ssztd93/ssztd93.pdf,2026-10-04,631454,6a47c63efa8bc8c185bc2ae7aafca8df0e970f3abfe7406131b5e1638581e87e,OK,
ti/tida-050082/tida-050082_bom_slurbb5.pdf,ti,tida-050082,TIDA-050082 bill of materials (SLURBB5),https://www.ti.com/lit/df/slurbb5/slurbb5.pdf,2026-10-04,168254,9c78f368c78a6999ab9f36edae84d96d5966d5f356d4c6a7af1b994a860c7cd0,OK,
ti/tida-050082/tida-050082_design-guide_tidufh5.pdf,ti,tida-050082,TIDA-050082 design guide: updated active precharge (TIDUFH5),https://www.ti.com/lit/ug/tidufh5/tidufh5.pdf,2026-10-04,3047390,522944129b7b4802067fa2763f8ea0bd997effba3d9388462d13ad4062d73efd,OK,
ti/tida-050082/tida-050082_schematic_slvrc09.pdf,ti,tida-050082,TIDA-050082 schematic (SLVRC09),https://www.ti.com/lit/df/slvrc09/slvrc09.pdf,2026-10-04,291356,9ea398d7b5ff1e07d60317478a883e26de2f8c86d2ea368a4a7e7be48bafae26,OK,
ti/tidm-buckboost-bidir/tidm-buckboost-bidir_bom_tidrcl0.pdf,ti,tidm-buckboost-bidir,TIDM-BUCKBOOST-BIDIR bill of materials (TIDRCL0) [Rev. A],https://www.ti.com/lit/df/tidrcl0a/tidrcl0a.pdf,2026-10-04,167668,d521ad6fdf82790f2a3ba71bec0f03bbcfb1dc91d891a85380d1afcb67bfee32,OK,
ti/tidm-buckboost-bidir/tidm-buckboost-bidir_design-guide_tidu638.pdf,ti,tidm-buckboost-bidir,TIDM-BUCKBOOST-BIDIR design guide: C2000 non-isolated bidirectional buck-boost user's guide (TIDU638),https://www.ti.com/lit/ug/tidu638/tidu638.pdf,2026-10-04,1289479,f9fc6006c68605acf7c5fdaf658ec51a392bd727acdaff1b80a3bd8be07ab5d6,OK,
ti/tidm-buckboost-bidir/tidm-buckboost-bidir_schematic_tidrck9.pdf,ti,tidm-buckboost-bidir,TIDM-BUCKBOOST-BIDIR schematic (TIDRCK9),https://www.ti.com/lit/df/tidrck9/tidrck9.pdf,2026-10-04,1060610,e563d53d5565244eddb745a7e2985eafb7c0395241fd9a4bb7e12b13a5ed4695,OK,
ti/tidm-buckboost-bidir/tidm-buckboost-bidir_test-report_tidu704.pdf,ti,tidm-buckboost-bidir,TIDM-BUCKBOOST-BIDIR test report (TIDU704) [extra],https://www.ti.com/lit/ug/tidu704/tidu704.pdf,2026-10-04,113089,cd35d62106675dcb974b13e827cd65d576116da87e31123a4b46b4f4cb7843b8,OK,
ti/tidm-solar-dcdc/tidm-solar-dcdc_app-note_sprabr6.pdf,ti,tidm-solar-dcdc,Digitally controlled HV solar MPPT DC-DC converter application note (SPRABR6) [extra: C2000 solar DC/DC firmware/MPPT note],https://www.ti.com/lit/an/sprabr6/sprabr6.pdf,2026-10-04,3382629,484f5a74716ba0ac90196e05aaa849ebc07771e4d0f15a7d5655ce201f98cd05,OK,
ti/tidm-solar-dcdc/tidm-solar-dcdc_bom_tidr758.zip,ti,tidm-solar-dcdc,"TIDM-SOLAR-DCDC bill of materials archive (TIDR758) [Rev. A]: master BOM Rev 4 (25 Jan 2021) and REACH/RoHS BOM, both xlsx, unpacked in design-files/tidr758/",https://www.ti.com/lit/df/tidr758a/tidr758a.zip,2026-10-04,143033,685c9c55694129b0d3d68ea972db945041c28b1767dbe0d6930c936c4bed2e9f,OK,The TI notice PDF inside the archive is not unpacked.
ti/tidm-solar-dcdc/tidm-solar-dcdc_schematic_tidr756.zip,ti,tidm-solar-dcdc,"TIDM-SOLAR-DCDC schematic archive (TIDR756) [Rev. A]: one binary CAD .sch plus TI notice, no PDF schematic",https://www.ti.com/lit/df/tidr756a/tidr756a.zip,2026-10-04,172073,48b3c4f3f7a1c432dcbd45dc3b2e2cdea9a9fb5f440eb75b83cfa1f788c53c92,OK,"TI publishes the schematic of this tool only as this ZIP. Kept packed (the .sch is a binary CAD file, not readable without the CAD tool)."
ti/tidm-solar-dcdc/tidm-solar-dcdc_user-guide_tidu404.pdf,ti,tidm-solar-dcdc,TIDM-SOLAR-DCDC user's guide: Digitally controlled HV solar MPPT DC-DC converter (TIDU404),https://www.ti.com/lit/ug/tidu404/tidu404.pdf,2026-10-04,2086851,046f9166a39ccc156ecb5e3b4fd669832be17741638124423a969ae1a4db063b,OK,
ti/tmdscncd28388d/tmdscncd28388d_information-guide_spruil8.pdf,ti,tmdscncd28388d,TMS320F28388D controlCARD (TMDSCNCD28388D) information guide (SPRUIL8) [Rev. B],https://www.ti.com/lit/ug/spruil8b/spruil8b.pdf,2026-10-04,1422949,af76c39cb85ec699618efede17f6742ca1c35836f4bc63211de39a3cfba7f4e9,OK,
ti/tmdscncd28388d/tmdscncd28388d_schematic.pdf,ti,tmdscncd28388d,"TMDSCNCD28388D controlCARD hardware files (schematic, BOM, Gerbers): shipped only inside C2000Ware at boards\controlCARDs\TMDSCNCD28388D",https://www.ti.com/tool/C2000WARE,2026-10-04,0,,MANUAL,"TI tool page https://www.ti.com/tool/TMDSCNCD28388D says ""Hardware files can be found by downloading C2000Ware"". No separate hardware-file download exists. C2000Ware 26.02.00.00.LTS is offered only as installers (Windows .exe, Linux .run, macOS .app.zip, about 323-327 MB each) from dr-download.ti.com/secure/, shown with a lock icon (TI login required). Per the brief (no login, no installers) nothing was downloaded or run. By hand: install C2000Ware and copy the PDFs/BOM from that folder into this directory, then add rows."
wolfspeed/crd-020dd17p-j/crd-020dd17p-j_design-files.zip,wolfspeed,crd-020dd17p-j,"Design files archive (Altium SchDoc/PcbDoc only - no PDF schematic in the package), unpacked in design-files/",https://assets.wolfspeed.com/uploads/2025/07/Wolfspeed_CRD-020DD17P-J_Design_Files.zip,2026-10-04,1216798,d8a522add22a4f7521a7cf1a63e424fbc62dfbec305787c8213cd13bebd8fe6f,OK,"Product-page design-files archive (no login). Contains only Altium SchDoc/PcbDoc/PrjPcb (no PDF schematic, no BOM); the four small Altium files are unpacked in design-files/ because there is no other schematic form."
wolfspeed/crd-020dd17p-j/crd-025dd17p-j_user-guide_prd-09375.pdf,wolfspeed,crd-020dd17p-j,"KIT-CRD-025DD17P-J 25 W auxiliary power flyback evaluation platform user guide PRD-09375 [SIBLING of CRD-020DD17P-J, not the requested 20 W board]",https://assets.wolfspeed.com/uploads/2025/08/Wolfspeed_PRD-09375_KIT-CRD-025DD17P-J_25W_Auxiliary_Power_Flyback_Evaluation_Platform_User_Guide.pdf,2026-10-04,2369015,df9076cf709b91bc7113998f5e1f2b0aa91c30e08182c14f72eb43ae129f3ba2,OK,Guide of the 25 W sibling KIT-CRD-025DD17P-J; the 20 W board has no user guide on its page.
wolfspeed/crd-25bda6512n-k/crd-25bda6512n-k_design-files.zip,wolfspeed,crd-25bda6512n-k,CRD-25BDA6512N-K design files (main board),https://www.wolfspeed.com/products/power/reference-designs/crd-25bda6512n-k/,2026-10-04,0,,MANUAL,"Product page (checked 2026-10-04) lists ""What's Included: Design Files for: Main board"" but its HTML has no download link for them (the CRD-60DD12N and XM3 pages carry a plain ""Download Design Files"" link; this one does not). ""Download Firmware and GUI"" is a JavaScript button under ""Request Separately"". Check the page in a browser or ask Wolfspeed."
wolfspeed/crd-25bda6512n-k/crd-25bda6512n-k_user-guide_prd-08613.pdf,wolfspeed,crd-25bda6512n-k,CRD-25BDA6512N-K 25 kW bi-directional T-type inverter user guide PRD-08613,https://assets.wolfspeed.com/uploads/2024/06/Wolfspeed_PRD-08613_CRD-25BDA6512N-K_25kW_Bi-Directional_T-Type_Inverter_User_Guide.pdf,2026-10-04,3845214,289a12cc2e13fc3536ce1cb88a328e94eb0a57990943bb58d53b1ef379d46158,OK,
wolfspeed/crd-60dd12n/crd-60dd12n_design-files.zip,wolfspeed,crd-60dd12n,"CRD-60DD12N design files archive (schematic PDFs, BOMs, Allegro layout, OrCAD source, Gerbers); only the 2 schematic PDFs and 2 BOM xlsx are unpacked in design-files/",https://assets.wolfspeed.com/uploads/2022/12/crd-60dd12n_all_design_files.zip,2026-10-04,1185078,6c49a80418276bd06ef1fe986c5c6a2aa9614f43500b892faabf1b09c8ab6587,OK,"Linked as ""Download Design Files"" on the product page (no login). Allegro .brd, OrCAD .DSN/.opj and Gerber zips stay inside the archive."
wolfspeed/crd-60dd12n/crd-60dd12n_user-guide_prd-06979.pdf,wolfspeed,crd-60dd12n,CRD-60DD12N 60 kW interleaved boost converter user guide PRD-06979 Rev. 2 Jan 2024,https://assets.wolfspeed.com/uploads/2024/01/Wolfspeed_PRD-06979_CRD-60DD12N_60kW_Interleaved_Boost_Converter_User_Guide.pdf,2026-10-04,3777928,1ba997e5b9f62ab005efe36e0d614ff1ad29710a477597da73ec4ab0bca203d4,OK,
wolfspeed/crd250da12e-xm3/crd250da12e-xm3_design-files.zip,wolfspeed,crd250da12e-xm3,"CRD250DA12E-XM3 design files archive (controller + discharge board schematics/BOMs/Gerbers, assembly BOM, STEP models); documents unpacked in design-files/",https://assets.wolfspeed.com/uploads/2021/05/crd250da12e_xm3_design_files.zip,2026-10-04,56586922,24c56b432c270419892b7f6c42bdaf014ef1c0370ee161cd02aafc7c45fd6fbd,OK,"Linked as ""Download Design Files"" on the product page (no login). Documentation is for CRD300DA12E-XM3 and also covers CRD250/CRD200 (Read Me.txt). Allegro .brd, Gerber zips, STEP and AP203 models stay inside the archive."
wolfspeed/crd250da12e-xm3/crd250da12e-xm3_user-guide_prd-06975.pdf,wolfspeed,crd250da12e-xm3,XM3 three-phase inverter reference design user guide PRD-06975 (covers CRD200/250/300DA12E-XM3),https://assets.wolfspeed.com/uploads/2024/01/Wolfspeed_PRD-06975_XM3_Three-Phase_Inverter_Reference_Design_User_Guide.pdf,2026-10-04,8186427,b44139fc639d215816a75a06dd01546d80682028cccf34168b3bdea7d3f0e923,OK,
wolfspeed/crd60dd12n-gmb/crd60dd12n-gmb_design-files.zip,wolfspeed,crd60dd12n-gmb,"Design files archive (Altium, Gerber, STEP, schematic PDFs, assembly BOMs, cold plate) - schematic/BOM/cold-plate documents unpacked in design-files/",https://assets.wolfspeed.com/uploads/2025/03/Wolfspeed_CRD60DD12N-GMB_Design_Files.zip,2026-10-04,65134120,1fa43c125b0e2f33b60baee8b8cb62f8e32c2087a5f5ba4b294fcfe13f1757f6,OK,"Product-page design-files archive (no login). Unpacked in design-files/: V2.0 power and control schematic PDFs, both assembly BOM xlsx, cold-plate drawings (PDF) and the two cold-plate STEP files; Altium, Gerber and the other STEP models stay inside the archive."
wolfspeed/crd60dd12n-gmb/crd60dd12n-gmb_user-guide_prd-10001.pdf,wolfspeed,crd60dd12n-gmb,"CRD60DD12N-GMB 60 kW isolated DC/DC user guide PRD-10001 Rev. 1 May 2026 (found already on disk under its original file name; sha256 re-verified byte-identical to a fresh download from the official URL, then renamed)",https://assets.wolfspeed.com/uploads/2026/05/Wolfspeed_PRD-10001_CRD60DD12N-GMB_60kW_Isolated_DC-DC_User_Guide.pdf,2026-10-04,13410289,5e4df850faeeb701d03a04649a152be3970b3e92d5a71b6d55fe504fa5901bdd,OK,
ti/tida-010938/tida-010938_design-guide_tiduf64.pdf,ti,tida-010938,"TIDA-010938 design guide: 10 kW GaN-based single-phase string inverter with battery energy storage system (TIDUF64) [Rev. C, Jul 2026]",https://www.ti.com/lit/ug/tiduf64c/tiduf64c.pdf,2026-10-04,4171453,7c18d94bb84a1b095af3b7f73705612a255b9c07eef73004027a28b2498dcf52,OK,55 pages. Reviewed for REF-2 (docs/requirements/REFERENCE-LESSONS.md).
ti/tida-010938/tida-010938_schematic_tidmcg3.zip,ti,tida-010938,"TIDA-010938 schematic archive (TIDMCG3) [Rev. A]: AC-DC board and DC-DC board schematics (PDF), unpacked in design-files/tidmcg3/",https://www.ti.com/lit/df/tidmcg3a/tidmcg3a.zip,2026-10-04,3324761,94cb1ff09429282a308da5cbcf79f17378de52b5c19c3a7e67872914c399d868,OK,TI publishes the schematic only as this ZIP. The TI notice PDF inside is not unpacked.
ti/tida-010938/tida-010938_bom_tidmcg4.zip,ti,tida-010938,"TIDA-010938 bill of materials archive (TIDMCG4) [Rev. A]: AC-DC and DC-DC board BOMs (PDF), unpacked in design-files/tidmcg4/",https://www.ti.com/lit/df/tidmcg4a/tidmcg4a.zip,2026-10-04,477464,f508bb7bcd967a4b422e793aad18f5f5258e6f96fa3580268e10934fb04cc63c,OK,"TI publishes the BOM only as this ZIP. The TI notice PDF inside is not unpacked. Not fetched: assembly drawing TIDMCG5A, PCB layout TIDMCG6A, CAD TIDMCG7A, Gerbers TIDCGL5A, PLECS model TIDME63 (layout/CAD out of scope)."
ti/tida-010938/tida-010938_app-note_slla498.pdf,ti,tida-010938,"Power topology considerations for solar string inverters and energy storage systems (SLLA498) [Rev. A, Dec 2024] [extra: linked from the TIDA-010938 page]",https://www.ti.com/lit/an/slla498a/slla498a.pdf,2026-10-04,443780,85cf1e5728b218ce2cf3e6b01a72395b2e0f9748fca5f135822e68ad3be233d5,OK,11 pages. Reviewed for REF-2 (docs/requirements/REFERENCE-LESSONS.md).
ti/tida-010957/tida-010957_design-guide_tidufg9.pdf,ti,tida-010957,"TIDA-010957 design guide: 15 kW to 30 kW bidirectional three-phase plus neutral flying-capacitor converter based on GaN (TIDUFG9) [Rev. A, Mar 2026]",https://www.ti.com/lit/ug/tidufg9a/tidufg9a.pdf,2026-10-04,3436488,db5771a98a0a70aec68ed3c40ad93c6ab786754d9283af4e94917bb45e83fdf9,OK,24 pages. Reviewed for REF-2 (docs/requirements/REFERENCE-LESSONS.md).
ti/tida-010957/tida-010957_schematic_slvrbz7.zip,ti,tida-010957,"TIDA-010957 schematic archive (SLVRBZ7): one PDF schematic, unpacked in design-files/slvrbz7/",https://www.ti.com/lit/df/slvrbz7/slvrbz7.zip,2026-10-04,1703250,fb0a71b07e8fcf51673fbd2650fd4b70faf1af16d21e52464955d8ad030f0f66,OK,TI publishes the schematic only as this ZIP.
ti/tida-010957/tida-010957_bom_slurb91.zip,ti,tida-010957,"TIDA-010957 bill of materials archive (SLURB91): one PDF BOM, unpacked in design-files/slurb91/",https://www.ti.com/lit/df/slurb91/slurb91.zip,2026-10-04,169445,13586d21a683e8dc5e653bcdec93ae7fe734feacd0a384f366ebeef8928870f5,OK,"TI publishes the BOM only as this ZIP. Not fetched: assembly SLURB90, layout SLURB92, CAD SLURB93, Gerbers SLVC928 (out of scope)."
ti/tida-010957/tida-010957_app-note_sdaa195.pdf,ti,tida-010957,Benefits of GaN based flying capacitor converter (SDAA195) [Jan 2026] [extra: linked from the TIDA-010957 page],https://www.ti.com/lit/an/sdaa195/sdaa195.pdf,2026-10-04,2148437,9a611e92e4609bf63c372d63cf0364c1084e280022340a67b63c18f4938ddc9d,OK,15 pages. Reviewed for REF-2 (docs/requirements/REFERENCE-LESSONS.md).
ti/tida-010210/tida-010210_design-guide_tiduez0.pdf,ti,tida-010210,"TIDA-010210 design guide: 11 kW bidirectional three-phase ANPC based on GaN (TIDUEZ0) [Rev. A, Mar 2022]",https://www.ti.com/lit/ug/tiduez0a/tiduez0a.pdf,2026-10-04,1431307,e383f05d27f383d1d4e81fcb81482a6a55b85b85152ea3b7c40d81e1eedec41a,OK,22 pages. Reviewed for REF-2 (docs/requirements/REFERENCE-LESSONS.md).
ti/tida-010210/tida-010210_schematic_tidm837.zip,ti,tida-010210,"TIDA-010210 schematic archive (TIDM837) [Rev. A]: GaN power board, main board and Si board schematics (PDF), unpacked in design-files/tidm837/",https://www.ti.com/lit/df/tidm837a/tidm837a.zip,2026-10-04,1336227,79bf72dc864a7a1ac34013615cd7b63139237607077b67c078f6d3eeea33a41c,OK,TI publishes the schematic only as this ZIP. The TI notice PDF inside is not unpacked.
ti/tida-010210/tida-010210_bom_tidm838.zip,ti,tida-010210,"TIDA-010210 bill of materials archive (TIDM838) [Rev. A]: three BOMs (xls), unpacked in design-files/tidm838/",https://www.ti.com/lit/df/tidm838a/tidm838a.zip,2026-10-04,210304,b32b78b103d33d4bdc0755ecbaf45ebc1a67ab60bd20f213bac71eeb49307c7b,OK,"TI publishes the BOM only as this ZIP. Not fetched: assembly, layout, CAD, Gerbers (out of scope)."
ti/tida-010949/tida-010949_design-guide_tiduf99.pdf,ti,tida-010949,TIDA-010949 design guide: 600 W solar power optimizer based on GaN with wired and wireless communication (TIDUF99) [Nov 2024],https://www.ti.com/lit/ug/tiduf99/tiduf99.pdf,2026-10-04,1981370,f1737e6983abf6ea6ce29055e840b5b1581bae10081cb67bcf93e4ef45c883dc,OK,25 pages. Reviewed for REF-2 (docs/requirements/REFERENCE-LESSONS.md).
ti/tida-010949/tida-010949_schematic_tidmdj2.pdf,ti,tida-010949,TIDA-010949 schematic (TIDMDJ2),https://www.ti.com/lit/df/tidmdj2/tidmdj2.pdf,2026-10-04,821167,f6b5abf69c510166846fb33a39076a766ef96c940e04f1036636d92aefcf206f,OK,9 pages.
ti/tida-010949/tida-010949_bom_tidmdj3.pdf,ti,tida-010949,TIDA-010949 bill of materials (TIDMDJ3),https://www.ti.com/lit/df/tidmdj3/tidmdj3.pdf,2026-10-04,174025,63c6b2fcc8485e15bc4d55d58a29705945654989cf1af1622f3d347d25637be9,OK,2 pages.
ti/tida-010955/tida-010955_design-guide_tiduf85.pdf,ti,tida-010955,"TIDA-010955 design guide: analog front end for machine-learning arc detection in solar applications (TIDUF85) [Rev. A, Dec 2024]",https://www.ti.com/lit/ug/tiduf85a/tiduf85a.pdf,2026-10-04,1421114,8fb94c4c14fade49f7806289989452d1e88e89410bed90be4d671973b632b6c8,OK,25 pages. Reviewed for REF-2 (docs/requirements/REFERENCE-LESSONS.md).
ti/tida-010955/tida-010955_schematic_tidmd57.pdf,ti,tida-010955,TIDA-010955 schematic (TIDMD57) [Rev. A],https://www.ti.com/lit/df/tidmd57a/tidmd57a.pdf,2026-10-04,1762608,5f14283e387c0e6295bec4761317b90a2ca4b147870fca170be18293975c9606,OK,8 pages.
ti/tida-010955/tida-010955_bom_tidmd58.pdf,ti,tida-010955,TIDA-010955 bill of materials (TIDMD58) [Rev. A],https://www.ti.com/lit/df/tidmd58a/tidmd58a.pdf,2026-10-04,159527,53621fc53ad88963f3a6f01ac357bb0a6a673e5c50e0fac410128a64d9e8a225,OK,2 pages.
ti/tida-010232/tida-010232_design-guide_tiduez8.pdf,ti,tida-010232,"TIDA-010232 design guide: AFE for insulation monitoring in high-voltage EV charging and solar energy (TIDUEZ8) [Rev. D, Apr 2026]",https://www.ti.com/lit/ug/tiduez8d/tiduez8d.pdf,2026-10-04,2515695,ebe601f5ea678ff800322c6e52629e9ac5809ea0d70c7f3894f44099283f829b,OK,31 pages. Reviewed for REF-2 (docs/requirements/REFERENCE-LESSONS.md).
ti/tida-010232/tida-010232_schematic_tidmag7.pdf,ti,tida-010232,TIDA-010232 schematic (TIDMAG7),https://www.ti.com/lit/df/tidmag7/tidmag7.pdf,2026-10-04,620414,ffc04a0f5290c83a9b8bc70e2467525be8136f87e65f44f519d5a245d9688de0,OK,6 pages.
ti/tida-010232/tida-010232_bom_tidmag8.pdf,ti,tida-010232,TIDA-010232 bill of materials (TIDMAG8),https://www.ti.com/lit/df/tidmag8/tidmag8.pdf,2026-10-04,143858,2d8d45a6bb0abb36bcae7817fd140064a9718fc18b61a7590fe4a0b8005c8c27,OK,2 pages.
ti/tida-010985/tida-010985_design-guide_tidufg5.pdf,ti,tida-010985,"TIDA-010985 design guide: resistive-bridge insulation monitoring device for 800 V DC systems with large Y cap (TIDUFG5) [Rev. A, Jan 2026]",https://www.ti.com/lit/ug/tidufg5a/tidufg5a.pdf,2026-10-04,1985657,ab7ca8255a6888faf1de7d500a766ee9beb85b58694254408106f346258b63c6,OK,22 pages. Reviewed for REF-2 (docs/requirements/REFERENCE-LESSONS.md).
ti/tida-010985/tida-010985_schematic_slvrbz5.pdf,ti,tida-010985,TIDA-010985 schematic (SLVRBZ5),https://www.ti.com/lit/df/slvrbz5/slvrbz5.pdf,2026-10-04,538935,45209034369dc265a39b4a0dfc6ab67adbbff433a1bb968606c07b5effdc8335,OK,6 pages.
ti/tida-010985/tida-010985_bom_slurb83.pdf,ti,tida-010985,TIDA-010985 bill of materials (SLURB83),https://www.ti.com/lit/df/slurb83/slurb83.pdf,2026-10-04,141027,368b6d4de66e3356403a4b965b2849aa5539ef0ebd85e0da7185aeac4318b575,OK,2 pages.
ti/pmp23223/pmp23223_test-report_tidt283.pdf,ti,pmp23223,PMP23223 test report: smart isolated gate driver with bias supply (UCC21732 + UCC14xxx-Q1) (TIDT283) [May 2022],https://www.ti.com/lit/ug/tidt283/tidt283.pdf,2026-10-04,2567283,b037b37a54bc5e19819e13f5dc8f0af3e6040ed29be759f7ea9f76fda144d09d,OK,12 pages. TI publishes no design guide for PMP designs; the test report is the main document. Reviewed for REF-2 (docs/requirements/REFERENCE-LESSONS.md).
ti/pmp23223/pmp23223_schematic_tidmai7.pdf,ti,pmp23223,PMP23223 schematic (TIDMAI7),https://www.ti.com/lit/df/tidmai7/tidmai7.pdf,2026-10-04,373290,ac040dc90abf0390bf1b67fafbcfbb61d2bd3a1197fe51d6c77b63d6a32a2279,OK,3 pages.
ti/pmp23223/pmp23223_bom_tidmai8.pdf,ti,pmp23223,PMP23223 bill of materials (TIDMAI8),https://www.ti.com/lit/df/tidmai8/tidmai8.pdf,2026-10-04,163141,9099eb4b6cd4002da3d5c09c155f0450d7ccbd22669510c4929edda32cf8fe10,OK,2 pages.
ti/pmp22817/pmp22817_test-report_tidt256.pdf,ti,pmp22817,"PMP22817 test report: automotive SPI-programmable gate driver and bias supply with integrated transformer (UCC5870/5871-Q1 + UCC14240-Q1) (TIDT256) [Rev. A, Mar 2022]",https://www.ti.com/lit/ug/tidt256a/tidt256a.pdf,2026-10-04,2655481,7f50f2f36293056e05fb0d32675f30c4d8fa4919a5f91c7d5a7e1374d9f4bdf9,OK,21 pages. Reviewed for REF-2 (docs/requirements/REFERENCE-LESSONS.md).
ti/pmp22817/pmp22817_schematic_tidma63.pdf,ti,pmp22817,PMP22817 schematic (TIDMA63),https://www.ti.com/lit/df/tidma63/tidma63.pdf,2026-10-04,332606,8ddd0349dbecac2803c62aea261ba8277af7ce4b56f4c780f210fb09fc74ddfd,OK,2 pages.
ti/pmp22817/pmp22817_bom_tidma64.pdf,ti,pmp22817,PMP22817 bill of materials (TIDMA64),https://www.ti.com/lit/df/tidma64/tidma64.pdf,2026-10-04,130434,dcf17dc304ff8bf50226af7f4cac29b70676ca7d660d4fe8a1d3e0a36d148458,OK,3 pages.
ti/tida-011011/tida-011011_design-guide_tidufh7.pdf,ti,tida-011011,TIDA-011011 design guide: isolated gate driver board with isolated bias supply for 3.3 kV SiC FET (TIDUFH7) [Mar 2026],https://www.ti.com/lit/ug/tidufh7/tidufh7.pdf,2026-10-04,764575,8585e2c37df191ef16028400b7f8ab971169692dede2c624b07009039cb42413,OK,8 pages. Reviewed for REF-2 (docs/requirements/REFERENCE-LESSONS.md).
ti/tida-011011/tida-011011_schematic_slvrc10.pdf,ti,tida-011011,TIDA-011011 schematic (SLVRC10),https://www.ti.com/lit/df/slvrc10/slvrc10.pdf,2026-10-04,1019421,8e775c75903396df3a866526820a206b416e204e0d66af8531c7bec5d43e8989,OK,5 pages.
ti/tida-011011/tida-011011_bom_slurbb9.pdf,ti,tida-011011,TIDA-011011 bill of materials (SLURBB9),https://www.ti.com/lit/df/slurbb9/slurbb9.pdf,2026-10-04,172578,2617dcd1377a0f1a4d29ab0c0944a8eea7246c6114c975a7c886931e2d5cc34d,OK,2 pages.
ti/pmp41009/pmp41009_test-report_tidt266.pdf,ti,pmp41009,"PMP41009 test report: 350 V to 1000 V DC input, 56 W flyback isolated power supply (TIDT266) [Apr 2022]",https://www.ti.com/lit/ug/tidt266/tidt266.pdf,2026-10-04,1551787,34d93f1e5e3023e20e4f62d60aa744d9dd7cff08502deba62c41df606f5b5ff3,OK,15 pages. Reviewed for REF-2 (docs/requirements/REFERENCE-LESSONS.md).
ti/pmp41009/pmp41009_schematic_tidmad8.pdf,ti,pmp41009,PMP41009 schematic (TIDMAD8),https://www.ti.com/lit/df/tidmad8/tidmad8.pdf,2026-10-04,256790,7d55696b6221531cba04dd131271b2678ad7e61f12c8477ef947067a8b677ee0,OK,2 pages.
ti/pmp41009/pmp41009_bom_tidmad9.pdf,ti,pmp41009,PMP41009 bill of materials (TIDMAD9),https://www.ti.com/lit/df/tidmad9/tidmad9.pdf,2026-10-04,155685,ec7e61da0652512330278e4e6f8f8d81da77b1c3bc8368a7d138447d93d04e07,OK,3 pages.
ti/pmp41037/pmp41037_test-report_tidt332.pdf,ti,pmp41037,"PMP41037 test report: 1 kW, 800 V to 12 V serial half-bridge bidirectional DCX with GaN and C2000 (TIDT332)",https://www.ti.com/lit/ug/tidt332/tidt332.pdf,2026-10-04,1484396,1cc0898ef21b822061b444fa224f5dba4eb04a968a136a9dbd74ee1468e89643,OK,"15 pages. Reviewed for REF-2 (docs/requirements/REFERENCE-LESSONS.md): stacked (serial) half-bridges with 650 V GaN on 800 V, active voltage balancing."
ti/pmp41037/pmp41037_schematic_tidmcy1.zip,ti,pmp41037,"PMP41037 schematic archive (TIDMCY1): bias, block diagram, control, GaN and power-board schematics (PDF), unpacked in design-files/tidmcy1/",https://www.ti.com/lit/df/tidmcy1/tidmcy1.zip,2026-10-04,947730,4766fa1edb8f7844c973b86d0c660a63c81a1aff146ba5f11b9d330b39855eb1,OK,TI publishes the schematic only as this ZIP. The TI notice PDF inside is not unpacked.
ti/pmp41037/pmp41037_bom_tidmcy2.zip,ti,pmp41037,"PMP41037 bill of materials archive (TIDMCY2): bias, control, GaN and power BOMs (PDF), unpacked in design-files/tidmcy2/",https://www.ti.com/lit/df/tidmcy2/tidmcy2.zip,2026-10-04,980070,c7f243aed2d5f06ea71c99d975c6bdcec557913ee6171320e9e52665ad1992d5,OK,"TI publishes the BOM only as this ZIP. The archive also holds a TIDA-010062 SR-board BOM and the TI notice, not unpacked. Not fetched: assembly, layout, CAD, Gerbers (out of scope)."
ti/pmp41031/pmp41031_test-report_tidt355.pdf,ti,pmp41031,"PMP41031 test report: 350 V to 1500 V input, 150 W isolated auxiliary power (two-switch flyback, UCC28740) (TIDT355) [Oct 2023]",https://www.ti.com/lit/ug/tidt355/tidt355.pdf,2026-10-04,1391200,ee9a75be975d130b5971a1f3b3ace3d45b1608a4224d623e28ff17748728cfc5,OK,13 pages. Reviewed for REF-2 (docs/requirements/REFERENCE-LESSONS.md).
ti/pmp41031/pmp41031_schematic_tidmbz3.pdf,ti,pmp41031,PMP41031 schematic (TIDMBZ3),https://www.ti.com/lit/df/tidmbz3/tidmbz3.pdf,2026-10-04,548367,ee9234a170597538bbe771b0bc05f74b84ddcd5f91b2b72ef9822671a898c176,OK,
ti/pmp41031/pmp41031_bom_tidmbz4.pdf,ti,pmp41031,PMP41031 bill of materials (TIDMBZ4),https://www.ti.com/lit/df/tidmbz4/tidmbz4.pdf,2026-10-04,185313,7c04a7c72a220c9abedd8e35c49c21a3aee5299db0023f134657dc761fd7b47c,OK,Q1/Q5 described as ON Semiconductor in the BOM; STW12N170K5 is an STMicroelectronics part number.
st/stdes-dabbidir/stsw-dabbidir.zip,st,stdes-dabbidir,"STSW-DABBIDIR firmware package (STM32G474 DAB firmware binaries: STSW_DABBIDIR.hex, .out with debug info, .sim); unpacked in stsw-dabbidir/",https://www.st.com/en/embedded-software/stsw-dabbidir.html,2026-10-04,232325,6cac7582ea4feb3fdbdf7e129129a439f021b484dd91552a3368792be226765e,OK,"supplied by the owner from a manual download of st.com STSW-DABBIDIR on 2026-10-04; contains firmware binaries only (hex, ELF with debug info, .sim), no source"
megarevo/string-pcs-1500v/megarevo_1500v-string-pcs_v1-1.pdf,megarevo,string-pcs-1500v,Megarevo MPHV 1500 V string power conversion system 145-250 kW datasheet V1.1 (link supplied by the owner),https://www.megarevo.com/upload/download/1500V-String%20Power%20Conversion%20System%20V1.1.pdf,2026-10-04,5118209,cc87a5ec9bc29a5d7d1ec23c30d777c82d5eab88b660f3d368095daf0a78bcba,OK,price benchmark: the owner states the 228 kW version sells for 1500 USD
