mpn,qty,unit_usd,source
"AUX-T1 75 W (CUSTOM)",1,8.8000,cost_estimates.csv
"0090.1001",2,3.0000,cost_estimates.csv
"AC10000002009JAB00",4,0.9300,cost_estimates.csv
"FCSA3DS335K050ID90BE3",2,1.5000,cost_estimates.csv
"IV2Q171R0D7Z",1,2.5000,cost_estimates.csv
"VS-8ETU04S-M3",2,1.1300,cost_estimates.csv
"CRHV2512AF10M0FKFB",4,0.5500,cost_estimates.csv
"PCV1HVF101MB12FV-WE3",4,0.3000,cost_estimates.csv
"SMCJ33A",6,0.1665,LCSC
"UCC28C59QDRQ1",1,0.9200,TI.com
"TPS3700DDCR",1,0.9200,TI.com
"TPS3710DDCR",1,0.6183,LCSC
"BZX84-A18,215",1,0.5821,cost_estimates.csv
"35ZLH1500MEFC12.5X30",2,0.2700,cost_estimates.csv
"TLV3202AIDGKR",1,0.5158,LCSC
"GENERIC",76,0.0060,class estimate
"BSS126H6327XTSA2",3,0.1256,LCSC
"BYG10Y-E3/TR",3,0.0840,LCSC
"ATL431BIDBZR",1,0.2080,TI.com
"2N7002BK,215",4,0.0265,LCSC
"BAT54,215",4,0.0143,LCSC
"US1G-13-F",1,0.0532,LCSC
"BZX84-B3V3,215",1,0.0502,LCSC
"BC817-25,215",1,0.0241,LCSC
"BAT54S,215",1,0.0199,LCSC
"BZX84-B20,215",1,0.0194,cost_estimates.csv
"BZX84-B6V8,215",1,0.0145,cost_estimates.csv
"BAS16,215",1,0.0078,LCSC
