class,maker,country,mpn,package,vds_V,rds_typ_25C_mohm,rds_max_25C_mohm,rds_typ_hot_mohm,t_hot_C,vgs_drive_on_V,vgs_drive_off_V,vgs_max_V,vgs_min_V,vth_typ_25C_V,vth_min_hot_V,qg_nC,ciss_pF,coss_pF,crss_pF,coss_test_V,eoss_uJ,eon_uJ,eoff_uJ,esw_test_V,esw_test_A,esw_test_rg_ohm,esw_test_T_C,vsd_V,qrr_nC,rth_jc_K_W,tj_max_C,tsc_us,avalanche,rg_int_ohm,kelvin_source,qualification,datasheet,pages,price_note,verdict
b,BASiC Semiconductor,CN,B3M013C120Z,TO-247-4,1200,13.5,17.5,23,175,18,-5,22,-10,2.7,,225,5200,215,14,800,90,1200,530,800,60,8.2,25,4.0,390,0.2,175,,"feature claim only, no E_AS",1.4,yes,none stated in datasheet (industrial B-series; automotive parts carry the AB prefix),docs/datasheets/power-semiconductors/B3M013C120Z.pdf,"2-5,10-12,14",not on LCSC (mirror 2026-10-04); TME lists it (MOQ 300) but its pages return 403; no public price read,"Full 14-page datasheet Rev 1.0 (2026-05-08): E vs I at 600/800 V, vs RG, vs Tj, Zth (Fig.26), SOA. Silver-sintered die attach. 175 C: Eon 1490 / Eoff 600 uJ (body diode), Qrr 1150 nC (800 V 60 A); Vth typ 1.9 V at 175 C (no min). Vgs,TR -12/+24 V <300 ns. Best Asian match to C3M0016120K for DAB paralleling; no SC or qualification data - ask BASiC for the reliability report."
b,BASiC Semiconductor,CN,B3M020120ZL,TO-247-4L (TO-247PLUS-4),1200,20,32,37,175,18,-5,22,-10,2.7,,168,3850,157,10,800,65,1150,400,800,55,8.2,25,4.6,280,0.25,175,,"feature claim only, no E_AS",1.4,yes,none stated in datasheet,docs/datasheets/power-semiconductors/B3M020120ZL.pdf,"2-5,10-12,14","not on LCSC (mirror 2026-10-04); TME lists it with 0 stock (search snippet), pages 403","Rev 0.2 (2025-12-06) - still a preliminary revision; R_DS(on) max 32 mOhm is 1.6x typ (wide spread hurts paralleling). 175 C: Eon 1410 / Eoff 400 uJ, Qrr 1220 nC (800 V 55 A). Full curve set incl. Zth. Second choice behind B3M013C120Z."
b,BASiC Semiconductor,CN,B3M040120Z,TO-247-4,1200,40,55,75,175,18,-4,22,-10,2.7,,85,1870,82,6,800,33,650,170,800,40,8.2,25,5.0,187,0.48,175,,"feature claim only, no E_AS",1.3,yes,none stated in datasheet; automotive sibling AB2M040120Z (Gen2) exists,docs/datasheets/power-semiconductors/B3M040120Z.pdf,"2-5,10-12,14","not on LCSC (mirror 2026-10-04); TME lists it (search snippet), pages 403","Rth j-c 0.48 typ / 0.70 max K/W. 175 C: Eon 860 / Eoff 170 uJ, Qrr 753 nC (800 V 40 A). Candidate for the 3-level FC PV cell (C3M0032120K class, 16 per cell). Full curve set incl. Zth."
c,BASiC Semiconductor,CN,B3M010C075Z,TO-247-4,750,10,,12.5,175,18,-5,22,-10,2.7,,220,5500,370,19,500,59,910,625,500,80,10,25,4.0,460,0.2,175,,"feature claim only, no E_AS",1.7,yes,none stated in datasheet,docs/datasheets/power-semiconductors/B3M010C075Z.pdf,"2-5,14",not on LCSC (mirror 2026-10-04); no public price found,"Rev 1.1 (2026-09-10) but typical-only: NO max R_DS(on), no Vth min/max, no IDSS max printed - weak guarantee for paralleling. 175 C: Eon 950 / Eoff 700 uJ, Qrr 840 nC (500 V 80 A). Silver sintered. Lowest-R Asian 750 V TO-247-4 found."
c,BASiC Semiconductor,CN,B3M025075Z,TO-247-4,750,25,40,32,175,18,-5,22,-10,2.7,,103,2430,190,9,500,27,530,245,500,50,15,25,4.4,180,0.38,175,,"feature claim only, no E_AS",1.4,yes,none stated in datasheet,docs/datasheets/power-semiconductors/B3M025075Z.pdf,"2-5,14",not on LCSC (mirror 2026-10-04); no public price found,"Rev 0.0 draft (2026-01-05) - target datasheet only. R_DS(on) max 40 mOhm = 1.6x typ. 175 C: Eon 510 / Eoff 240 uJ, Qrr 400 nC (500 V 50 A)."
e,BASiC Semiconductor,CN,B2M600170H,TO-247-3,1700,600,750,1230,175,18,-4,22,-10,2.7,,14,170,11,2,1000,6.3,80,13,1000,2,2.2,25,5.2,42,2.0,175,,"E_AS 18 mJ (IAS 8.5 A, 0.5 mH)",30,no,none stated in datasheet,docs/datasheets/power-semiconductors/B2M600170H.pdf,"2-5,14",not on LCSC (mirror 2026-10-04); no public price found,Rev 1.0 (2025-11-10). Through-hole TO-247-3 (AUX-HV today uses TO-263-7 SMD C3M0900170J: footprint change; a TOLT B2M600170R exists). Recommended gate -4/+18 V; AUX-HV drives 15.2 V / 0 V (sim/out/aux_hv_design/report.md): R_DS(on) 750 mOhm typ at Vgs 15 V (p2), no max at 15 V. 1700 V class (e) candidate with avalanche rating.
a,BASiC Semiconductor,CN,B3M020140ZL,TO-247-4L (TO-247PLUS-4),1400,20,32,37,175,18,-5,22,-10,2.7,,183,3850,142,11,1000,90,1745,635,1000,55,10,25,4.6,300,0.25,175,,"feature claim only, no E_AS",1.4,yes,none stated in datasheet,docs/datasheets/power-semiconductors/B3M020140ZL.pdf,"2-5,14","not on LCSC (mirror 2026-10-04); TME lists it (search snippet), pages 403","NOT 1700 V: 1400 V class, listed only for the topology team - 1000 V continuous = 0.71 x V_DSS breaks the 0.67 utilisation rule of pv_tradeoff (1100 V trip = 0.79). Rev 0.0 draft (2025-08-20). 175 C: Eon 2130 uJ (1000 V 55 A), Qrr 1150 nC; Vgs min -5 V when the body diode conducts (note on p2)."
a,InventChip (Shanghai Zhanxin),CN,IV2Q17020T4Z,TO-247-4,1700,20,26,44,175,18,-3.5,23,-10,3.0,,260,6300,180,12,1200,170,2360,770,1200,60,3.3,25,3.5,930,0.33,175,,not rated,1.8,yes,AEC-Q101 qualified (datasheet p1 feature list; no report filed),docs/datasheets/power-semiconductors/IV2Q17020T4Z.pdf,"1-3,6-7",not on LCSC (mirror 2026-10-04); no public price found - RFQ to InventChip,"Best Asian 1700 V discrete found: R_DS(on) 20 typ / 26 max mOhm (MSC035SMA170B4: 35/45). Full 9-page Rev 1.0 (Nov 2025): E vs RG/I/Tj (Figs 19-22), Zth (Fig 25), SOA. 175 C: Eon 3370 / Eoff 710 uJ (1200 V 60 A 3.3 ohm); Qrr 930 nC at 1200 V 60 A. Vth min 2.0 V (25 C), 2.2 V typ at 175 C. Gate +15..+18 / -5..-2 V (typ -3.5): our +20/-4 V drive must change to +18/-3.5 V; Vgs transient only -10/+23 V, no DC Vgs max printed. Vgs_max column = transient value."
a,InventChip (Shanghai Zhanxin),CN,IV2Q17040T4Z,TO-247-4,1700,40,52,82.8,175,18,-3.5,23,-10,3.1,,156.4,3430,113,9.75,1000,73.7,1582,305.7,1200,50,3.3,25,4.6,635.5,0.42,175,,not rated,2.2,yes,AEC-Q101 qualified (datasheet p1),docs/datasheets/power-semiconductors/IV2Q17040T4Z.pdf,"1-3,6-7",not on LCSC (mirror 2026-10-04); no public price found - RFQ to InventChip,"Rev 1.0 Nov 2025, full curve set. 175 C: Eon 2460 / Eoff 406.6 uJ (1200 V 50 A). R_DS(on) rises 2.07x to 175 C. Equivalent to MSC035SMA170B4 x 0.9 in conduction; two in parallel per position would match the present design count."
a,InventChip (Shanghai Zhanxin),CN,IV2Q20045T4,TO-247-4,2000,43,56,105,175,18,-3.5,23,-10,2.8,,175,3950,110,13,1500,145,870,150,1200,20,3.3,25,3.5,550,0.3,175,,not rated,1.5,yes,none stated (industrial; no Z suffix),docs/datasheets/power-semiconductors/IV2Q20045T4.pdf,"1-3,6-7",not on LCSC (mirror 2026-10-04); no public price found,"2000 V option for the D-007 fallback (IMYH200R024M1H class): 43/56 mOhm, 105 mOhm at 175 C (2.4x). Rev 1.0 Nov 2024, full curve set. Switching data only at 20 A - extrapolation to 60 A needed (Fig 21 goes higher)."
b,InventChip (Shanghai Zhanxin),CN,IV3Q12013T4Z,TO-247-4,1200,13.5,17,22.5,175,18,-3.5,20,-5,2.8,,187,4774,211,8.1,800,88,1480,430,800,100,2.0,25,3.3,289,0.27,175,,not rated,2.3,yes,AEC-Q101 qualified (datasheet p1),docs/datasheets/power-semiconductors/IV3Q12013T4Z.pdf,"1-3,6-7",not on LCSC (mirror 2026-10-04); no public price found - RFQ,"Gen3, Jun 2024 (file V1.1). DC Vgs limits -5/+20 V, recommended off -3.5..-2 V: a -4 V or -5 V off rail is outside the recommendation - gate rail must be -3.5 V. Switching test at 100 A (Eon 1480 / Eoff 430 uJ, 800 V, 2 ohm) - strong DAB-parallel candidate. Qrr 289 nC at 100 A 800 V (25 C). Vth 2.0 V typ at 175 C."
b,InventChip (Shanghai Zhanxin),CN,IV2Q12017T4Z,TO-247-4,1200,17,24,34,175,18,-3.5,23,-10,2.8,,214,4410,211,16.3,800,81,1280,333.5,800,60,2.0,25,3.6,383.8,0.271,175,,not rated,1.9,yes,AEC-Q101 qualified (datasheet p1),docs/datasheets/power-semiconductors/IV2Q12017T4Z.pdf,"1-3,6-7",not on LCSC (mirror 2026-10-04); no public price found - RFQ,"Gen2 Jul 2025, full curve set. 175 C: Eon 1544 / Eoff 357.4 uJ (800 V 60 A 2 ohm). Gate -5..-2 / +15..+18 V (typ -3.5). Mature generation, AEC-Q101."
b,InventChip (Shanghai Zhanxin),CN,IV3Q12035T4Z,TO-247-4,1200,35,43.8,57,175,18,-3.5,20,-7,2.8,,83,2082,95,3,800,40,407.6,43.1,800,40,2.0,25,4.3,239.1,0.52,175,,not rated,2.5,yes,AEC-Q101 qualification (datasheet p1 wording),docs/datasheets/power-semiconductors/IV3Q12035T4Z.pdf,"1-3,6-7",not on LCSC (mirror 2026-10-04); no public price found - RFQ,"Gen3, Aug 2026 (newest). DC Vgs -7/+20 V. 175 C: Eon 631.1 / Eoff 52.5 uJ (800 V 40 A). Lowest R_DS(on) tempco of the 1200 V set (1.63x). Candidate for the 3-level FC PV cell (C3M0032120K slot); Rth 0.52 K/W is high."
c,InventChip (Shanghai Zhanxin),CN,IV3Q07011T4Z,TO-247-4,750,11.5,15,16,175,18,-3.5,20,-5,2.8,,201.1,4990,381,14.4,400,35.0,602.1,304.9,400,100,3.3,25,3.2,469.9,0.27,175,,not rated,1.95,yes,AEC-Q101 qualification (datasheet p1),docs/datasheets/power-semiconductors/IV3Q07011T4Z.pdf,"1-3,6-7",not on LCSC (mirror 2026-10-04); no public price found - RFQ,"Gen3 Dec 2025. Has max limits (15 mOhm) unlike BASiC B3M010C075Z. Switching data at 400 V only - a 500-550 V flying-cap leg needs the 400 V curves scaled. Recommended off -3.5..-2 V, DC Vgs -5/+20 V. 175 C: Eon 658.8 / Eoff 342.5 uJ."
e,InventChip (Shanghai Zhanxin),CN,IV2Q171R0D7Z,TO-263-7 (D2PAK-7),1700,700,910,1280,175,18,-3.5,23,-10,3.0,,16.5,285,15.3,2.2,1000,11,51.0,17.0,1000,2,10,25,4.0,54.2,2.05,175,,not rated,13,yes,AEC-Q101 qualified (datasheet p1),docs/datasheets/power-semiconductors/IV2Q171R0D7Z.pdf,"1-3,6-7",not on LCSC (mirror 2026-10-04); no public price found - RFQ,"Drop-in candidate for C3M0900170J on AUX-HV: same TO-263-7 pin-out (1 gate, 2 Kelvin source, 3-7 source, tab drain; p1 drawing). At our 15.2 V / 0 V drive: R_DS(on) 950 typ / 1250 max mOhm (Vgs 15 V row), Vth min 1.8 V; maker recommends -5..-2 V off - 0 V off is outside the recommendation (check dv/dt-induced turn-on margin). Dec 2023 datasheet, full curve set."
a,SICHAIN Semiconductor (Ningbo) / Sichainsemi,CN,SG2M020170HJ,TO-247-4L,1700,20,28,42,175,18,-4,22,-8,3.1,,209,5265,188,7.5,1400,189,2229,501,1200,75,2.5,25,3.8,1066,0.22,175,,not rated,2.7,yes,none stated in datasheet; maker states IATF 16949 (Jul 2024) on its site,docs/datasheets/power-semiconductors/SG2M020170HJ.pdf,"3-5,9-10,13","LCSC C42456099: 314 in stock (product page 2026-10-04), USD 12.10 @1 / 11.55 @10 / 10.59 @30 / 9.74 @90","Only Asian 1700 V low-R discrete actually stocked on LCSC. Final datasheet V02_03 (2025-12-30, 5 revisions since 2024-03): E vs I/RG/Tj (Figs 23-26), Zth (Fig 21), SOA. Rth 0.22 typ / 0.28 max. Gate -4/+18 V recommended, abs -8/+22 V (-4 V min while the body diode conducts) - matches our -4 V off rail; drop +20 V to +18 V. Qrr 1066 nC is at 175 C (1200 V 75 A); Vth 2.3 V typ at 175 C. No qualification or SC data in the datasheet - reliability evidence must be requested."
a,SICHAIN Semiconductor (Ningbo) / Sichainsemi,CN,SG2M040170HJ,TO-247-4L,1700,40,52,88,175,18,-4,22,-8,3.1,,78,2594,102,5,1400,106,722,147,1200,38,2.5,25,3.7,840,0.31,175,,not rated,1.4,yes,none stated in datasheet,docs/datasheets/power-semiconductors/SG2M040170HJ.pdf,"3-5,9-10,13",not on LCSC (mirror 2026-10-04); RFQ to Sichain,"Final V01_02 (2025-12-30). R_DS(on) 2.2x from 25 to 175 C. Qrr 840 nC (38 A, hot). Rth 0.31/0.39."
b,SICHAIN Semiconductor (Ningbo) / Sichainsemi,CN,SG2M014120LJ,TO-247-4L,1200,13,18,23.7,175,18,-4,22,-8,2.8,,211,5220,262,12,1000,142,1103,537,800,90,2.5,25,3.9,1349,0.21,175,,not rated,2.6,yes,none stated in datasheet,docs/datasheets/power-semiconductors/SG2M014120LJ.pdf,"3-5,9-10,13","LCSC C52109935: mirror stock 43, USD 10.31 @1 / 8.90 @10 / 8.04 @30 / 7.31 @90","Final V02_04 (2025-12-25). Switching at 90 A (Eon 1103 / Eoff 537 uJ, 800 V, 2.5 ohm): good DAB-parallel data point. Qrr 1349 nC at 175 C, 90 A. Rth 0.21/0.26. On LCSC with price."
c,SICHAIN Semiconductor (Ningbo) / Sichainsemi,CN,SG2M012075LJ,TO-247-4L,750,12,17,18,175,18,-4,22,-8,2.8,,195,4828,375,20,500,55,706,485,500,88,2.5,25,3.8,788,0.22,175,,not rated,3.8,yes,none stated in datasheet,docs/datasheets/power-semiconductors/SG2M012075LJ.pdf,"3-5,9-10,13",not on LCSC (mirror 2026-10-04); RFQ,Final V02_03 (2025-12-24). Switching at 500 V / 88 A - the right voltage for a 3-level leg at 1000 V. Qrr 788 nC at 175 C. Gate -4/+18 V same as our rails.
e,SICHAIN Semiconductor (Ningbo) / Sichainsemi,CN,SG2M1K0170J2J,TO-263-7L,1700,970,1400,2020,175,18,-4,22,-8,3.1,,7.3,109,8.7,1.4,1400,7.5,38.3,1.2,1200,2,2.5,25,3.7,47,2.2,175,,not rated,19,yes,none stated in datasheet,docs/datasheets/power-semiconductors/SG2M1K0170J2J.pdf,"1,3-5,13",not on LCSC (mirror 2026-10-04; the TO-247-3L sibling SG2M1K0170DJ C52109940 is listed with 0 stock),"Pin-compatible with C3M0900170J (p1: gate 1, driver source 2, power source 3-7, drain tab). Recommended Vgs -4 / +15..18 V; at our 15.2 V drive R_DS(on) 1190 typ / 1700 max mOhm (Vgs 15 V) - 32 % above C3M0900170J typ; hot 2.2 ohm. Final V01_03 (2026-06-25) - young part."
b,China Resources Microelectronics (CR Micro),CN,CRXQF17M120G2Z,TO-247-4L,1200,17,23,32,175,18,-5,22,-10,,,212,5506,205,15,1000,119,1035,900,800,75,2.5,25,3.8,466,0.48,175,,"E_AS 1130 mJ (L 10 mH), 100 % avalanche tested",0.9,yes,none stated in datasheet,docs/datasheets/power-semiconductors/CRXQF17M120G2Z.pdf,"1-3,6-8,10","LCSC C41507149: 640 in stock, USD 9.86 @1 / 8.43 @10 / 7.55 @25 / 6.81 @100 (product page 2026-10-04)","Rev 2.0 (2024-09-14), 10 pages: E vs RG/Tj/I/VDD (Figs 19-22), Zth (Fig 17), SOA; Vth 1.8-3.6 V (no typ). Switching data at -5/+15 V drive (Eon 1035 / Eoff 900 uJ at 800 V 75 A) - Eoff is high for the class. Rth j-c 0.48 K/W max is 2x the BASiC/Sichain 13 mOhm parts: worse for paralleling in a hot DAB. Qrr 466 nC (25 C) / 1619 nC (175 C) at only 1000 A/us. PDF metadata carries an IRF3205 template title (sloppy document control, content OK). Largest LCSC stock of any Asian 1200 V low-R part."
b,ROHM Semiconductor,JP,SCT4036KRHR,TO-247-4L,1200,36,47,72,150,18,0,21,-4,,,91,2335,70,5,800,,239,26,800,21,3.3,25,3.3,140,0.65,175,4.0,not rated,1,yes,"AEC-Q101 qualified (datasheet p1, automotive grade)",docs/datasheets/power-semiconductors/SCT4036KRHR.pdf,"1-4,6-14","LCSC C7309657 (SCT4036KRHRC15): mirror stock 525, USD 5.31 @1 / 4.52 @10 / 4.05 @30 / 3.57 @90 / 3.35 @510 / 3.25 @990","Reference-grade Japanese part at a Chinese price on LCSC. 17-page Rev.004 (2024-09-09): Vth 2.8-4.8 V, t_SC 4.0 us at 18 V / 800 V, Foster Rth model, full E curves. Gate rails differ from ours: recommended 0 V off, DC -4/+21 V - our -4 V rail sits at the absolute limit; needs +18/0 V (or -2 V). Rth j-c 0.65 typ / 0.85 max is high: limits it to the 3-level PV slot (C3M0032120K class), not the DAB."
b,ROHM Semiconductor,JP,SCT4018KR,TO-247-4L,1200,18,23.4,36,150,18,0,21,-4,,,170,4532,129,9,800,,520,142,800,42,3.3,25,3.3,252,0.37,175,4.0,not rated,1,yes,none stated (industrial grade); ROHM publishes reliability data per part on request,docs/datasheets/power-semiconductors/SCT4018KR.pdf,"1-4,6-14","not found on LCSC mirror; RS Components UK GBP 25.93 @1-9 (web-search snippet 2026-10-04, RS pages return 403)","Rev.005 (2024-09-09), complete (t_SC 4.0 us, Foster model, all curves). Low E at 42 A (Eon 520 / Eoff 142 uJ, 800 V). Same gate-rail caveat as SCT4036KRHR (0 V off, -4 V absolute). Western-distributor price ~4x the Chinese 13-17 mOhm parts."
c,ROHM Semiconductor,JP,SCT4013DR,TO-247-4L,750,13,16.9,22.2,150,18,0,21,-4,,,170,4580,203,10,500,,500,310,500,58,6.8,25,3.3,290,0.37,175,11.5,not rated,1,yes,none stated (industrial grade; SCT4013DRHR automotive variant exists on ROHM site),docs/datasheets/power-semiconductors/SCT4013DR.pdf,"1-4,6-14",not found on LCSC mirror; no public price read,"Rev.005 (2024-09-09), complete. t_SC 11.5 us at 18 V / 400 V. 750 V class with guaranteed max R_DS(on) and SC rating - the most documented 750 V option; gate 0 V off, -4/+21 V DC."
d,BASiC Semiconductor,CN,BMF008MR12E2G3,"Pcore2 E2B press-fit (Easy-2B size 56.7 x 62.8 mm), half bridge with SiC SBD; 2 per full bridge",1200,8.1,11.2,13.5,175,18,-4,25,-10,4.0,,401,11700,600,20,800,227,3100,700,600,130,3.3,25,1.9,1200,0.13,175,,not stated,0.55,"yes (G1/S1, G2/S2 aux pins)","none stated in datasheet; company page claims MIL-STD/JEDEC/AQG324/IEC qualification of all products, no part report (basicsemi.com/h-nd-291.html)",docs/datasheets/power-semiconductors/BMF008MR12E2G3.pdf,"2-4,7-8,10-11","not on LCSC (jlcsearch mirror 2026-10-04: no hit); no distributor listing found (findchips, ICkey: none); price on request (inquiry@basicsemi.com)",Rank 1 Chinese fit. Preliminary Rev 1.0 (2026-08-14; first issue 2024-11-29). Rds includes terminals (chip 7.6) vs CBB011 11 mOhm die + ~3 mOhm package. 175 C: Eon 2.3 / Eoff 0.6 mJ; Err 0.07 mJ (SBD); Eon includes diode recovery. Coss 0.6 nF / Eoss 227 uJ at 800 V vs CBB011 0.4 nF: ~35 % more ZVS charge. Lp 8 nH (CBB011 16.8). Rth j-c 0.13 max + c-h 0.16 (grease) = 0.29 K/W vs CBB011 0.43 j-h. RBSOA RG TBD (Fig.17); 25 A rms per pin (p4); no SC rating; Vth hot only as curve (Fig.5). Die source not stated; BASiC runs its own 6-inch SiC MOSFET line (basicsemi.com/h-pd-85.html).
d,BASiC Semiconductor,CN,BMF240R12E2G3,"Pcore2 E2B press-fit (Easy-2B size), half bridge with SiC SBD; 2 per full bridge",1200,5.5,7.5,10.0,175,18,-4,25,-10,4.0,,492,17600,900,30,800,340.8,7400,1800,800,240,2.2,25,2.05,1600,0.09,175,,not stated,0.37,"yes (G1/S1, G2/S2 aux pins)","UL 1557 file E550494 (p1, added Rev 1.1); no AEC/AQG324 or reliability data in datasheet",docs/datasheets/power-semiconductors/BMF240R12E2G3.pdf,"1-4,7-8,11","not on LCSC (jlcsearch mirror 2026-10-04: no hit); no distributor listing found (findchips, ICkey: none); price on request","Rank 3 (upgrade path). Only non-preliminary BASiC E2B datasheet: Rev 1.1 (2026-02-06; first issue 2023-08-02). 5.5 mOhm is below the 6-17 range: 4 modules = the 2 x CBB011 per bridge option in conduction, but Coss 0.9 nF / Eoss 341 uJ at 800 V (2.3x CBB011) costs light-load ZVS. Switching data at 800 V / 240 A / Lsigma 20 nH; 150 C: Eon 5.7 / Eoff 1.7 mJ, Err 0.26 mJ. Rth j-c 0.09 + c-h 0.10 K/W. RBSOA RG TBD; no SC rating; stray L not stated."
d,Wuxi Leapers Semiconductor,CN,DFS08HF12EZA2,"E2 module 63 x 58 x 16 mm (36 pins), half bridge, body diode only; 2 per full bridge",1200,7.5,,11.8,175,15,-4,19,-8,2.8,,536,12280,520,40,1000,,4920,820,600,160,2.2,25,4.3,2140,0.13,175,,not stated,1.5,yes (S1/S2 aux pins),"none stated in datasheet; website claims an automotive-grade quality system, no report",docs/datasheets/power-semiconductors/DFS08HF12EZA2.pdf,"2,4,6-8,14","not on LCSC (jlcsearch mirror 2026-10-04: no hit); no distributor listing found (findchips, ICkey: none); price on request (Sales@leapers-power.com)","Rank 2 (second Chinese source, weaker data). Preliminary Ver.B. Rds is chip-only at VGS 15 V (150 C: 10.8); Rth j-c 0.13 typ (no max) + c-f 0.12. Curves of E vs I and RG at 25/150 C (150 C: Eon 5.81 / Eoff 0.63 / Err 1.84 mJ) but NO Zth curve, no RBSOA, no SC rating, no Rds max, no stray L, no Eoss. Body diode only: VSD 4.3 V, Qrr 2.1 uC (4.2 at 150 C). Gate ratings (-8/+19 V dynamic, -4/+15 V recommended, Vth 2.8 V) match the Wolfspeed C3M family; chip source not stated (Leapers says its IGBT modules use imported chips, leapers.com.cn). Pin map vs BASiC E2B not checked."
d,ROHM,JP,BSM180D12P3C007,"C-type, 122 mm long, copper baseplate, M6 terminals, half bridge with SiC SBD; 2 per full bridge",1200,10.0,14.4,17.2,150,18,-2,22,-4,,,,9000,,,,,10600,4900,600,180,8.2,25,2.1,,0.17,175,,not stated,1.4,yes (pins 9/10 and 5/6),none stated in datasheet; own chips (p1: SiC UMOSFET and SBD 'from ROHM'); in production since 2015 (Rev.003 2025-03-19),docs/datasheets/power-semiconductors/BSM180D12P3C007.pdf,"1-3,6,10","not on LCSC (mirror: no hit); findchips 2026-10-04: element14 APAC USD 652.92 (stock 0), Bristol Electronics USD 506.43 (stock 2, broker)","Benchmark only: mature, fully characterised Japanese part but 10-13x the incumbent cost per switch. Rds from VDS(on)/ID (1.8 V typ / 2.6 V max at 180 A, 18 V; 3.1 V at 150 C). Eon/Eoff read from Fig.12 at 180 A (+/-10 %) with slow RG(on)/RG(off) 8.2/4.7 ohm and VGS(off) -2 V; Ciss at VDS 10 V; Coss/Qg/Qrr only as curves. Ls 25 nH (CBB011 16.8); VGS min -4 V static; Vth 2.7-5.6 V (no typ); Tvj op 150 C; SC capability flagged low (note 7), not rated."
b,Wuxi NCE Power,CN,NCES120P013T4,TO-247-4L,1200,13,17,,,18,-3,24,-10,3.0,,210,5200,270,12,800,,,,,,,,3.4,1210,0.21,175,,not rated,1.5,yes,none stated,docs/datasheets/power-semiconductors/NCES120P013T4.pdf,1-3,"LCSC C54426046: USD 6.94 @1 / 5.98 @10 / 5.40 @30 / 4.92 @90, out of stock on the product page (mirror snapshot 28 pcs)","REJECT for now: 9-page datasheet without switching energies (no Eon/Eoff values, no energy curves), no hot R_DS(on) value, boilerplate footer dated Sep 2010. Cheap and from a listed Chinese power-device company, but cannot be loss-modelled. ncepower.com sits behind a slider CAPTCHA - full datasheet/reliability data must be requested by hand."
c,Wuxi NCE Power,CN,NCES075P013T,TO-247-3L,750,,,,,18,-3,24,-10,,,186,,445,15.5,500,61.5,,,,,,,,597,0.35,175,,,0.5,no,none stated,docs/datasheets/power-semiconductors/NCES075P013T.pdf,1-3,"LCSC C54425821: mirror stock 26, USD 5.62 @1","REJECT: the LCSC-hosted 12-page datasheet leaves R_DS(on), Vth, IDSS, Eon/Eoff and V_SD cells blank - not a usable datasheet. 3-lead package (no Kelvin source). Listed only to document that the stocked NCE 750 V part is unusable as filed."
f,WeEn Semiconductors,CN,WND75P16W6,TO-247-2L (TO247HA-2L),1600,,,,,,,,,,,,,,,,,,,,,,,1.15,,0.2,150,,not rated,,,"none on datasheet (industrial; WeEn automotive rectifiers stop at 1200 V); maker sites ISO 9001 + IATF 16949, CNAS reliability lab running HTRB to 2000 V per AEC/JEDEC: https://www.ween-semi.com/quality-reliability",docs/datasheets/power-semiconductors/WND75P16W6.pdf,1-6,"not on LCSC (jlcsearch diode list 2026-10-04 has no WND part); no distributor listing or public price found (Rev.01 sheet dated 2026-09-21); quote via WeEn distributors","IF(AV) 75 A (square d=0.5, Tmb<=131 C); IFSM 1050 A (10 ms, Tj init 25 C) / 1155 A (8.3 ms); I2t 5513 A2s (10 ms); IR max 50 uA (1600 V, 25 C) / 2 mA (1600 V, 150 C). VF max 1.15 V at 75 A 25 C (typ 0.96 V at 150 C); Rth(j-mb) 0.2 K/W. Consistent data set (IFSM^2*t/2 = I2t), Zth curve Fig.5, IFSM vs tp Fig.4. PV clamp (8 per bank, 1525 A / 159 A2s per device in 0.58 ms): I2t allowed at t95 ~1330 A2s by I2sqrt(t) scaling = 8.4x margin vs 6.9x for VS-60EPS16-M3 (CALCULATED). Leakage at 1000 V / 85 C ~0.18 mA per device (ESTIMATE, exponential between the two max points, linear in V) = ~8.8 W per PV-P75 (incumbent 9.1 W). Same TO-247 2-lead outline, tab = cathode. Risks: brand-new sheet, no stock/price seen, IFSM only at 25 C with no hot or VRRM-reapplied value - ask WeEn for hot IFSM and the qualification report. Rank 1 for the PV clamp."
f,WeEn Semiconductors,CN,WND60P16W6,TO-247-2L (TO247HA-2L),1600,,,,,,,,,,,,,,,,,,,,,,,1.12,,0.25,150,,not rated,,,"none on datasheet; maker sites ISO 9001 + IATF 16949, CNAS reliability lab: https://www.ween-semi.com/quality-reliability",docs/datasheets/power-semiconductors/WND60P16W6.pdf,1-6,"not on LCSC (jlcsearch diode list 2026-10-04); no distributor listing or public price found (Rev.01 sheet dated 2026-09-21)","IF(AV) 60 A (square d=0.5, Tmb<=131 C); IFSM 950 A (10 ms, Tj init 25 C) / 1045 A (8.3 ms); I2t 4513 A2s (10 ms); IR max 50 uA (1600 V, 25 C) / 1.5 mA (1600 V, 150 C). VF max 1.12 V at 60 A 25 C; Rth(j-mb) 0.25 K/W; Zth Fig.5. Numerically the VS-60EPS16-M3 (950 A, 4525 A2s): same 6.9x I2t margin in the PV clamp duty (CALCULATED); leakage at 1000 V / 85 C ~0.16 mA per device (ESTIMATE) = ~7.7 W per PV-P75. Same risks as WND75P16W6. Rank 2 - take WND75P16W6 for margin unless the price differs."
f,Sirectifier (Jiangsu Sirectifier Electronic Technology),CN,SD7016,TO-247AC 2-lead,1600,,,,,,,,,,,,,,,,,,,,,,,1.17,,0.35,150,,not rated,,,"none stated; maker ISO 9001:2015 / ISO 14001:2015 (https://www.sirectifier.com/cn/single.asp?MenuID=47); package assembler - 8400 m2 plant, no wafer fab claimed, offers OEM / white-label (https://www.sirectifier.com/cn/single.asp)",docs/datasheets/power-semiconductors/SD7016.pdf,1-2,"not on LCSC (jlcsearch 2026-10-04); no public price; maker sells direct (sales@sirectifier.com)","IF(AV)M 70 A (Tc 100 C); IFSM 1500 A (45 C, 10 ms, VR=0) / 1230 A (150 C); I2t 14000 / 10300 A2s as printed - inconsistent with its own IFSM (IFSM^2*t/2 = 11250 / 7565 A2s); IR max 3 mA (150 C, VRRM), no 25 C value. VF max 1.17 V at 70 A 25 C. Zth Fig.6 with 4-term constants that sum to 1.13 K/W against Rth(j-c) 0.35 K/W (inconsistent); PDF metadata 'SD4502 thru 4516' (2010 template), IXYS-style layout. Highest claimed surge (PV clamp I2t margin 11-17x CALCULATED from IFSM) but ~3x the incumbent's hot leakage: ~0.57 W per device at 1000 V / 85 C (ESTIMATE using the Vishay temperature slope, no 25 C point) = ~27 W per PV-P75. Data-quality red flags: not recommended without maker test data. 70TD160 is the same part under a Vishay-like name."
f,PANJIT,TW,PGR6016PT,TO-247AD-2LM,1600,,,,,,,,,,,,,,,,,,,,,,,1.2,,0.35,150,,not rated,,,none stated (only solderability per JESD22-B106 / B102),docs/datasheets/power-semiconductors/PGR6016PT.pdf,1-3,"not on LCSC (jlcsearch 2026-10-04); DigiKey PGR6016PT_T0_00301 1490 pcs, USD 3.34 (1) down to 0.9554 (volume) per a web-search snippet - DigiKey returns 403, not verified","IO 60 A (Tc 90 C); IFSM 800 A (50 Hz 1 cycle, 25 C); I2t 3200 A2s (1-10 ms); IRRM max 5 uA (1600 V, 25 C) / 500 uA (1600 V, 125 C). VFM max 1.2 V at 60 A. Lowest leakage of the set (~0.05 W per device at 1000 V / 85 C, ESTIMATE = 2.4 W per PV-P75) but surge below the incumbent (800 vs 950 A, 3200 vs 4525 A2s): PV clamp I2t margin 4.9x and peak margin only ~1.07x (CALCULATED) - fails the 'at least incumbent surge' rule. Every p3 curve incl. Zth carries the legend 'VS-60EPS.. Series / RthJC 0.35 K/W': copied from the Vishay sheet, not Panjit characterisation. Reject for the clamp unless the group grows to 10."
f,MASPOWER,CN,ESTF60SS160US,TO-247-2,1600,,,,,,,,,,,,,,,,,,,,,,,1.30,3300,0.35,150,,not rated,,,none; trading brand with no traceable fab,docs/datasheets/power-semiconductors/ESTF60SS160US.pdf,1-2,"LCSC C19724679: 31 in stock, USD 1.0906 (1+) / 1.066 (10+) / 1.0003 (30+) / 0.9839 (90+) per lcsc.com page 2026-10-04; jlcsearch mirror shows USD 1.98 (1-9)","IF(AV) 60 A (no Tc stated); IFSM 950 A (8.3 ms, TJ 45 C); no I2t; IRM max 20 mA (1600 V, 25 C) / 80 mA (1600 V, 125 C) - 200x the incumbent: ~29 W per device at 1000 V / 85 C (ESTIMATE) = over 1 kW per PV-P75. VF max 1.30 V at 60 A; qrr = Qrr typ 3.3 uC (30 A, 1200 V, 800 A/us), trr 860 ns. Lists 'Visol 3000 V' for a non-isolated TO-247-2 (template error). Reject."
f,Techsem (Hubei TECH Semiconductors),CN,MDC600-16-416F3,"416F3 module 150 x 60 mm, 3 x M10, isolated base",1600,,,,,,,,,,,,,,,,,,,,,,,1.50,,0.065,150,,not rated,,,"none on datasheet; maker ISO 9001 (2009), ISO 14001, ISO 45001, IRIS / ISO 22163 (https://www.tech-sem.com/index.php?m=home&c=Lists&a=index&tid=87); in-house wafer and chip process plus pressure-contact packaging, founded 1966, SZSE 300046 (https://www.tech-sem.com/index.php?m=home&c=Lists&a=index&tid=8)",docs/datasheets/power-semiconductors/MDC600-16-416F3.pdf,1-3,"not on LCSC; no public price (Techsem e-shop rd-ebusiness.com and Dacpol list Techsem modules without prices) - quote needed","per arm: IF(AV) 600 A (Tc 100 C, 180 deg sine); IFSM 19.0 kA (Tj 150 C, 10 ms, VR = 60 % VRRM reapplied); I2t 1805 kA2s; IRRM max 45 mA (150 C, VRRM), no 25 C value. VFM max 1.50 V at 1800 A 25 C (VF0 0.75 V, rF 0.28 mOhm); Rth(c-h) 0.024 K/W; Viso 3000 V rms 1 min; 1540 g. Zth Fig.2, surge vs cycles Fig.7, I2t vs 1-10 ms Fig.8. Matches DD600N16K hot ratings (19 kA / 1.8 MA2s at Tvj max) under a harsher condition (60 % VRRM reapplied); 25 C IFSM not stated (DD600N 22 kA). DAB clamp event 16.5-21.1 kA2s, 15.7-17.8 kA in ~0.52 ms: I2t margin ~20x and peak ~2.2x at the event duration (CALCULATED, I2sqrt(t) scaling). Outline class similar to DD600N (check terminal positions). MDx = MDC / MDA / MDK, one arm used. Rank 1 for the DAB clamp."
f,Sirectifier (Jiangsu Sirectifier Electronic Technology),CN,SDD600N16BT,"BT module 150 mm, M10 terminals, isolated base",1600,,,,,,,,,,,,,,,,,,,,,,,1.35,,0.065,150,,not rated,,,"none stated; UL file 310749 (isolation, per datasheet); maker ISO 9001 / ISO 14001, package assembler with no wafer fab claimed",docs/datasheets/power-semiconductors/SDD600N16BT.pdf,1-4,not on LCSC; no public price - quote needed,"per arm: IFAVM 600 A (Tc 100 C); IFSM 19.0 kA (45 C, 10 ms, VR=0) / 16.2 kA (Tvjm); I2t 1805 / 1319 kA2s; IRRM max 50 mA (Tvjm, VRRM), no 25 C value. VF max 1.35 V at 1800 A 25 C; Rth(j-k) 0.02 K/W; Visol 3000 V 1 min / 3600 V 1 s; 940 g; pressure contact. Zth Fig.7, surge Fig.3/4. Below DD600N16K (22 / 19 kA, 2.42 / 1.8 MA2s): fails the 'at least incumbent surge' rule by ~15 % hot, yet the DAB clamp event still has ~14x I2t and ~1.9x peak margin at its duration (CALCULATED). One sheet for 800-2600 V (header reads SDD600N26BT). Rank 2 for the DAB clamp."
f,Yangjie (Yangzhou Yangjie Electronic Technology),CN,YJD112020NGG2,TO-247AC 2-lead,1200,,,,,,,,,,,,,79,,800,29.3,,,,,,,1.55,114,0.47,175,,not rated,,,"none stated in datasheet (Rev.1.0 2021-09-30); Yangjie keeps a separate automotive SiC SBD line, this part is not marked AEC-Q101",docs/datasheets/power-semiconductors/YJD112020NGG2.pdf,1-3,"LCSC C20605598: 265 in stock, USD 5.6208 (1+) / 4.8297 (10+) / 4.3482 (36+) / 3.9437 (108+) per lcsc.com page 2026-10-04","SiC SBD. IF 33 A (Tc 135 C) / 20 A (Tc 157 C); IFSM 160 A (Tc 25 C, 10 ms half sine), no hot value; i2t 128 A2s; IR typ 0.5 / max 25 uA (1200 V, 25 C), typ 5 uA (1200 V, 175 C, no max). vsd = VF max at 20 A 25 C (typ 1.34 V; 1.86 / 2.70 V at 175 C). qrr = QC at 800 V; coss = C at 800 V (1552 pF at 0 V, 107 pF at 400 V); eoss = EC at 800 V. Zth Fig.8. In stock on LCSC from a maker with its own fabs: easiest to buy. Rank 2 of the SBDs behind BASiC on documentation."
f,Yangjie (Yangzhou Yangjie Electronic Technology),CN,YJD112040NQG2,TO-247AC 2-lead,1200,,,,,,,,,,,,,156,,800,55,,,,,,,1.58,216,0.34,175,,not rated,,,"none stated in datasheet (Rev.1.0 2022-10-25), not marked AEC-Q101",docs/datasheets/power-semiconductors/YJD112040NQG2.pdf,1-2,"LCSC C20605605: 220 in stock, USD 5.82 (1+) / 4.97 (10+) / 4.47 (30+) / 3.97 (90+) / 3.73 (510+) / 3.63 (990+) per lcsc.com page 2026-10-04","SiC SBD. IF 51 A (Tc 135 C) / 40 A (Tc 144 C); IFSM 280 A (Tc 25 C, 10 ms), no hot value; i2t 392 A2s; IR typ 3.1 / max 38 uA (1200 V, 25 C), typ 19 uA (175 C, no max). vsd = VF max at 40 A 25 C (typ 1.41 V; typ 2.02 V at 175 C). qrr = QC at 800 V; coss = C at 800 V (2900 pF at 0 V, 204 pF at 400 V); eoss = EC at 800 V. Zth on file. Same LCSC price as the 20 A part at volume - the pick when a 40 A class clamp / boost diode is needed."
f,BASiC Semiconductor,CN,B3D20120H,TO-247-2,1200,,,,,,,,,,,,,76,,800,31.1,,,,,,,1.65,109,0.52,175,,"EAS 144.5 mJ (L 1 mH, IAS 17 A)",,,"none stated in datasheet; maker states qualification of all devices to MIL-STD / JEDEC, AQG324, IEC with in-house HTRB / HTGB / H3TRB / TC (https://www.basicsemi.com/h-col-148.html); own 6-inch SiC wafer line in Shenzhen, described for MOSFET wafers (https://www.basicsemi.com/h-pd-85.html); HKEX 9971",docs/datasheets/power-semiconductors/B3D20120H.pdf,2-6,not on LCSC (SiC Diodes in jlcsearch mirror 2026-10-04); no public price read - quote needed,"SiC SBD. IF 30 A (Tc 135 C) / 20 A (Tc 155 C); IFSM 160 A (Tc 25 C) / 150 A (Tc 110 C), 10 ms half sine; IF,max 1200 A (10 us); i2t 128 A2s; IR typ 1 / max 50 uA (1200 V, 25 C), typ 10 / max 100 uA (1200 V, 175 C). vsd = VF max at 20 A 25 C (typ 1.36 V; 1.89 / 2.66 V at 175 C). qrr = QC at 800 V; coss = C at 800 V (1198 pF at 1 V, 103 pF at 400 V); eoss = EC. Avalanche-rated, hot surge and hot max leakage given, Zth Fig.8, surge Fig.9: the most complete of the Chinese SBD sheets. Risk: not on LCSC, price and lead time by quote. Rank 1 of the SBDs on documentation."
f,ROHM,JP,SCS220KGHR,TO-220AC (2 leads + tab),1200,,,,,,,,,,,,,85,,800,,,,,,,,1.6,65,0.71,175,,not rated,,,AEC-Q101 qualified (datasheet p1),docs/datasheets/power-semiconductors/SCS220KGHR.pdf,1-3,not on LCSC (SiC Diodes in jlcsearch mirror 2026-10-04); no public price read,"SiC SBD. IF 20 A (Tc 133 C); IFSM 79 A (10 ms sine, 25 C) / 59 A (150 C); i2t 31 / 17 A2s; IR typ 20 / max 400 uA (1200 V, 25 C), typ 160 uA (150 C), typ 260 uA (175 C). vsd = VF max at 20 A 25 C (typ 1.4 V; 1.8 V at 150 C). qrr = QC at 800 V; coss = C at 800 V (1050 pF at 1 V). Rth(j-c) typ 0.62 / max 0.71 K/W, Foster constants given. The only part here with an explicit AEC-Q101 statement, but TO-220AC not TO-247, 2018 sheet, half the surge of the Chinese 20 A parts. Qualified reference, not the first choice."
c,Sanan Semiconductor (Hunan Sanan),CN,AMS0750009M2,TO-247-4L B,750,9,12,12,175,18,-5,22,-10,2.9,,218,5107,387,24,700,105,917,507,500,80,2.4,25,3.9,370,0.25,175,,not rated,6.3,yes,AEC-Q101 qualified (datasheet p1),docs/datasheets/power-semiconductors/AMS0750009M2.pdf,"1,3-5,8-16",not on LCSC (mirror 2026-10-04); RFQ to Sanan,"Best 750 V part found: 9 / 12 mOhm, only 1.33x at 175 C, AEC-Q101, Rev 2.0.0 (2026-01), 17 pages with E vs I and RG (Figs 22-24), Qrr vs di/dt, Zth (Fig 27), SOA. 175 C: Eon 976 / Eoff 633 uJ (500 V 80 A). Gate -5/+18 V recommended. Vth 2.0 V typ at 175 C. Maker is vertically integrated (substrate to device)."
b,Sanan Semiconductor (Hunan Sanan),CN,AMS1200020M2,TO-247-4L B,1200,20,26,32,175,18,-5,22,-10,3.2,,154,3533,147,9,1000,84,532,46,800,40,2.4,25,4.1,370,0.31,175,,not rated,2.9,yes,AEC-Q101 qualified (datasheet p1),docs/datasheets/power-semiconductors/AMS1200020M2.pdf,"1,3-6",not on LCSC (mirror 2026-10-04); RFQ to Sanan,"Rev 0.2.0 (2026-01) preliminary: 15 pages but NO switching-energy curves (only table values) and NO Zth curve - not enough for the loss model yet. 175 C: Eon 749 / Eoff 53 uJ (800 V 40 A), Qrr 1.02 uC. Gate -5/+18 V."
e,Sanan Semiconductor (Hunan Sanan),CN,SMS1701000K,TO-247-3L,1700,1000,1200,1500,175,20,-5,24,-8,2.6,,16.7,227,12.5,2,1000,7.7,63,29,1200,2,12,25,3.6,40,1.25,175,,"E_AS 150 mJ (5 mH, 50 V)",,no,none stated (industrial),docs/datasheets/power-semiconductors/SMS1701000K.pdf,"1,3-6",not on LCSC (mirror 2026-10-04); RFQ,"Rev 2.0.0 (2026-01), 18 pages. Rated at Vgs 20 V (R_DS(on) 1.0/1.2 ohm at 20 V) - at our 15.2 V drive R is higher (curve only). Through-hole TO-247-3L: footprint change from TO-263-7. Large avalanche rating (150 mJ)."
b,SICHAIN Semiconductor (Ningbo) / Sichainsemi,CN,SG2M035120LJ,TO-247-4L,1200,33,48,62,175,18,-4,22,-8,2.8,,57,1843,102,6.6,1000,61,212,48,800,32,2.5,25,3.7,575,0.45,175,,not rated,2.9,yes,none stated in datasheet,docs/datasheets/power-semiconductors/SG2M035120LJ.pdf,"3-5,9-10,13","LCSC C52109938: mirror stock 31, USD 3.50 @1 / 3.02 @10 / 2.74 @30 / 2.45 @90 / 2.26 @900",Final V01_03 (2026-02-02). Cheapest documented 1200 V 30-40 mOhm part found (3-level PV slot). R_DS(on) max 48 mOhm is 1.45x typ. Qrr 575 nC at 175 C. Rth 0.45/0.56. No qualification statement.
