maker,country,mpn,class,size,vdc_V,in_A,breaking_kA,lr_ms,i2t_prearc_A2s,i2t_total_A2s,i2t_total_at_V,p_loss_W,i_at_1000s_A,i_at_100s_A,i_at_10s_A,i_at_1s_A,i_at_0p1s_A,i_at_0p01s_A,derating_60C,derating_65C,temp_range_C,standards,datasheet,pages,note
Hollyland (Xiamen),CN,2XLPV160U15C/C2/D/DC,PV,NH2XL,1500,160,50,,24000,54000,,55,248,368,581,1000,2106,5003,0.842,0.819,-5..40 normal; -40..125 allowed; storage -40..90,UL 248-19; GB/T 13539.6; IEC 60269-6,docs/datasheets/protection/Hollyland-NH2XLPV-C-D-1500VDC.pdf,3-4 (table); 5 (I-T); 6 (ambient),"Class printed 'PV' in the spec (cites IEC 60269-6). 50 kA @1500 V DC in this spec (30 kA in the one-page sheet Hollyland-NH2XLPV-1500VDC.pdf for the A/B variants); L/R, test voltage of the I2t and test current NOT stated. p_loss_W is the printed 'Max Watts Loss' at rated current. I-T points are read from the vector 'average I-T curve (for reference)' on p.5 by path extraction calibrated on the grid (+-2 % of the reading; the maker gives no tolerance). Curve and table disagree: the curve gives 250 kA2s at 10 ms against the stated pre-arc 24 kA2s. Derating = factor on rated current read from the ambient curve p.6 (1.00 at 20 C, 0.98 at 25 C); body 191 mm overall (drawing p.4)"
Hollyland (Xiamen),CN,2XLPV200U15C/C2/D/DC,PV,NH2XL,1500,200,50,,44000,99000,,70,289,438,733,1364,2732,5923,0.842,0.819,-5..40 normal; -40..125 allowed; storage -40..90,UL 248-19; GB/T 13539.6; IEC 60269-6,docs/datasheets/protection/Hollyland-NH2XLPV-C-D-1500VDC.pdf,3-4 (table); 5 (I-T); 6 (ambient),"Class printed 'PV' in the spec (cites IEC 60269-6). 50 kA @1500 V DC in this spec (30 kA in the one-page sheet Hollyland-NH2XLPV-1500VDC.pdf for the A/B variants); L/R, test voltage of the I2t and test current NOT stated. p_loss_W is the printed 'Max Watts Loss' at rated current. I-T points are read from the vector 'average I-T curve (for reference)' on p.5 by path extraction calibrated on the grid (+-2 % of the reading; the maker gives no tolerance). Curve and table disagree: the curve gives 351 kA2s at 10 ms against the stated pre-arc 44 kA2s. Derating = factor on rated current read from the ambient curve p.6 (1.00 at 20 C, 0.98 at 25 C); body 191 mm overall (drawing p.4)"
Hollyland (Xiamen),CN,2XLPV250U15C/C2/D/DC,PV,NH2XL,1500,250,50,,80000,176000,,80,373,613,1106,1958,3484,7239,0.842,0.819,-5..40 normal; -40..125 allowed; storage -40..90,UL 248-19; GB/T 13539.6; IEC 60269-6,docs/datasheets/protection/Hollyland-NH2XLPV-C-D-1500VDC.pdf,3-4 (table); 5 (I-T); 6 (ambient),"Class printed 'PV' in the spec (cites IEC 60269-6). 50 kA @1500 V DC in this spec (30 kA in the one-page sheet Hollyland-NH2XLPV-1500VDC.pdf for the A/B variants); L/R, test voltage of the I2t and test current NOT stated. p_loss_W is the printed 'Max Watts Loss' at rated current. I-T points are read from the vector 'average I-T curve (for reference)' on p.5 by path extraction calibrated on the grid (+-2 % of the reading; the maker gives no tolerance). Curve and table disagree: the curve gives 524 kA2s at 10 ms against the stated pre-arc 80 kA2s. Derating = factor on rated current read from the ambient curve p.6 (1.00 at 20 C, 0.98 at 25 C); body 191 mm overall (drawing p.4)"
Hollyland (Xiamen),CN,10gPV20U0,gPV,10.3x38 mm,1000,20,30,1-3,208,462,,3.2,28.1,35.9,46.8,70.8,116.5,216.8,0.892,0.873,-40..90 operating; storage -40..90,IEC 60269-1; IEC 60269-6; TUV R50263929 (1-20 A),docs/datasheets/protection/Hollyland-HC10gPV-1000VDC.pdf; docs/datasheets/protection/Hollyland-HC10gPV-1000VDC-catalogue.pdf,"3-4 (table: I2t, loss at 1.0 In; 1.7 W at 0.8 In); 5 (I-T); 6 (ambient, altitude); catalogue p.1 (L/R)","Backup-fuse candidate for varistor branches (20 A is the top rating of this document). Breaking capacity 30 kA @1000 V DC; the 1-3 ms time constant is printed only in the one-page catalogue sheet. Test voltage of the I2t not stated. I-T points = rightmost curve (20 A) of the family on p.5, digitised from a 300 dpi rendering (+-4 %); I2t from the curve at 2 ms (350 A) = 0.25 kA2s is consistent with the stated pre-arc 208 A2s. Derating read from the ambient curve p.6 (1.00 at about 30 C; 1.03 at 20 C)"
Hollyland (Xiamen),CN,10PV25U0,PV,10.3x38 mm,1000,25,30,,,,,,34.0,41.8,54.7,84.9,170.4,407.9,,,,UL 248-19,docs/datasheets/protection/Hollyland-HC10PV-1000VDC.pdf,1,"Catalogue sheet only: no I2t, no losses, no L/R, no derating, no operating temperature range. UL approval of the 25/30 A ratings shown as pending. Blowing limits 135 % In 1 h max, 200 % In 240 s max. I-T points digitised from the 300 dpi rendering of the 'average I-T curve (for reference only)' (rightmost curve = 30 A, second = 25 A), +-5 %"
Hollyland (Xiamen),CN,10PV30U0,PV,10.3x38 mm,1000,30,30,,,,,,41.8,49.9,64.7,119.3,249.9,564.8,,,,UL 248-19,docs/datasheets/protection/Hollyland-HC10PV-1000VDC.pdf,1,"Catalogue sheet only: no I2t, no losses, no L/R, no derating, no operating temperature range. UL approval of the 25/30 A ratings shown as pending. Blowing limits 135 % In 1 h max, 200 % In 240 s max. I-T points digitised from the 300 dpi rendering of the 'average I-T curve (for reference only)' (rightmost curve = 30 A, second = 25 A), +-5 %"
Hollyland (Xiamen),CN,10LgPV35U15,PV,10.3x85 mm,1500,35,30,,,,,,53.9,80.1,124.8,198.4,408.1,780.9,,,,IEC 60269-6; GB/T 13539.6,docs/datasheets/protection/Hollyland-HC10LgPV-1500VDC.pdf,1,"Catalogue sheet only: no I2t, losses, L/R or derating. 20 kA (1-16 A) / 30 kA (20-35 A) @1500 V DC; test currents 1.13 In (1 h min) and 1.45 In (1 h max). 85 mm body, does not fit a 10x38 holder. I-T points digitised from the 300 dpi rendering (rightmost curve = 35 A; the 30/32/35 A curves are bunched), +-6 %"
Hollyland (Xiamen),CN,NH3LgBat200U15,gBat,NH3L,1500,200,150,,,,,,350,545,981,1532,2009,2611,,,,IEC 60269-7,docs/datasheets/protection/Hollyland-NH3LgBat-1500VDC.pdf,1,"Catalogue sheet only (title 'Semiconductor Fuses', energy-storage protection): no I2t, losses, L/R or derating. Class gBat inferred from the part number and IEC 60269-7 (the sheet does not print the class). NH3L body 75 mm wide x 192 mm long. I-T points digitised from the 300 dpi rendering of the average curve (leftmost curve = 200 A, second = 250 A), +-5 %"
Hollyland (Xiamen),CN,NH3LgBat250U15,gBat,NH3L,1500,250,150,,,,,,441,705,1292,1982,2599,3408,,,,IEC 60269-7,docs/datasheets/protection/Hollyland-NH3LgBat-1500VDC.pdf,1,"Catalogue sheet only (title 'Semiconductor Fuses', energy-storage protection): no I2t, losses, L/R or derating. Class gBat inferred from the part number and IEC 60269-7 (the sheet does not print the class). NH3L body 75 mm wide x 192 mm long. I-T points digitised from the 300 dpi rendering of the average curve (leftmost curve = 200 A, second = 250 A), +-5 %"
Sinofuse (Xi'an Sinofuse Electric),CN,RS306-01-T5Z-160A1250V,aR,01 (bolted T5Z),1000,160,50,10,4200,25600,"AC 1390 V, 50 kA (AC test, not DC)",40,,,,834,1059,1408,0.833,0.8,-5..40 normal; -40..85 tolerable; storage -40..120,UL 248-13; IEC 60269-4,docs/datasheets/protection/Sinofuse-RS306-01-1250V.pdf,3 (table); 5 (curves); 6 (Kt),"Semiconductor (aR) link, not a gPV/gBat link: the document states a minimum protection range of 8 In, so it clears nothing between the contactor limit (450 A) and about 8 In (1.3-2 kA). Voltage is DC 1000 V under UL, AC 1250 V under IEC; DC 50 kA at L/R 10 ms and DC 150 kA at L/R <=4 ms. I2t are AC values (1390 V, 50 kA); p_loss_W is the printed loss at In (0.5 In: 7.6 / 9.5 / 11.5 W); long-term current recommended <80 % of rating. Time-current curve (virtual pre-arcing time vs prospective RMS current, current tolerance +-10 %) starts at about 2.4-2.7 s, so there is no 10 s - 1000 s data. Points read from the vector figure p.5 (calibration on grid lines, +-3 %). Kt read from p.6 (chart assumed 0.01 per grid line, +-0.02)"
Sinofuse (Xi'an Sinofuse Electric),CN,RS306-01-T5Z-200A1250V,aR,01 (bolted T5Z),1000,200,50,10,6800,42000,"AC 1390 V, 50 kA (AC test, not DC)",50,,,,1075,1384,1894,0.833,0.8,-5..40 normal; -40..85 tolerable; storage -40..120,UL 248-13; IEC 60269-4,docs/datasheets/protection/Sinofuse-RS306-01-1250V.pdf,3 (table); 5 (curves); 6 (Kt),"Semiconductor (aR) link, not a gPV/gBat link: the document states a minimum protection range of 8 In, so it clears nothing between the contactor limit (450 A) and about 8 In (1.3-2 kA). Voltage is DC 1000 V under UL, AC 1250 V under IEC; DC 50 kA at L/R 10 ms and DC 150 kA at L/R <=4 ms. I2t are AC values (1390 V, 50 kA); p_loss_W is the printed loss at In (0.5 In: 7.6 / 9.5 / 11.5 W); long-term current recommended <80 % of rating. Time-current curve (virtual pre-arcing time vs prospective RMS current, current tolerance +-10 %) starts at about 2.4-2.7 s, so there is no 10 s - 1000 s data. Points read from the vector figure p.5 (calibration on grid lines, +-3 %). Kt read from p.6 (chart assumed 0.01 per grid line, +-0.02)"
Sinofuse (Xi'an Sinofuse Electric),CN,RS306-01-T5Z-250A1250V,aR,01 (bolted T5Z),1000,250,50,10,12500,76500,"AC 1390 V, 50 kA (AC test, not DC)",60,,,,1410,1853,2471,0.833,0.8,-5..40 normal; -40..85 tolerable; storage -40..120,UL 248-13; IEC 60269-4,docs/datasheets/protection/Sinofuse-RS306-01-1250V.pdf,3 (table); 5 (curves); 6 (Kt),"Semiconductor (aR) link, not a gPV/gBat link: the document states a minimum protection range of 8 In, so it clears nothing between the contactor limit (450 A) and about 8 In (1.3-2 kA). Voltage is DC 1000 V under UL, AC 1250 V under IEC; DC 50 kA at L/R 10 ms and DC 150 kA at L/R <=4 ms. I2t are AC values (1390 V, 50 kA); p_loss_W is the printed loss at In (0.5 In: 7.6 / 9.5 / 11.5 W); long-term current recommended <80 % of rating. Time-current curve (virtual pre-arcing time vs prospective RMS current, current tolerance +-10 %) starts at about 2.4-2.7 s, so there is no 10 s - 1000 s data. Points read from the vector figure p.5 (calibration on grid lines, +-3 %). Kt read from p.6 (chart assumed 0.01 per grid line, +-0.02)"
Aite (Zhejiang Aite Electric Technology),CN,ATPV-NH1 160A,gPV,NH1 (NH2 body also listed),1000,160,50,,4244,23859,,31,,,,,,,,,,IEC 60269-1/-6; UL 248-1/-19 (listed on page); GB/T 13539.1/.6,docs/datasheets/protection/Aite-ATPV-NH1-1000VDC-webpage.html; docs/datasheets/protection/Aite-ATPV-NH1-1000VDC-melting-curve.jpg,web page table; curve image,"Maker WEB PAGE data, not a PDF: datasheets and TUV Rheinland certificates are 'available upon request' through an e-mail form (not submitted); snapshot and curve image saved. Table 'Fuse cold resistance and power dissipation': pre-arcing I2t, total I2t and watts loss at 1 In (the loss is printed without a limit or tolerance and no test conditions). 50 kA breaking capacity printed without L/R or voltage; IEC 60269-6 / UL 248-19 / GB/T 13539.6 are listed on the page, no certificate seen. Conventional times: no fusing at 105 % In for >2 h (100-200 A) or >3 h (200-400 A); fusing at 135 % In within 2 h / 3 h (IEC); 200 % In within 0-600 s (160, 200 A) or 0-720 s (250 A). Melting-curve image (two panels, 1000x466 px) is NOT digitised (curves bunched, not better than +-15 %), so the i_at_* cells are empty. The 200 A figures (5.6 / 31.4 kA2s, 36 W) are close to ETI's NH1 gPV 200 A page (4.4 / 29 kA2s, 27 W); the 160 A pre-arc I2t is 4.5x below the 19 kA2s used for the Mersen link in the port report; the same table is printed for the NH2 body (ATPV-NH2)"
Aite (Zhejiang Aite Electric Technology),CN,ATPV-NH1 200A,gPV,NH1 (NH2 body also listed),1000,200,50,,5584,31394,,36,,,,,,,,,,IEC 60269-1/-6; UL 248-1/-19 (listed on page); GB/T 13539.1/.6,docs/datasheets/protection/Aite-ATPV-NH1-1000VDC-webpage.html; docs/datasheets/protection/Aite-ATPV-NH1-1000VDC-melting-curve.jpg,web page table; curve image,"Maker WEB PAGE data, not a PDF: datasheets and TUV Rheinland certificates are 'available upon request' through an e-mail form (not submitted); snapshot and curve image saved. Table 'Fuse cold resistance and power dissipation': pre-arcing I2t, total I2t and watts loss at 1 In (the loss is printed without a limit or tolerance and no test conditions). 50 kA breaking capacity printed without L/R or voltage; IEC 60269-6 / UL 248-19 / GB/T 13539.6 are listed on the page, no certificate seen. Conventional times: no fusing at 105 % In for >2 h (100-200 A) or >3 h (200-400 A); fusing at 135 % In within 2 h / 3 h (IEC); 200 % In within 0-600 s (160, 200 A) or 0-720 s (250 A). Melting-curve image (two panels, 1000x466 px) is NOT digitised (curves bunched, not better than +-15 %), so the i_at_* cells are empty. The 200 A figures (5.6 / 31.4 kA2s, 36 W) are close to ETI's NH1 gPV 200 A page (4.4 / 29 kA2s, 27 W); the 160 A pre-arc I2t is 4.5x below the 19 kA2s used for the Mersen link in the port report; the same table is printed for the NH2 body (ATPV-NH2)"
Aite (Zhejiang Aite Electric Technology),CN,ATPV-NH1 250A,gPV,NH1 (NH2 body also listed),1000,250,50,,7347,41308,,44,,,,,,,,,,IEC 60269-1/-6; UL 248-1/-19 (listed on page); GB/T 13539.1/.6,docs/datasheets/protection/Aite-ATPV-NH1-1000VDC-webpage.html; docs/datasheets/protection/Aite-ATPV-NH1-1000VDC-melting-curve.jpg,web page table; curve image,"Maker WEB PAGE data, not a PDF: datasheets and TUV Rheinland certificates are 'available upon request' through an e-mail form (not submitted); snapshot and curve image saved. Table 'Fuse cold resistance and power dissipation': pre-arcing I2t, total I2t and watts loss at 1 In (the loss is printed without a limit or tolerance and no test conditions). 50 kA breaking capacity printed without L/R or voltage; IEC 60269-6 / UL 248-19 / GB/T 13539.6 are listed on the page, no certificate seen. Conventional times: no fusing at 105 % In for >2 h (100-200 A) or >3 h (200-400 A); fusing at 135 % In within 2 h / 3 h (IEC); 200 % In within 0-600 s (160, 200 A) or 0-720 s (250 A). Melting-curve image (two panels, 1000x466 px) is NOT digitised (curves bunched, not better than +-15 %), so the i_at_* cells are empty. The 200 A figures (5.6 / 31.4 kA2s, 36 W) are close to ETI's NH1 gPV 200 A page (4.4 / 29 kA2s, 27 W); the 160 A pre-arc I2t is 4.5x below the 19 kA2s used for the Mersen link in the port report; the same table is printed for the NH2 body (ATPV-NH2)"
