design,part,parameter,value,unit,document,page,note
TIDA-010938,L1/L4 PV boost inductor,vendor part,Bourns 145451,,docs/reference-designs/ti/tida-010938/design-files/tidmcg4/TIDA-010938 DC-DCE2([No Variations])_TI-BOM.pdf,2,"one per 5 kW string boost; 130 kHz; 50-500 V in, 400 V out"
TIDA-010938,L1/L4 PV boost inductor,inductance,120,uH,docs/reference-designs/ti/tida-010938/design-files/tidmcg4/TIDA-010938 DC-DCE2([No Variations])_TI-BOM.pdf,2,BOM value; no core/turns/saturation data published
TIDA-010938,L1/L4 PV boost inductor,design rule ripple,<40 % of average current at worst duty (D = 0.5),,docs/reference-designs/ti/tida-010938/tida-010938_design-guide_tiduf64.pdf,11,design-guide rule for the boost inductor
TIDA-010938,L9/L13 battery DC/DC phase inductor,vendor part,Bourns 145452,,docs/reference-designs/ti/tida-010938/design-files/tidmcg4/TIDA-010938 DC-DCE2([No Variations])_TI-BOM.pdf,2,"one per phase, 2-phase interleaved half-bridge, 65 kHz per leg, 30 A total"
TIDA-010938,L9/L13 battery DC/DC phase inductor,inductance,200,uH,docs/reference-designs/ti/tida-010938/design-files/tidmcg4/TIDA-010938 DC-DCE2([No Variations])_TI-BOM.pdf,2,BOM value; no core/turns/saturation data published
TIDA-010938,L18 DC filter inductor,vendor part,Bourns 145454,,docs/reference-designs/ti/tida-010938/design-files/tidmcg4/TIDA-010938 DC-DCE2([No Variations])_TI-BOM.pdf,3,
TIDA-010938,L18 DC filter inductor,inductance,22,uH,docs/reference-designs/ti/tida-010938/design-files/tidmcg4/TIDA-010938 DC-DCE2([No Variations])_TI-BOM.pdf,3,10 %
TIDA-010938,L18 DC filter inductor,DC resistance,5,mOhm,docs/reference-designs/ti/tida-010938/design-files/tidmcg4/TIDA-010938 DC-DCE2([No Variations])_TI-BOM.pdf,3,
TIDA-010938,L1/L4 inverter boost inductor,vendor part,Bourns 145453,,docs/reference-designs/ti/tida-010938/design-files/tidmcg4/TIDA-010938 AC-DCE2(001)_TI-BOM.pdf,4,"split in both legs (HERIC/H-bridge), 87-89 kHz"
TIDA-010938,L1/L4 inverter boost inductor,inductance,87,uH,docs/reference-designs/ti/tida-010938/design-files/tidmcg4/TIDA-010938 AC-DCE2(001)_TI-BOM.pdf,4,+/-10 %; two in series give 174 uH vs 176 uH calculated (guide p.24)
TIDA-010938,L1/L4 inverter boost inductor,rated current,35,A,docs/reference-designs/ti/tida-010938/design-files/tidmcg4/TIDA-010938 AC-DCE2(001)_TI-BOM.pdf,4,BOM; guide p.24 says 20 A rms
TIDA-010938,L1/L4 inverter boost inductor,DC resistance,13,mOhm,docs/reference-designs/ti/tida-010938/design-files/tidmcg4/TIDA-010938 AC-DCE2(001)_TI-BOM.pdf,4,
TIDA-010938,L10/L11 AC common-mode choke,vendor part,Kaschke 47708,,docs/reference-designs/ti/tida-010938/design-files/tidmcg4/TIDA-010938 AC-DCE2(001)_TI-BOM.pdf,4,guide calls it Bourns 047708 (p.25)
TIDA-010938,L10/L11 AC common-mode choke,common-mode inductance,4,mH,docs/reference-designs/ti/tida-010938/design-files/tidmcg4/TIDA-010938 AC-DCE2(001)_TI-BOM.pdf,4,+/-30 %
TIDA-010938,L10/L11 AC common-mode choke,leakage inductance,4,uH,docs/reference-designs/ti/tida-010938/tida-010938_design-guide_tiduf64.pdf,25,Table 3-4
TIDA-010957,L1/L2/L5/L6 switch-node inductor (15 kVA build),vendor part,Bourns MAG-3002584,,docs/reference-designs/ti/tida-010957/design-files/slurb91/TIDA-010957Sch_Rev(001)_TI-BOM.pdf,5,one per FC leg (3 phases + N); sees 125 kHz (2 x 62.5 kHz)
TIDA-010957,L1/L2/L5/L6 switch-node inductor (15 kVA build),inductance,87,uH,docs/reference-designs/ti/tida-010957/design-files/slurb91/TIDA-010957Sch_Rev(001)_TI-BOM.pdf,5,BOM value; no core/turns published
TIDA-010957,L1/L2/L5/L6 switch-node inductor (30 kVA build),vendor part,Bourns MAG-3002402,,docs/reference-designs/ti/tida-010957/tida-010957_design-guide_tidufg9.pdf,21,"used with LMG3670R010, 36 A rms per phase"
TIDA-010957,L12/L19 common-mode choke,vendor part,Bourns MAG-3002585 (4-phase CMC); MAG-3002832 for the 30 kVA build,,docs/reference-designs/ti/tida-010957/design-files/slurb91/TIDA-010957Sch_Rev(001)_TI-BOM.pdf,5,guide p.21 for the 30 kVA part
TIDA-010957,flying capacitor (per leg),part,TDK B32676G6126K000 12 uF 630 V PP film + 220 nF 630 V X7R,,docs/reference-designs/ti/tida-010957/design-files/slurb91/TIDA-010957Sch_Rev(001)_TI-BOM.pdf,4,not magnetic; recorded for the FC ripple rule dV = (0.5-|D-0.5|) I /(C f) (SDAA195 p.8)
TIDA-010054,T1 planar transformer with integrated series inductor,vendor,Payton (custom planar),,docs/reference-designs/ti/tida-010054/tida-010054_design-guide_tidues0.pdf,26,
TIDA-010054,T1 planar transformer with integrated series inductor,turns ratio,24:15,,docs/reference-designs/ti/tida-010054/tida-010054_design-guide_tidues0.pdf,26,Table 2-2 (p.23 gives 1:0.625)
TIDA-010054,T1 planar transformer with integrated series inductor,leakage inductance,34,uH,docs/reference-designs/ti/tida-010054/tida-010054_design-guide_tidues0.pdf,26,"total, integrated shim inductor; design value 35 uH (p.18, p.23)"
TIDA-010054,T1 planar transformer with integrated series inductor,magnetizing inductance,720,uH,docs/reference-designs/ti/tida-010054/tida-010054_design-guide_tidues0.pdf,26,
TIDA-010054,T1 planar transformer with integrated series inductor,primary DC resistance,43,mOhm,docs/reference-designs/ti/tida-010054/tida-010054_design-guide_tidues0.pdf,26,
TIDA-010054,T1 planar transformer with integrated series inductor,secondary DC resistance,16,mOhm,docs/reference-designs/ti/tida-010054/tida-010054_design-guide_tidues0.pdf,26,
TIDA-010054,T1 planar transformer with integrated series inductor,volt-second product,8000,V us,docs/reference-designs/ti/tida-010054/tida-010054_design-guide_tidues0.pdf,26,"800 V bipolar square wave, 100 kHz, VOUT 500 V"
TIDA-010054,T1 planar transformer with integrated series inductor,current,13.5 A rms / 20 A pk primary; 20 A rms / 30 A pk secondary,,docs/reference-designs/ti/tida-010054/tida-010054_design-guide_tidues0.pdf,26,
TIDA-010054,T1 planar transformer with integrated series inductor,transformer loss (vendor estimate),50,W,docs/reference-designs/ti/tida-010054/tida-010054_design-guide_tidues0.pdf,26,"10 kW, VOUT 500 V, 100 kHz"
TIDA-010054,T1 planar transformer with integrated series inductor,inductor loss (vendor estimate),15,W,docs/reference-designs/ti/tida-010054/tida-010054_design-guide_tidues0.pdf,26,"integrated inductor, 100 kHz"
TIDA-010054,T1 planar transformer with integrated series inductor,operating frequency,100-200,kHz,docs/reference-designs/ti/tida-010054/tida-010054_design-guide_tidues0.pdf,26,
TIDA-010210,inverter-side filter inductor,vendor part,Wurth Elektronik 750344413,,docs/reference-designs/ti/tida-010210/tida-010210_design-guide_tiduez0.pdf,7,"ANPC, 100 kHz"
TIDA-010210,inverter-side filter inductor,inductance at 0 A,480,uH,docs/reference-designs/ti/tida-010210/tida-010210_design-guide_tiduez0.pdf,7,document prints 'mH' - typo; 417 uH calculated
TIDA-010210,inverter-side filter inductor,inductance at 15 A,360,uH,docs/reference-designs/ti/tida-010210/tida-010210_design-guide_tiduez0.pdf,7,-25 % at rated current per vendor datasheet
TIDA-010210,inverter-side filter inductor,rated current,15,A,docs/reference-designs/ti/tida-010210/tida-010210_design-guide_tiduez0.pdf,7,
TIDA-010210,grid-side filter inductor,inductance,15,uH,docs/reference-designs/ti/tida-010210/tida-010210_design-guide_tiduez0.pdf,8,standard value above the 10.3 uH calculated
TIDA-010949,L1/L4 FSBB power inductor,vendor part,Coilcraft SER2013-362MLB,,docs/reference-designs/ti/tida-010949/tida-010949_bom_tidmdj3.pdf,1,"shielded E core, ferrite; 300 kHz"
TIDA-010949,L1/L4 FSBB power inductor,inductance,3.6,uH,docs/reference-designs/ti/tida-010949/tida-010949_bom_tidmdj3.pdf,1,guide p.13
TIDA-010949,L1/L4 FSBB power inductor,rated current,25,A,docs/reference-designs/ti/tida-010949/tida-010949_bom_tidmdj3.pdf,1,
TIDA-010949,L1/L4 FSBB power inductor,DC resistance,1.7,mOhm,docs/reference-designs/ti/tida-010949/tida-010949_bom_tidmdj3.pdf,1,
PMP41037,TRAN1 main transformer (LLC-DCX),vendor part,YAXIN Electronic YXS61041T,,docs/reference-designs/ti/pmp41037/design-files/tidmcy2/PMP41037_Power_BOM.pdf,2,Chinese magnetics maker in a TI design; 800 V serial half-bridge to 12 V SR
PMP41037,TRAN1 main transformer (LLC-DCX),core,PQ3230,,docs/reference-designs/ti/pmp41037/design-files/tidmcy2/PMP41037_Power_BOM.pdf,2,
PMP41037,TRAN1 main transformer (LLC-DCX),rated power,1000,W,docs/reference-designs/ti/pmp41037/design-files/tidmcy2/PMP41037_Power_BOM.pdf,2,
PMP41037,L1 resonant choke,vendor part,YAXIN Electronic YXS50494T,,docs/reference-designs/ti/pmp41037/design-files/tidmcy2/PMP41037_Power_BOM.pdf,1,
PMP41037,L1 resonant choke,core,PQ2016,,docs/reference-designs/ti/pmp41037/design-files/tidmcy2/PMP41037_Power_BOM.pdf,1,
PMP41037,L1 resonant choke,inductance,12,uH,docs/reference-designs/ti/pmp41037/design-files/tidmcy2/PMP41037_Power_BOM.pdf,1,"3 A, 100 kHz (BOM text)"
PMP41037,L1 resonant choke,rated current,3,A,docs/reference-designs/ti/pmp41037/design-files/tidmcy2/PMP41037_Power_BOM.pdf,1,
Wolfspeed CRD60DD12N-GMB,system,P_rated,60000,W,docs/reference-designs/wolfspeed/crd60dd12n-gmb/crd60dd12n-gmb_user-guide_prd-10001.pdf,8,"Table 1 POUT max; power derated for V_out below 600 V (Table 1 footnote). Kit ships WITHOUT a transformer (Sec. 5.2, p.51)"
Wolfspeed CRD60DD12N-GMB,system,f_sw,100000,Hz,docs/reference-designs/wolfspeed/crd60dd12n-gmb/crd60dd12n-gmb_user-guide_prd-10001.pdf,8,"Table 1, fixed frequency; also firmware default (p.46) and Table 11 test condition (p.53)"
Wolfspeed CRD60DD12N-GMB,system,V_in,800,V,docs/reference-designs/wolfspeed/crd60dd12n-gmb/crd60dd12n-gmb_user-guide_prd-10001.pdf,8,"Table 1 typical DC bus input; min 700 V, max 900 V"
Wolfspeed CRD60DD12N-GMB,system,V_in_min,700,V,docs/reference-designs/wolfspeed/crd60dd12n-gmb/crd60dd12n-gmb_user-guide_prd-10001.pdf,8,Table 1
Wolfspeed CRD60DD12N-GMB,system,V_in_max,900,V,docs/reference-designs/wolfspeed/crd60dd12n-gmb/crd60dd12n-gmb_user-guide_prd-10001.pdf,8,Table 1
Wolfspeed CRD60DD12N-GMB,system,V_out,800,V,docs/reference-designs/wolfspeed/crd60dd12n-gmb/crd60dd12n-gmb_user-guide_prd-10001.pdf,8,"Table 1 typical output DC bus; min 400 V, max 900 V; power derated below 600 V"
Wolfspeed CRD60DD12N-GMB,system,V_out_min,400,V,docs/reference-designs/wolfspeed/crd60dd12n-gmb/crd60dd12n-gmb_user-guide_prd-10001.pdf,8,Table 1 (power derated for V_out < 600 V)
Wolfspeed CRD60DD12N-GMB,system,V_out_max,900,V,docs/reference-designs/wolfspeed/crd60dd12n-gmb/crd60dd12n-gmb_user-guide_prd-10001.pdf,8,Table 1
Wolfspeed CRD60DD12N-GMB,system,I_out,100,A,docs/reference-designs/wolfspeed/crd60dd12n-gmb/crd60dd12n-gmb_user-guide_prd-10001.pdf,8,Table 1 max output current (rating of the kit power stage)
Wolfspeed CRD60DD12N-GMB,system,P_test_max,22700,W,docs/reference-designs/wolfspeed/crd60dd12n-gmb/crd60dd12n-gmb_user-guide_prd-10001.pdf,54,Highest published test power: Fig. 55 scope capture at P_out = 22.7 kW (V_out mean 796.7 V). Table 11: P_out 10-23 kW; kit burn-in ~22 kW (p.53). NO test at the 60 kW rating is published
Wolfspeed CRD60DD12N-GMB,system,phase_shift,2.5-5.0,deg,docs/reference-designs/wolfspeed/crd60dd12n-gmb/crd60dd12n-gmb_user-guide_prd-10001.pdf,53,"Table 11 experimental conditions for P_out 10-23 kW: V_in = V_out = 800 V, f_sw 100 kHz, dead time 200 ns, open-loop single-phase shift. Inconsistent with L_sigma = 7.5 uH under the standard SPS equation - see transformer L_series_total (derived) row"
Wolfspeed CRD60DD12N-GMB,system,efficiency,97.63,%,docs/reference-designs/wolfspeed/crd60dd12n-gmb/crd60dd12n-gmb_user-guide_prd-10001.pdf,55,"Fig. 57 read off the plot (approximate, +/-0.03 %): peak ~97.63 % at ~20.8-22.8 kW; whole converter incl. transformer; Hioki PW6001; V_in = V_out = 800 V, 100 kHz; 20 C coolant"
Wolfspeed CRD60DD12N-GMB,system,efficiency_low_load,97,%,docs/reference-designs/wolfspeed/crd60dd12n-gmb/crd60dd12n-gmb_user-guide_prd-10001.pdf,55,Fig. 57 read off the plot (approximate): ~97.0 % at ~10.8 kW (lowest published point); nothing published above 22.8 kW
Wolfspeed CRD60DD12N-GMB,system,R_th_coldplate_fluid,0.045,K/W,docs/reference-designs/wolfspeed/crd60dd12n-gmb/crd60dd12n-gmb_user-guide_prd-10001.pdf,8,"Table 1 'Thermal Resistance, Coldplate-to-Fluid' 0.045 C/W per switch position of the power-module coldplate (measured with POWERT3ster, p.51). This is the power-stage coldplate, not the transformer"
Wolfspeed CRD60DD12N-GMB,transformer,vendor,Egston Pulse (a YAGEO company),,docs/reference-designs/wolfspeed/crd60dd12n-gmb/crd60dd12n-gmb_user-guide_prd-10001.pdf,51,Sec. 5.2: recommended custom transformer 81989-01; NOT included in the kit; not a catalogue part
Wolfspeed CRD60DD12N-GMB,transformer,part_number,81989-01,,docs/reference-designs/wolfspeed/crd60dd12n-gmb/crd60dd12n-gmb_user-guide_prd-10001.pdf,51,"Sec. 5.2, Fig. 54 / Fig. 68 (dimensions); custom part, no datasheet on disk"
Wolfspeed CRD60DD12N-GMB,transformer,L_leak,7.5e-06,H,docs/reference-designs/wolfspeed/crd60dd12n-gmb/crd60dd12n-gmb_user-guide_prd-10001.pdf,52,"Table 9 'Leakage Inductance' L_sigma, measured at 100 kHz; winding side / test configuration not stated"
Wolfspeed CRD60DD12N-GMB,transformer,L_m,0.000329,H,docs/reference-designs/wolfspeed/crd60dd12n-gmb/crd60dd12n-gmb_user-guide_prd-10001.pdf,52,"Table 9 'Magnetizing Inductance' L_m, measured at 100 kHz; L_m/L_sigma = 43.9 (derived)"
Wolfspeed CRD60DD12N-GMB,transformer,R_w,0.078,ohm,docs/reference-designs/wolfspeed/crd60dd12n-gmb/crd60dd12n-gmb_user-guide_prd-10001.pdf,52,"Table 9 'Winding Resistance' measured at 100 kHz (so an AC resistance); not stated whether total or per winding, or which side it is referred to"
Wolfspeed CRD60DD12N-GMB,transformer,R_c,1.24,ohm,docs/reference-designs/wolfspeed/crd60dd12n-gmb/crd60dd12n-gmb_user-guide_prd-10001.pdf,52,"Table 9 'Core-Loss Resistance' measured at 100 kHz; equivalent-circuit topology not stated. As a SHUNT across L_m it would dissipate 800^2/1.24 = 516 kW (X_m = 207 ohm at 100 kHz), so it is presumably a series-equivalent core-loss resistance (derived inference - confirm before using it in ngspice)"
Wolfspeed CRD60DD12N-GMB,transformer,dimensions,202 x 81 x 73,mm,docs/reference-designs/wolfspeed/crd60dd12n-gmb/crd60dd12n-gmb_user-guide_prd-10001.pdf,51,"Sec. 5.2 text L x W x H; Fig. 68 (p.62) gives maximum envelope 202 / 81 / 73 mm and also shows 191, 69.6 and 151 mm dimensions (not interpreted)"
Wolfspeed CRD60DD12N-GMB,transformer,volume,1194426,mm3,docs/reference-designs/wolfspeed/crd60dd12n-gmb/crd60dd12n-gmb_user-guide_prd-10001.pdf,51,"DERIVED from the 202 x 81 x 73 mm envelope = 1.19 L (50 kW/L at 60 kW). Box envelope incl. enclosure, not core volume"
Wolfspeed CRD60DD12N-GMB,transformer,cooling,liquid cold plate (transformer plate plumbed in series with power-stage coolant output); cold plate or heatsink REQUIRED for steady state,,docs/reference-designs/wolfspeed/crd60dd12n-gmb/crd60dd12n-gmb_user-guide_prd-10001.pdf,51,Sec. 5.2; transformer 'must be cooled via a coldplate or heatsink for steady-state operation'
Wolfspeed CRD60DD12N-GMB,transformer,cooling_test_condition,20 C pre-mixed antifreeze coolant at 9 L/min through the series loop,,docs/reference-designs/wolfspeed/crd60dd12n-gmb/crd60dd12n-gmb_user-guide_prd-10001.pdf,52,Sec. 5.3.1 setup for all published tests
Wolfspeed CRD60DD12N-GMB,transformer,V_pri,800,V,docs/reference-designs/wolfspeed/crd60dd12n-gmb/crd60dd12n-gmb_user-guide_prd-10001.pdf,53,"Table 11 V_in = 800 V full bridge, so a bipolar square wave of about +/-800 V (Fig. 55 scope shows ~+/-800 V); derived from topology, turns ratio NOT published"
Wolfspeed CRD60DD12N-GMB,transformer,V_sec,800,V,docs/reference-designs/wolfspeed/crd60dd12n-gmb/crd60dd12n-gmb_user-guide_prd-10001.pdf,54,Fig. 55 V_out mean 796.7 V at 22.7 kW; secondary is a bipolar square of about +/-800 V; turns ratio NOT published (V_in = V_out = 800 V suggests ~1:1 but this is not stated)
Wolfspeed CRD60DD12N-GMB,transformer,I_rms_pri,31.45,A,docs/reference-designs/wolfspeed/crd60dd12n-gmb/crd60dd12n-gmb_user-guide_prd-10001.pdf,54,"Fig. 55 scope measurement 'Iprim RMS' at P_out = 22.7 kW, V_out mean 796.7 V, f 100.0 kHz (read from scope panel)"
Wolfspeed CRD60DD12N-GMB,transformer,I_rms_sec,30.86,A,docs/reference-designs/wolfspeed/crd60dd12n-gmb/crd60dd12n-gmb_user-guide_prd-10001.pdf,54,Fig. 55 scope measurement 'Isec RMS' at P_out = 22.7 kW
Wolfspeed CRD60DD12N-GMB,transformer,I_pk_sec,41.29,A,docs/reference-designs/wolfspeed/crd60dd12n-gmb/crd60dd12n-gmb_user-guide_prd-10001.pdf,54,Fig. 55 'Isec Max' at 22.7 kW; 'Isec Min' = -40.06 A. Includes magnetizing current and any ringing
Wolfspeed CRD60DD12N-GMB,transformer,loss_copper,77,W,docs/reference-designs/wolfspeed/crd60dd12n-gmb/crd60dd12n-gmb_user-guide_prd-10001.pdf,54,"DERIVED, not published: I_rms_pri^2 x R_w = 31.45^2 x 0.078 at 22.7 kW (R_w treated as total series winding resistance; if it is per winding the total is up to ~2x). Core loss and temperature of the transformer are not published"
Wolfspeed CRD60DD12N-GMB,transformer,L_series_total,3.81e-06,H,docs/reference-designs/wolfspeed/crd60dd12n-gmb/crd60dd12n-gmb_user-guide_prd-10001.pdf,53,"DERIVED, NOT PUBLISHED, CHECK: SPS equation P = V1 V2 phi (pi-phi) / (2 pi^2 f L), n = 1 (V_in = V_out = 800 V), phi = 5.0 deg, P = 22.7 kW, f = 100 kHz gives 3.81 uH (4.38 uH from 2.5 deg / 10 kW) vs published L_sigma 7.5 uH (Table 9). With 7.5 uH, 5 deg would give only 11.5 kW. Either the phase-shift scale, the L_sigma test configuration or an n != 1 differs from what the guide implies"
Wolfspeed CRD-60DD12N,system,P_rated,60000,W,docs/reference-designs/wolfspeed/crd-60dd12n/crd-60dd12n_user-guide_prd-06979.pdf,9,"Table 1: 60 kW for V_in >= 600 V, 50 kW for V_in < 600 V (also p.20)"
Wolfspeed CRD-60DD12N,system,V_in_min,470,V,docs/reference-designs/wolfspeed/crd-60dd12n/crd-60dd12n_user-guide_prd-06979.pdf,9,"Table 1 input range 470-800 V DC; boost turns on at 470-480 V, off below ~410 V, OV trip ~925 V (p.20)"
Wolfspeed CRD-60DD12N,system,V_in_max,800,V,docs/reference-designs/wolfspeed/crd-60dd12n/crd-60dd12n_user-guide_prd-06979.pdf,9,Table 1
Wolfspeed CRD-60DD12N,system,V_out,850,V,docs/reference-designs/wolfspeed/crd-60dd12n/crd-60dd12n_user-guide_prd-06979.pdf,9,Table 1
Wolfspeed CRD-60DD12N,system,V_in_test,600,V,docs/reference-designs/wolfspeed/crd-60dd12n/crd-60dd12n_user-guide_prd-06979.pdf,20,"Sec. 6.1 efficiency sweep 10-60 kW at V_in = 600 V, V_out = 850 V (Fig. 16)"
Wolfspeed CRD-60DD12N,system,f_sw,78000,Hz,docs/reference-designs/wolfspeed/crd-60dd12n/crd-60dd12n_user-guide_prd-06979.pdf,9,Table 1; the inductor calc sheet on p.24 uses 80 kHz (guide is internally inconsistent)
Wolfspeed CRD-60DD12N,system,n_phases,4,,docs/reference-designs/wolfspeed/crd-60dd12n/crd-60dd12n_user-guide_prd-06979.pdf,12,Sec. 4: four interleaved 15 kW boost channels (Fig. 6); two UCC2822 dual PWM controllers (p.12-13)
Wolfspeed CRD-60DD12N,system,efficiency,99.5,%,docs/reference-designs/wolfspeed/crd-60dd12n/crd-60dd12n_user-guide_prd-06979.pdf,20,"Sec. 6.1 maximum efficiency (also Table 1 p.9), V_in = 600 V, V_out = 850 V, sweep 10-60 kW (Fig. 16); power devices + passives, fans excluded not stated"
Wolfspeed CRD-60DD12N,system,efficiency_full_load,99.45,%,docs/reference-designs/wolfspeed/crd-60dd12n/crd-60dd12n_user-guide_prd-06979.pdf,20,Fig. 16 read off the plot (approximate): ~99.45 % at 60 kW; ~99.0 % at ~10.5 kW
Wolfspeed CRD-60DD12N,boost_inductor,P_phase,15000,W,docs/reference-designs/wolfspeed/crd-60dd12n/crd-60dd12n_user-guide_prd-06979.pdf,12,"Each of the 4 channels is a 15 kW boost; the inductor calc sheet (p.24) uses 12.5 kW per channel (= 50 kW / 4, the V_in < 600 V case)"
Wolfspeed CRD-60DD12N,boost_inductor,L,0.000279,H,docs/reference-designs/wolfspeed/crd-60dd12n/crd-60dd12n_user-guide_prd-06979.pdf,24,"Appendix 7.1 design calc 'Lboost' = 0.000279 H at V_in,min 470 V, V_out 850 V, 12.5 kW/channel, 99 % efficiency assumed; text: minimum inductance at full power is 280 uH"
Wolfspeed CRD-60DD12N,boost_inductor,L_nom,0.000399,H,docs/reference-designs/wolfspeed/crd-60dd12n/crd-60dd12n_user-guide_prd-06979.pdf,30,"Table 3 item 17 BOM: L1-L4 '399uH INDUCTOR', qty 4 (xlsx BOM Rev2 identical). Presumably the zero-bias value: 280 uH at full power = 70 % of 399 uH (derived interpretation, bias-dependent roll-off of the powder core)"
Wolfspeed CRD-60DD12N,boost_inductor,vendor,Cramer,,docs/reference-designs/wolfspeed/crd-60dd12n/crd-60dd12n_user-guide_prd-06979.pdf,30,Table 3 item 17 manufacturer 'Cramer'; Altium/OrCAD symbol name pwr_ind_T26586
Wolfspeed CRD-60DD12N,boost_inductor,part_number,T26586,,docs/reference-designs/wolfspeed/crd-60dd12n/crd-60dd12n_user-guide_prd-06979.pdf,30,Table 3 item 17; design-files xlsx 'CRD-60DD12N 60KW BOOST POWER BOM Rev2.xlsx' row 17
Wolfspeed CRD-60DD12N,boost_inductor,core,KDM KAM290060A,,docs/reference-designs/wolfspeed/crd-60dd12n/crd-60dd12n_user-guide_prd-06979.pdf,24,"Appendix 7.1: 'KDM core part number# KAM290060A'; core vendor, material/permeability and dimensions (Ae, le, Ve) are NOT stated"
Wolfspeed CRD-60DD12N,boost_inductor,turns,44,,docs/reference-designs/wolfspeed/crd-60dd12n/crd-60dd12n_user-guide_prd-06979.pdf,24,Appendix 7.1
Wolfspeed CRD-60DD12N,boost_inductor,wire,"18 strand 25 AWG copper, polyurethane/nylon coating",,docs/reference-designs/wolfspeed/crd-60dd12n/crd-60dd12n_user-guide_prd-06979.pdf,24,"Appendix 7.1 (litz-type bundle, 18 x 25 AWG)"
Wolfspeed CRD-60DD12N,boost_inductor,strands,18,,docs/reference-designs/wolfspeed/crd-60dd12n/crd-60dd12n_user-guide_prd-06979.pdf,24,Appendix 7.1
Wolfspeed CRD-60DD12N,boost_inductor,f_sw,78000,Hz,docs/reference-designs/wolfspeed/crd-60dd12n/crd-60dd12n_user-guide_prd-06979.pdf,24,Appendix 7.1 text says 78 kHz; the calc table beside it uses Fsw = 80000 Hz
Wolfspeed CRD-60DD12N,boost_inductor,V_in_min,470,V,docs/reference-designs/wolfspeed/crd-60dd12n/crd-60dd12n_user-guide_prd-06979.pdf,24,Appendix 7.1 calc 'Vinmin'
Wolfspeed CRD-60DD12N,boost_inductor,V_in_max,850,V,docs/reference-designs/wolfspeed/crd-60dd12n/crd-60dd12n_user-guide_prd-06979.pdf,24,Appendix 7.1 calc 'Vinmax' as printed (Table 1 limits V_in to 800 V)
Wolfspeed CRD-60DD12N,boost_inductor,D_max,0.447059,,docs/reference-designs/wolfspeed/crd-60dd12n/crd-60dd12n_user-guide_prd-06979.pdf,24,Appendix 7.1 calc 'Dmax' = 1 - 470/850; Dmin = 0
Wolfspeed CRD-60DD12N,boost_inductor,I_dc,26.9,A,docs/reference-designs/wolfspeed/crd-60dd12n/crd-60dd12n_user-guide_prd-06979.pdf,24,"Appendix 7.1 'Iavg' = 12.5 kW / (0.99 x 470 V), per channel at the worst-case low line"
Wolfspeed CRD-60DD12N,boost_inductor,ripple_pp,9.4,A,docs/reference-designs/wolfspeed/crd-60dd12n/crd-60dd12n_user-guide_prd-06979.pdf,24,"Appendix 7.1 'delta I' at 80 kHz, 279 uH, D = 0.447 (35 % of I_dc, derived ratio)"
Wolfspeed CRD-60DD12N,boost_inductor,I_rms,27.4,A,docs/reference-designs/wolfspeed/crd-60dd12n/crd-60dd12n_user-guide_prd-06979.pdf,24,Appendix 7.1 'Irms' as printed; recomputing sqrt(Iavg^2 + dI^2/12) gives 27.0 A (derived check)
Wolfspeed CRD-60DD12N,boost_inductor,I_pk,31.6,A,docs/reference-designs/wolfspeed/crd-60dd12n/crd-60dd12n_user-guide_prd-06979.pdf,24,Appendix 7.1 'Ipeak' = Iavg + dI/2
Wolfspeed CRD-60DD12N,boost_inductor,A_L,2.06e-07,H/N^2,docs/reference-designs/wolfspeed/crd-60dd12n/crd-60dd12n_user-guide_prd-06979.pdf,30,DERIVED: 399 uH / 44^2 = 206 nH per turn^2 (assumes the BOM 399 uH is the zero-bias inductance of the 44-turn winding)
Wolfspeed CRD-60DD12N,cm_choke,part_number,T46592,,docs/reference-designs/wolfspeed/crd-60dd12n/crd-60dd12n_user-guide_prd-06979.pdf,31,"Table 3 item 27 'DC COMMON MODE CHOKE', Cramer, qty 2 (XL1, XL2); inductance and current rating not published"
TI TIDA-010054,system,P_rated,10000,W,docs/reference-designs/ti/tida-010054/tida-010054_design-guide_tidues0.pdf,4,Table 1-1 output power 10 kW max (also Table 2-1 p.24)
TI TIDA-010054,system,V_in,800,V,docs/reference-designs/ti/tida-010054/tida-010054_design-guide_tidues0.pdf,23,Table 2-1 nominal; Table 1-1 range 700-800 V DC (p.4)
TI TIDA-010054,system,V_in_min,700,V,docs/reference-designs/ti/tida-010054/tida-010054_design-guide_tidues0.pdf,4,Table 1-1
TI TIDA-010054,system,V_in_max,800,V,docs/reference-designs/ti/tida-010054/tida-010054_design-guide_tidues0.pdf,4,Table 1-1
TI TIDA-010054,system,V_out,500,V,docs/reference-designs/ti/tida-010054/tida-010054_design-guide_tidues0.pdf,24,Table 2-1 nominal; Table 1-1 range 250-500 V DC. With EPS control 10 kW reaches down to 350 V and 5 kW at 250 V (p.76)
TI TIDA-010054,system,V_out_min,250,V,docs/reference-designs/ti/tida-010054/tida-010054_design-guide_tidues0.pdf,4,Table 1-1
TI TIDA-010054,system,V_out_max,500,V,docs/reference-designs/ti/tida-010054/tida-010054_design-guide_tidues0.pdf,4,Table 1-1
TI TIDA-010054,system,I_out,26,A,docs/reference-designs/ti/tida-010054/tida-010054_design-guide_tidues0.pdf,4,"Table 1-1 maximum; nominal 20 A at 500 V, input current 12.5 A (Table 2-1, p.24)"
TI TIDA-010054,system,I_in,12.5,A,docs/reference-designs/ti/tida-010054/tida-010054_design-guide_tidues0.pdf,24,Table 2-1 nominal input current at 800 V / 10 kW
TI TIDA-010054,system,f_sw,100000,Hz,docs/reference-designs/ti/tida-010054/tida-010054_design-guide_tidues0.pdf,4,Table 1-1; Sec. 2.3.4.6 explains the 100 kHz choice (p.22)
TI TIDA-010054,system,phase_shift,23,deg,docs/reference-designs/ti/tida-010054/tida-010054_design-guide_tidues0.pdf,20,"Nominal 0.4 rad (23 deg) at 10 kW, V1 = 800 V, V2 = 500 V, N = 1.6, L = 35 uH (Fig. 2-18; p.24 lists phi = 0.4 rad)"
TI TIDA-010054,system,efficiency_full_load,98,%,docs/reference-designs/ti/tida-010054/tida-010054_design-guide_tidues0.pdf,4,Table 1-1 full load 98.0 % at 10 kW; the sentence above the table says 97.6 % (internal inconsistency); Table 2-3 theoretical 98 % (p.27)
TI TIDA-010054,system,efficiency_peak,98.8,%,docs/reference-designs/ti/tida-010054/tida-010054_design-guide_tidues0.pdf,4,Table 1-1 peak 98.8 % at 4 kW
TI TIDA-010054,series_inductor,L,3.5e-05,H,docs/reference-designs/ti/tida-010054/tida-010054_design-guide_tidues0.pdf,23,"Table 2-1 total leakage inductance used in the design (selected at Fs = 100 kHz, Sec. 2.3.4.1 p.18); integrated in the transformer, no discrete inductor"
TI TIDA-010054,series_inductor,L_leak,3.4e-05,H,docs/reference-designs/ti/tida-010054/tida-010054_design-guide_tidues0.pdf,26,"Sec. 2.3.5.3: 'custom inductor integrated in the Payton planar transformer', total leakage 34 uH (= Table 2-2)"
TI TIDA-010054,series_inductor,loss_total,15,W,docs/reference-designs/ti/tida-010054/tida-010054_design-guide_tidues0.pdf,26,"Sec. 2.3.5.3 manufacturer estimate at V_out = 500 V, Fs = 100 kHz (also Table 2-3 p.27 'Inductor loss 15 W'); not measured"
TI TIDA-010054,series_inductor,P_max_sps,22850,W,docs/reference-designs/ti/tida-010054/tida-010054_design-guide_tidues0.pdf,18,"Sec. 2.3.4.1: theoretical maximum power (phi = 90 deg) with L = 35 uH, 100 kHz, 800/500 V, N = 1.6; N V1 V2 / (8 Fs L) = 22.86 kW (derived check)"
TI TIDA-010054,series_inductor,I_pk,14.3,A,docs/reference-designs/ti/tida-010054/tida-010054_design-guide_tidues0.pdf,24,"Sec. 2.3.5.1: switching-instant currents i1 = i2 = 14.3 A at nominal 800/500 V, 10 kW, phi = 0.4 rad, L = 35 uH (Table 2-2 quotes 20 A peak as the transformer maximum)"
TI TIDA-010054,transformer,vendor,Payton Planar,,docs/reference-designs/ti/tida-010054/tida-010054_design-guide_tidues0.pdf,26,Sec. 2.3.5.2 'More details of this transformer are available from Payton'; BOM item T1
TI TIDA-010054,transformer,part_number,61259,,docs/reference-designs/ti/tida-010054/tida-010054_bom_tidrzw1.pdf,1,"BOM TIDRZW1 Rev B: T1 '10kW SMPS Transformer, 24:15, 100kHz, 5000VDC Dielectric, 130x90x52mm', Payton Planar; footprint PTH_XFRMR_130MM0_90MM0. Payton datasheet not on disk"
TI TIDA-010054,transformer,construction,planar transformer with the series (leakage) inductance integrated,,docs/reference-designs/ti/tida-010054/tida-010054_design-guide_tidues0.pdf,23,"Sec. 2.3.4.7: planar chosen for interleaving (lower AC loss), controlled leakage, integrated shim inductor; core type/material NOT published"
TI TIDA-010054,transformer,P_rated,10000,W,docs/reference-designs/ti/tida-010054/tida-010054_design-guide_tidues0.pdf,26,Table 2-2 total output power 10 kW (500 V / 20 Adc)
TI TIDA-010054,transformer,f_sw,100000,Hz,docs/reference-designs/ti/tida-010054/tida-010054_design-guide_tidues0.pdf,26,Table 2-2 loss figures are quoted at 100 kHz
TI TIDA-010054,transformer,f_sw_max,200000,Hz,docs/reference-designs/ti/tida-010054/tida-010054_design-guide_tidues0.pdf,26,Table 2-2 'Operating frequency 100-200 kHz'
TI TIDA-010054,transformer,V_pri,800,V,docs/reference-designs/ti/tida-010054/tida-010054_design-guide_tidues0.pdf,26,"Table 2-2 input voltage of transformer 800 V (V_out = 500 V), bipolar square wave"
TI TIDA-010054,transformer,volt_second,0.008,V*s,docs/reference-designs/ti/tida-010054/tida-010054_design-guide_tidues0.pdf,26,"Table 2-2 '8000 V us' for V_out = 500 V, 100 kHz = 800 V x 10 us (V x T); implied peak flux linkage V*T/4 = 2000 V*us (derived)"
TI TIDA-010054,transformer,turns_ratio,1.6,,docs/reference-designs/ti/tida-010054/tida-010054_design-guide_tidues0.pdf,26,"Table 2-2 primary-to-secondary ratio published as 24:15 (BOM text also 24:15) = 1.6; Table 2-1 says 1:0.625, Sec. 2.3.5.1 N = 1.6. Individual turn counts, layer count, core NOT published"
TI TIDA-010054,transformer,I_rms_pri,13.5,A,docs/reference-designs/ti/tida-010054/tida-010054_design-guide_tidues0.pdf,26,Table 2-2 'primary current maximum 13.5 Arms (20 A peak)' at V_out = 500 V; cross-check: Eq. 21 switch rms 9.67 A x sqrt(2) = 13.7 A (derived)
TI TIDA-010054,transformer,I_pk_pri,20,A,docs/reference-designs/ti/tida-010054/tida-010054_design-guide_tidues0.pdf,26,"Table 2-2 at V_out = 500 V (higher than i1 = i2 = 14.3 A of Sec. 2.3.5.1, so it carries margin or transient allowance)"
TI TIDA-010054,transformer,I_rms_sec,20,A,docs/reference-designs/ti/tida-010054/tida-010054_design-guide_tidues0.pdf,26,Table 2-2 'secondary current maximum 20 Arms (30 A peak)' at V_out = 500 V
TI TIDA-010054,transformer,I_pk_sec,30,A,docs/reference-designs/ti/tida-010054/tida-010054_design-guide_tidues0.pdf,26,Table 2-2 at V_out = 500 V
TI TIDA-010054,transformer,R_dc_pri,0.043,ohm,docs/reference-designs/ti/tida-010054/tida-010054_design-guide_tidues0.pdf,26,Table 2-2 primary winding DC resistance; AC resistance at 100 kHz not published
TI TIDA-010054,transformer,R_dc_sec,0.016,ohm,docs/reference-designs/ti/tida-010054/tida-010054_design-guide_tidues0.pdf,26,Table 2-2 secondary winding DC resistance
TI TIDA-010054,transformer,L_leak,3.4e-05,H,docs/reference-designs/ti/tida-010054/tida-010054_design-guide_tidues0.pdf,26,Table 2-2 leakage inductance (Table 2-1 design value 35 uH)
TI TIDA-010054,transformer,L_m,0.00072,H,docs/reference-designs/ti/tida-010054/tida-010054_design-guide_tidues0.pdf,26,Table 2-2 magnetizing inductance
TI TIDA-010054,transformer,loss_total,50,W,docs/reference-designs/ti/tida-010054/tida-010054_design-guide_tidues0.pdf,26,"Table 2-2 'estimated power losses' 50 W for V_out = 500 V, 100 kHz = 0.5 % of 10 kW (manufacturer estimate, not measured; core/copper split not published); also Table 2-3 p.27"
TI TIDA-010054,transformer,dimensions,130 x 90 x 52,mm,docs/reference-designs/ti/tida-010054/tida-010054_bom_tidrzw1.pdf,1,BOM description of T1 (footprint PTH_XFRMR_130MM0_90MM0)
TI TIDA-010054,transformer,volume,608400,mm3,docs/reference-designs/ti/tida-010054/tida-010054_bom_tidrzw1.pdf,1,DERIVED from the 130 x 90 x 52 mm BOM envelope = 0.61 L (16.4 kW/L at 10 kW)
TI TIDA-010054,transformer,hipot,5000,V,docs/reference-designs/ti/tida-010054/tida-010054_bom_tidrzw1.pdf,1,BOM description '5000VDC Dielectric'; test duration/standard not stated
TI TIDM-BUCKBOOST-BIDIR,system,P_rated,300,W,docs/reference-designs/ti/tidm-buckboost-bidir/tidm-buckboost-bidir_design-guide_tidu638.pdf,4,Sec. 2.1 power stage parameters: power rating 300 W max (input power < 300 W)
TI TIDM-BUCKBOOST-BIDIR,system,V_in_min,10,V,docs/reference-designs/ti/tidm-buckboost-bidir/tidm-buckboost-bidir_design-guide_tidu638.pdf,4,Sec. 2.1 panel input 10-100 V DC
TI TIDM-BUCKBOOST-BIDIR,system,V_in_max,100,V,docs/reference-designs/ti/tidm-buckboost-bidir/tidm-buckboost-bidir_design-guide_tidu638.pdf,4,Sec. 2.1
TI TIDM-BUCKBOOST-BIDIR,system,V_out_min,5,V,docs/reference-designs/ti/tidm-buckboost-bidir/tidm-buckboost-bidir_design-guide_tidu638.pdf,4,Sec. 2.1 output 5-100 V DC
TI TIDM-BUCKBOOST-BIDIR,system,V_out_max,100,V,docs/reference-designs/ti/tidm-buckboost-bidir/tidm-buckboost-bidir_design-guide_tidu638.pdf,4,Sec. 2.1
TI TIDM-BUCKBOOST-BIDIR,system,I_in,8,A,docs/reference-designs/ti/tidm-buckboost-bidir/tidm-buckboost-bidir_design-guide_tidu638.pdf,4,Sec. 2.1 input current 0-8 A (max); output current 0-8 A
TI TIDM-BUCKBOOST-BIDIR,system,I_out,8,A,docs/reference-designs/ti/tidm-buckboost-bidir/tidm-buckboost-bidir_design-guide_tidu638.pdf,4,Sec. 2.1 output current 0-8 A
TI TIDM-BUCKBOOST-BIDIR,system,f_sw,250000,Hz,docs/reference-designs/ti/tidm-buckboost-bidir/tidm-buckboost-bidir_design-guide_tidu638.pdf,4,Sec. 2.1 (also front page p.1); control ISR at 83 kHz
TI TIDM-BUCKBOOST-BIDIR,system,efficiency,96.05,%,docs/reference-designs/ti/tidm-buckboost-bidir/tidm-buckboost-bidir_test-report_tidu704.pdf,1,"Test report efficiency worksheet peak: V_in 42 V, V_out 47.09 V, I_out 2.8529 A, P_out 134.3 W (boost mode), includes bias-supply consumption; guide p.1 says > 95 % including bias drop"
TI TIDM-BUCKBOOST-BIDIR,buckboost_inductor,L,3.88e-05,H,docs/reference-designs/ti/tidm-buckboost-bidir/tidm-buckboost-bidir_bom_tidrcl0.pdf,2,"BOM TIDRCL0: L101 'POWER INDUCTOR' 38.8 uH, tolerance 20 %, BI Technologies HA55-3623 (line 530-HA55-3623). Design guide TIDU638 has no inductor design section: Isat, DCR, core, ripple and temperature are NOT published"
TI TIDM-BUCKBOOST-BIDIR,buckboost_inductor,vendor,BI Technologies,,docs/reference-designs/ti/tidm-buckboost-bidir/tidm-buckboost-bidir_bom_tidrcl0.pdf,2,BOM TIDRCL0 L101
TI TIDM-BUCKBOOST-BIDIR,buckboost_inductor,part_number,HA55-3623,,docs/reference-designs/ti/tidm-buckboost-bidir/tidm-buckboost-bidir_bom_tidrcl0.pdf,2,"BOM TIDRCL0 L101 (catalogue part, vendor datasheet not on disk)"
TI TIDM-BUCKBOOST-BIDIR,aux_coupled_inductor,L,0.0005,H,docs/reference-designs/ti/tidm-buckboost-bidir/tidm-buckboost-bidir_bom_tidrcl0.pdf,2,"BOM T201 'SEPIC COUPLED INDUCTOR' 500 uH, 16 %, GCi Technologies G094256LF (531-G094256LF); bias-supply magnetics feeding the 12 V / 5 V rails (guide p.6), NOT the power-stage inductor"
Wolfspeed CRD-020DD17P-J,system,P_rated,25,W,docs/reference-designs/wolfspeed/crd-020dd17p-j/crd-025dd17p-j_user-guide_prd-09375.pdf,9,"Sec. 2.1 max output power for 300 V < V_in < 1000 V, thermally limited, 25 C ambient (user guide is for KIT-CRD-025DD17P-J; the design-files project is named '20W Aux Flyback' / 'Prod. Variant of KIT-CRD-025DD17P-J')"
Wolfspeed CRD-020DD17P-J,system,V_in_min,60,V,docs/reference-designs/wolfspeed/crd-020dd17p-j/crd-025dd17p-j_user-guide_prd-09375.pdf,8,Sec. 2.1 / Sec. 1: 60-1000 V DC
Wolfspeed CRD-020DD17P-J,system,V_in_max,1000,V,docs/reference-designs/wolfspeed/crd-020dd17p-j/crd-025dd17p-j_user-guide_prd-09375.pdf,8,Sec. 2.1
Wolfspeed CRD-020DD17P-J,system,V_out,15,V,docs/reference-designs/wolfspeed/crd-020dd17p-j/crd-025dd17p-j_user-guide_prd-09375.pdf,8,"Sec. 2.1 typical 15 V (15.1 V no load, 15.0 V at 50 % load, 14.7 V at 100 % load, V_in = 1000 V)"
Wolfspeed CRD-020DD17P-J,system,I_out,1.67,A,docs/reference-designs/wolfspeed/crd-020dd17p-j/crd-025dd17p-j_user-guide_prd-09375.pdf,9,"Sec. 2.1 max for 300-1000 V in; 1.5 A for 100-300 V, 1.2 A for 60-100 V (p.8-9)"
Wolfspeed CRD-020DD17P-J,system,f_sw,42500,Hz,docs/reference-designs/wolfspeed/crd-020dd17p-j/crd-025dd17p-j_user-guide_prd-09375.pdf,9,"Sec. 2.1 switching frequency at V_in = 800 V, I_out = 1.67 A (single operating point tabulated)"
Wolfspeed CRD-020DD17P-J,system,efficiency,81.5,%,docs/reference-designs/wolfspeed/crd-020dd17p-j/crd-025dd17p-j_user-guide_prd-09375.pdf,9,"Sec. 2.1 peak efficiency at V_in = 400 V, I_out = 1.67 A"
Wolfspeed CRD-020DD17P-J,system,efficiency_full_load,75.4,%,docs/reference-designs/wolfspeed/crd-020dd17p-j/crd-025dd17p-j_user-guide_prd-09375.pdf,9,"Sec. 2.1 at V_in = 1000 V, I_out = 1.67 A"
Wolfspeed CRD-020DD17P-J,flyback_transformer,vendor,Wurth Elektronik,,docs/reference-designs/wolfspeed/crd-020dd17p-j/crd-020dd17p-j_design-files.zip,-,"Zip inner file CRD-020DD17P-J_rev1.0_All_Design_Files/CRD-020DD17P-J.SchDoc, T1 parameter Manufacturer = 'Wurth Electronics' (PcbDoc: 'Wurth'); parsed from the Altium OLE stream"
Wolfspeed CRD-020DD17P-J,flyback_transformer,part_number,750321162,,docs/reference-designs/wolfspeed/crd-020dd17p-j/crd-020dd17p-j_design-files.zip,-,"SchDoc T1: PN = Comment = 750321162, symbol '750321162 Symbol', description 'TRANSFORMERS 800uH', library 'Wolfspeed Production'. Turns Ratio / Current Rating / Voltage Rating fields in the symbol are empty"
Wolfspeed CRD-020DD17P-J,flyback_transformer,part_number_pcb,750345357,,docs/reference-designs/wolfspeed/crd-020dd17p-j/crd-020dd17p-j_design-files.zip,-,"PcbDoc (CRD-020DD17P-J.PcbDoc) T1: PN = 750345357, footprint XFMRS9_380-2400X2400_750345357. SchDoc and PcbDoc DISAGREE on T1; which one ships is not stated"
Wolfspeed CRD-020DD17P-J,flyback_transformer,L,0.0008,H,docs/reference-designs/wolfspeed/crd-020dd17p-j/crd-020dd17p-j_design-files.zip,-,SchDoc T1 description 'TRANSFORMERS 800uH' (which winding / test frequency not stated)
Wolfspeed CRD-020DD17P-J,flyback_transformer,L_pcbdoc,1.6.2mH,,docs/reference-designs/wolfspeed/crd-020dd17p-j/crd-020dd17p-j_design-files.zip,-,"PcbDoc T1 description 'TRANSFORMERS PQ2020 1.6.2mH 115:7:6::6:3' - value typed with two dots (likely 1.62 mH, UNVERIFIED); differs from SchDoc 800 uH"
Wolfspeed CRD-020DD17P-J,flyback_transformer,core,PQ2020,,docs/reference-designs/wolfspeed/crd-020dd17p-j/crd-020dd17p-j_design-files.zip,-,PcbDoc T1 description; core material and gap NOT stated
Wolfspeed CRD-020DD17P-J,flyback_transformer,turns_ratio,115:7:6::6:3,,docs/reference-designs/wolfspeed/crd-020dd17p-j/crd-020dd17p-j_design-files.zip,-,"PcbDoc T1 description (Wurth ratio string); winding assignment not given in the file. Guide p.8 / p.12 names the windings: primary, auxiliary (TP1), S1 (TP3, 15 V main output), optional S2 (TP7); primary-side regulation"
Wolfspeed CRD-020DD17P-J,flyback_transformer,temperature,94.9,C,docs/reference-designs/wolfspeed/crd-020dd17p-j/crd-025dd17p-j_user-guide_prd-09375.pdf,16,"Fig. 11 label 'Transformer Max 94.9' at V_in = 1000 V, I_out = 1.67 A, steady state; ambient 25 C, enclosed, no forced air (text: 'transformer is at 95 C'); output rectifier 119.9 C is the bottleneck"
Wolfspeed CRD-020DD17P-J,flyback_transformer,temperature_60V_1p2A,77.5,C,docs/reference-designs/wolfspeed/crd-020dd17p-j/crd-025dd17p-j_user-guide_prd-09375.pdf,16,"Fig. 10 label 'Transformer Max 77.5' at V_in = 60 V, I_out = 1.2 A, steady state, 25 C ambient"
Wolfspeed CRD-020DD17P-J,flyback_transformer,temperature_800V_1p67A,83,C,docs/reference-designs/wolfspeed/crd-020dd17p-j/crd-025dd17p-j_user-guide_prd-09375.pdf,17,"Fig. 12 read off the plot (approximate): ~83 C at 1.67 A, ~34 C at 0.1 A, V_in = 800 V, 25 C ambient"
Wolfspeed CRD-020DD17P-J,flyback_transformer,temperature_ambient,25,C,docs/reference-designs/wolfspeed/crd-020dd17p-j/crd-025dd17p-j_user-guide_prd-09375.pdf,17,Note under Fig. 12: ambient 25 C for all testing; derate output power at higher ambient
ST STDES-DABBIDIR,system,f_sw,100000,Hz,docs/reference-designs/st/stdes-dabbidir/stsw-dabbidir.zip,-,"FIRMWARE CONSTANT, not a hardware measurement or datasheet value: decoded from the compiled IAR ELF STSW_DABBIDIR.out in the inner zip STDES-DABBIDIR_FW_e4cba0973e5fa51be94953244d34025dfd22538f.zip (built 2022-11-30). The package holds only .hex/.out/.sim, NO C sources. DAB_CTRL_t.swFreq_Hz set in DPC_LPCNTRL_DAB_Init(): float literal 100000.0 at flash 0x08004CC0 (swPeriod_s 1.0e-5 at 0x08004CC4)"
ST STDES-DABBIDIR,series_inductor,L,2.8e-05,H,docs/reference-designs/st/stdes-dabbidir/stsw-dabbidir.zip,-,"FIRMWARE CONSTANT, not a hardware measurement or datasheet value: decoded from the compiled IAR ELF STSW_DABBIDIR.out in the inner zip STDES-DABBIDIR_FW_e4cba0973e5fa51be94953244d34025dfd22538f.zip (built 2022-11-30). The package holds only .hex/.out/.sim, NO C sources. DAB_CTRL_t.Inductance_H: float literal 2.8e-5 at flash 0x08004CEC; used in Pmax = n*VHV*VLV/(8*fsw*L). Total series (external + leakage) inductance seen by the bridge; split not stated"
ST STDES-DABBIDIR,transformer,turns_ratio,1.78,,docs/reference-designs/st/stdes-dabbidir/stsw-dabbidir.zip,-,"FIRMWARE CONSTANT, not a hardware measurement or datasheet value: decoded from the compiled IAR ELF STSW_DABBIDIR.out in the inner zip STDES-DABBIDIR_FW_e4cba0973e5fa51be94953244d34025dfd22538f.zip (built 2022-11-30). The package holds only .hex/.out/.sim, NO C sources. DAB_CTRL_t.trafoTurnRatio: float literal 1.78 at flash 0x08004CC8; orientation (HV:LV) inferred from the firmware formula Pmax_sps = n*VHV*VLV/(8*fsw*L)"
ST STDES-DABBIDIR,system,P_max_sps,25429,W,docs/reference-designs/st/stdes-dabbidir/stsw-dabbidir.zip,-,"DERIVED from the three firmware constants (n 1.78, f 100 kHz, L 28 uH) at 800 V / 400 V ports = 25.4 kW (28.6 kW at 450 V LV): the firmware inductance puts the SPS maximum (phi = 90 deg) right at the nominal 25 kW rating"
ST STDES-DABBIDIR,system,P_rated,25000,W,docs/reference-designs/st/stdes-dabbidir/README.md,-,"NOT from a vendor document on disk: README.md transcribes web-search summaries of ST data brief DB4879 (PDF not on disk, UNVERIFIED). 25 kW"
ST STDES-DABBIDIR,system,V_in,800,V,docs/reference-designs/st/stdes-dabbidir/README.md,-,"NOT from a vendor document on disk: README.md transcribes web-search summaries of ST data brief DB4879 (PDF not on disk, UNVERIFIED). 800 V nominal input (HV port)"
ST STDES-DABBIDIR,system,V_out,400,V,docs/reference-designs/st/stdes-dabbidir/README.md,-,"NOT from a vendor document on disk: README.md transcribes web-search summaries of ST data brief DB4879 (PDF not on disk, UNVERIFIED). 400 V nominal output (LV port)"
ST STDES-DABBIDIR,system,efficiency,98.4,%,docs/reference-designs/st/stdes-dabbidir/README.md,-,"NOT from a vendor document on disk: README.md transcribes web-search summaries of ST data brief DB4879 (PDF not on disk, UNVERIFIED). 98.4 % peak efficiency"
TI TIDM-SOLAR-DCDC,system,P_rated,500,W,docs/reference-designs/ti/tidm-solar-dcdc/tidm-solar-dcdc_user-guide_tidu404.pdf,7,"Sec. 1.2 DC-DC electrical specifications: 500 W output, 400 V DC out, panel 200-300 V"
TI TIDM-SOLAR-DCDC,system,V_in_min,200,V,docs/reference-designs/ti/tidm-solar-dcdc/tidm-solar-dcdc_user-guide_tidu404.pdf,7,Sec. 1.2 panel voltage minimum
TI TIDM-SOLAR-DCDC,system,V_in_max,300,V,docs/reference-designs/ti/tidm-solar-dcdc/tidm-solar-dcdc_user-guide_tidu404.pdf,7,Sec. 1.2 panel voltage maximum
TI TIDM-SOLAR-DCDC,system,V_out,400,V,docs/reference-designs/ti/tidm-solar-dcdc/tidm-solar-dcdc_user-guide_tidu404.pdf,7,Sec. 1.2
TI TIDM-SOLAR-DCDC,system,f_sw,100000,Hz,docs/reference-designs/ti/tidm-solar-dcdc/tidm-solar-dcdc_user-guide_tidu404.pdf,13,Boost PWM 100 kHz (10 us); LLC stage runs at 120 kHz (8.33 us)
TI TIDM-SOLAR-DCDC,system,n_phases,2,,docs/reference-designs/ti/tidm-solar-dcdc/tidm-solar-dcdc_user-guide_tidu404.pdf,6,"Two boost phases, Q1/Q2 PWM phase-shifted by 180 degrees (Sec. 1.1)"
TI TIDM-SOLAR-DCDC,system,efficiency_full_load,94,%,docs/reference-designs/ti/tidm-solar-dcdc/tidm-solar-dcdc_user-guide_tidu404.pdf,7,"Sec. 1.2 'full load efficiency greater than 94 %' (a lower bound, not a measurement)"
TI TIDM-SOLAR-DCDC,boost_inductor,L,0.0005,H,docs/reference-designs/ti/tidm-solar-dcdc/tidm-solar-dcdc_user-guide_tidu404.pdf,37,"Table 4 BOM L1, L2 qty 2: 'Cooper Inductors CTX16-18833-R, 100 kHz, 500 uH, 3 A peak, 400 W boost inductor' (master BOM xlsx Rev 4 in design-files/tidr758 identical)"
TI TIDM-SOLAR-DCDC,boost_inductor,vendor,Cooper (Cooper Inductors),,docs/reference-designs/ti/tidm-solar-dcdc/tidm-solar-dcdc_user-guide_tidu404.pdf,37,Table 4
TI TIDM-SOLAR-DCDC,boost_inductor,part_number,CTX16-18833-R,,docs/reference-designs/ti/tidm-solar-dcdc/tidm-solar-dcdc_user-guide_tidu404.pdf,37,Table 4
TI TIDM-SOLAR-DCDC,boost_inductor,I_pk,3,A,docs/reference-designs/ti/tidm-solar-dcdc/tidm-solar-dcdc_user-guide_tidu404.pdf,37,Table 4 '3 A Peak' rating text
TI TIDM-SOLAR-DCDC,boost_inductor,P_phase,400,W,docs/reference-designs/ti/tidm-solar-dcdc/tidm-solar-dcdc_user-guide_tidu404.pdf,37,"Table 4 '400W Boost Inductor' rating text (two phases, 500 W total)"
TI TIDM-SOLAR-DCDC,boost_inductor,f_sw,100000,Hz,docs/reference-designs/ti/tidm-solar-dcdc/tidm-solar-dcdc_user-guide_tidu404.pdf,37,Table 4 '100 kHz'
TI TIDM-SOLAR-DCDC,transformer,vendor,VITEC (custom),,docs/reference-designs/ti/tidm-solar-dcdc/tidm-solar-dcdc_user-guide_tidu404.pdf,40,Table 4 T1 LLC transformer
TI TIDM-SOLAR-DCDC,transformer,part_number,AF5457R,,docs/reference-designs/ti/tidm-solar-dcdc/tidm-solar-dcdc_user-guide_tidu404.pdf,40,"Table 4 T1 'LLC Transformer, 1:1:1, 120 kHz, OCL = 275 uH'; custom from Vitec"
TI TIDM-SOLAR-DCDC,transformer,turns_ratio,1:1:1,,docs/reference-designs/ti/tidm-solar-dcdc/tidm-solar-dcdc_user-guide_tidu404.pdf,40,Table 4 T1 (primary : two secondaries)
TI TIDM-SOLAR-DCDC,transformer,f_sw,120000,Hz,docs/reference-designs/ti/tidm-solar-dcdc/tidm-solar-dcdc_user-guide_tidu404.pdf,40,Table 4 T1 120 kHz
TI TIDM-SOLAR-DCDC,transformer,L_m,0.000275,H,docs/reference-designs/ti/tidm-solar-dcdc/tidm-solar-dcdc_user-guide_tidu404.pdf,40,Published as OCL (open-circuit inductance) = 275 uH
TI TIDM-SOLAR-DCDC,series_inductor,L,5.5e-05,H,docs/reference-designs/ti/tidm-solar-dcdc/tidm-solar-dcdc_user-guide_tidu404.pdf,39,"Table 4 L1 'LLC Resonant Inductor, 55 uH, 120 kHz', VITEC AF5458R, custom"
TI TIDM-SOLAR-DCDC,series_inductor,part_number,AF5458R,,docs/reference-designs/ti/tidm-solar-dcdc/tidm-solar-dcdc_user-guide_tidu404.pdf,39,Table 4 L1
Wolfspeed CRD-25BDA6512N-K,system,P_rated,25000,W,docs/reference-designs/wolfspeed/crd-25bda6512n-k/crd-25bda6512n-k_user-guide_prd-08613.pdf,11,"Table 1 POUT max (T-type inverter/PFC; the nearest published reference to PCS-P125, REQUIREMENTS section 8 - in scope since D-046)"
Wolfspeed CRD-25BDA6512N-K,system,f_sw,60000,Hz,docs/reference-designs/wolfspeed/crd-25bda6512n-k/crd-25bda6512n-k_user-guide_prd-08613.pdf,10,Table 1; the LC filter calc (p.14) uses 64 kHz
Wolfspeed CRD-25BDA6512N-K,system,V_in,800,V,docs/reference-designs/wolfspeed/crd-25bda6512n-k/crd-25bda6512n-k_user-guide_prd-08613.pdf,10,"Table 1 DC bus nominal; min 670 V, max 900 V"
Wolfspeed CRD-25BDA6512N-K,system,I_rms,36,A,docs/reference-designs/wolfspeed/crd-25bda6512n-k/crd-25bda6512n-k_user-guide_prd-08613.pdf,11,"Table 1 IOUT(RMS) per phase at V_in = 800 V, P_out = 25 kW (400 V L-L)"
Wolfspeed CRD-25BDA6512N-K,system,efficiency_full_load,98.5,%,docs/reference-designs/wolfspeed/crd-25bda6512n-k/crd-25bda6512n-k_user-guide_prd-08613.pdf,11,"Table 1 inverter mode full load, V_in 800 V, 400 V L-L; peak 99 % at 40 % load"
Wolfspeed CRD-25BDA6512N-K,filter_inductor,L,0.000102,H,docs/reference-designs/wolfspeed/crd-25bda6512n-k/crd-25bda6512n-k_user-guide_prd-08613.pdf,14,"Sec. 3.4 'LINV' = 102 uH per phase from the LC-filter calc with P_out 25 kW, F_ac 50 Hz, F_sw 64 kHz, En 230 V; this is the inductor the guide calls the PFC choke"
Wolfspeed CRD-25BDA6512N-K,filter_inductor,I_rms,36,A,docs/reference-designs/wolfspeed/crd-25bda6512n-k/crd-25bda6512n-k_user-guide_prd-08613.pdf,11,Per-phase rms current at 25 kW (Table 1)
Wolfspeed CRD-25BDA6512N-K,filter_inductor,mass,700,g,docs/reference-designs/wolfspeed/crd-25bda6512n-k/crd-25bda6512n-k_user-guide_prd-08613.pdf,13,Fig. 3 per-phase choke weight for the SiC design at 64 kHz ('700 g x 3 = 2100 g'); the 24 kHz IGBT alternative is 1600 g per phase (4800 g total)
Wolfspeed CRD-25BDA6512N-K,filter_inductor,hot_spot,120,C,docs/reference-designs/wolfspeed/crd-25bda6512n-k/crd-25bda6512n-k_user-guide_prd-08613.pdf,15,"Sec. 3.4 design CONSTRAINT 'temperature of the PFC choke <= 120 C' (not a measurement); also height <= 40 mm, minimize volume and loss, area-product method"
Wolfspeed CRD-25BDA6512N-K,filter_inductor,dimensions,height <= 40 mm (design constraint),,docs/reference-designs/wolfspeed/crd-25bda6512n-k/crd-25bda6512n-k_user-guide_prd-08613.pdf,15,"Sec. 3.4 constraint; actual core, turns, material and loss are NOT in the guide (offered on request via the Wolfspeed forum; references [8] Magnetics powder cores and [9] KDM design, p.54)"
Wolfspeed CRD-25BDA6512N-K,filter_inductor,L_as_built,0.000125,H,docs/reference-designs/wolfspeed/crd-25bda6512n-k/design-files/CRD25BDA6512N-K 25kW T-type_rev_3.0_BOM.xlsx,46,"BOM rev 3.0 line 46, L1_1..3 'Line Choke, 125uH, 100kHz, 6.5mOhm DCR' - no maker or part number. Schematic sheet 2.x draws L5 (131 uH, line 50) in parallel; the UG p28 photograph shows one toroid per phase, so L5 is read as an alternate footprint (our reading). The guide's own calculation gave 102 uH (L row above)"
Wolfspeed CRD-25BDA6512N-K,filter_inductor,R_dc,0.0065,ohm,docs/reference-designs/wolfspeed/crd-25bda6512n-k/design-files/CRD25BDA6512N-K 25kW T-type_rev_3.0_BOM.xlsx,46,"BOM line 46 DCR; 3 x (36 A)^2 x 6.5 mOhm = 25 W at 25 kW (CALCULATED by us)"
Wolfspeed CRD-25BDA6512N-K,filter_inductor,f_spec,100000,Hz,docs/reference-designs/wolfspeed/crd-25bda6512n-k/design-files/CRD25BDA6512N-K 25kW T-type_rev_3.0_BOM.xlsx,46,frequency printed in the BOM description; the board switches at 60 kHz (UG Table 1)
Wolfspeed CRD-25BDA6512N-K,filter_inductor,construction,round-wire toroid; core material and size not published,,docs/reference-designs/wolfspeed/crd-25bda6512n-k/crd-25bda6512n-k_user-guide_prd-08613.pdf,28,"Fig. 22 photograph: one choke per phase between the heat sink and the relays, in the fan's air stream; core, turns, wire, gap and loss are not given"
Wolfspeed CRD-25BDA6512N-K,filter_inductor,ripple_pp,13.3,A,docs/reference-designs/wolfspeed/crd-25bda6512n-k/crd-25bda6512n-k_user-guide_prd-08613.pdf,10,"CALCULATED by us: V_dc / (8 L f) at 800 V, 125 uH, 60 kHz (three-level leg, d = 0.5) = 26 % of the 51 A peak - the same ripple rule as PCS-P125's L1 (25 %)"
Wolfspeed CRD-25BDA6512N-K,filter_inductor_alternate,L,0.000131,H,docs/reference-designs/wolfspeed/crd-25bda6512n-k/design-files/CRD25BDA6512N-K 25kW T-type_rev_3.0_BOM.xlsx,50,"BOM line 50, L5_1..3 'Inductor, 131uH, 20kHz, 7.5mOhm DCR' (no maker); drawn in parallel with L1 on schematic sheet 2.x (label '131H')"
Wolfspeed CRD-25BDA6512N-K,filter_inductor_alternate,R_dc,0.0075,ohm,docs/reference-designs/wolfspeed/crd-25bda6512n-k/design-files/CRD25BDA6512N-K 25kW T-type_rev_3.0_BOM.xlsx,50,BOM line 50 DCR
Wolfspeed CRD-25BDA6512N-K,filter_capacitor,C,0.00001,F,docs/reference-designs/wolfspeed/crd-25bda6512n-k/design-files/CRD25BDA6512N-K 25kW T-type_rev_3.0_BOM.xlsx,10,"BOM line 10, C22_1..3 TDK B32926C3106K000 10 uF X2 305 VAC film, one per phase in star (sheet 2.x); UG p14-15: the procedure gave 24.9 uF, 10 uF is fitted for nominal noise suppression only"
Wolfspeed CRD-25BDA6512N-K,filter_capacitor,R_damp,0.68,ohm,docs/reference-designs/wolfspeed/crd-25bda6512n-k/design-files/CRD25BDA6512N-K 25kW T-type_rev_3.0_BOM.xlsx,63,"BOM line 63, R26_1..3 TE SQMW7R68J 0.68 ohm 7 W wire-wound in series with each C22 (sheet 2.x; UG Fig. 5 p15 'Rf')"
Wolfspeed CRD-25BDA6512N-K,filter_capacitor,star_to_midpoint,2.2 uF (schematic) / 0.1 uF 440 VAC X1 (BOM),,docs/reference-designs/wolfspeed/crd-25bda6512n-k/design-files/CRD25BDA6512N-K 25kW T-type_ref_design.pdf,1,"C21 between the C_f star (YCAP) and PGND (the DC midpoint): sheet 1 prints 2.2 uF; BOM line 9 lists C21 as WIMA MKX14W31005B00KSSD 'CAP FILM 0.1UF 10% 440VAC' - the two disagree"
Wolfspeed CRD-25BDA6512N-K,bias_transformer,vendor part,Wurth 750320528,,docs/reference-designs/wolfspeed/crd-25bda6512n-k/design-files/CRD25BDA6512N-K 25kW T-type_rev_3.0_BOM.xlsx,101,"T1_1..3, T2, T5: five push-pull gate-bias transformers driven by SN6507 (BOM line 103); rectified by BAV70 and split to +15 / -3.3 V (sheets 4-6)"
Wolfspeed CRD-25BDA6512N-K,bias_transformer,C_interwinding,9e-12,F,docs/reference-designs/wolfspeed/crd-25bda6512n-k/crd-25bda6512n-k_user-guide_prd-08613.pdf,20,"about 9 pF; the guide calls it high for EMI and suggests an LLC bias supply for new designs"
Wolfspeed CRD-25BDA6512N-K,bias_cm_choke,vendor part,Wurth 744212820 (82 uH; 0.3 A),,docs/reference-designs/wolfspeed/crd-25bda6512n-k/design-files/CRD25BDA6512N-K 25kW T-type_rev_3.0_BOM.xlsx,48,"L3, L13_1..3, L14: a common-mode choke on each of the five bias supply outputs (sheets 4-6)"
Wolfspeed CRD-25BDA6512N-K,line_filter_external,vendor part,Schaffner FN3256H-64-34,,docs/reference-designs/wolfspeed/crd-25bda6512n-k/crd-25bda6512n-k_user-guide_prd-08613.pdf,32,"Fig. 26 inverter test set-up: three-phase line filter between the board's power-analyser terminals and the resistive load; not part of the board"
TI TIDA-01606,system,P_rated,11000,W,docs/reference-designs/ti/tida-01606/tida-01606_design-guide_tidue53.pdf,2,"Table 1-1 (AC-side T-type inverter/PFC; out of project scope, inductor scaling reference only)"
TI TIDA-01606,system,f_sw,90000,Hz,docs/reference-designs/ti/tida-01606/tida-01606_design-guide_tidue53.pdf,36,Table 1-1 range 50-90 kHz; E7 test settings TINV_PWM_SWITCHING_FREQ_HZ = 90 kHz (p.36); Eq. 3 example also uses 90 kHz
TI TIDA-01606,system,f_sw_min,50000,Hz,docs/reference-designs/ti/tida-01606/tida-01606_design-guide_tidue53.pdf,2,Table 1-1
TI TIDA-01606,system,V_in,800,V,docs/reference-designs/ti/tida-01606/tida-01606_design-guide_tidue53.pdf,2,Table 1-1 nominal DC input; range 600-900 V
TI TIDA-01606,system,I_rms,16,A,docs/reference-designs/ti/tida-01606/tida-01606_design-guide_tidue53.pdf,2,"Table 1-1 output current 16 A rms (maximum), 400 V L-L max"
TI TIDA-01606,system,efficiency,98.6,%,docs/reference-designs/ti/tida-01606/tida-01606_design-guide_tidue53.pdf,2,"Table 1-1 (Sec. 2.3.1.5 estimates 99.05 % for the 10 kW case, p.18)"
TI TIDA-01606,filter_inductor,L,0.00013,H,docs/reference-designs/ti/tida-01606/tida-01606_design-guide_tidue53.pdf,15,"Eq. 3 example Linv = 130 uH at 90 kHz, 11 kVA; firmware TINV_LI_INDUCTOR_VALUE = 0.13 mH (p.36)"
TI TIDA-01606,filter_inductor,L_bom,0.00016,H,docs/reference-designs/ti/tida-01606/tida-01606_bom_tidrvs4.pdf,1,"BOM TIDRVS4 item 68: L1-L3 'PFC Inductor' 160 uH, Bourns B181108 D6665 V2, footprint PTH_IND_52MM5_59MM0 (~52.5 x 59.0 mm). The guide's 130 uH and the BOM's 160 uH are not reconciled"
TI TIDA-01606,filter_inductor,vendor,Bourns,,docs/reference-designs/ti/tida-01606/tida-01606_design-guide_tidue53.pdf,15,"Sec. 2.3.1.3: custom Bourns inductors; key specs listed are inductance, current rating, dimensions, operating temperature (values not given)"
TI TIDA-01606,filter_inductor,part_number,B181108 D6665 V2,,docs/reference-designs/ti/tida-01606/tida-01606_bom_tidrvs4.pdf,1,BOM TIDRVS4 item 68
TI TIDA-01606,filter_inductor,L_grid,1e-05,H,docs/reference-designs/ti/tida-01606/tida-01606_design-guide_tidue53.pdf,36,Firmware define TINV_LG_INDUCTOR_VALUE = 0.01 mH (grid-side inductor of the LCL); not stated as a hardware value in the text
TI TIDA-01606,filter_inductor,R_dc,0.024,ohm,docs/reference-designs/ti/tida-01606/tida-01606_design-guide_tidue53.pdf,17,Eq. 8 inductor loss estimate; used with the fundamental current
TI TIDA-01606,filter_inductor,R_ac,0.076,ohm,docs/reference-designs/ti/tida-01606/tida-01606_design-guide_tidue53.pdf,17,"Eq. 8, applied to the ripple current (frequency of the R_ac value not stated)"
TI TIDA-01606,filter_inductor,I_rms,15.155,A,docs/reference-designs/ti/tida-01606/tida-01606_design-guide_tidue53.pdf,17,Eq. 8 fundamental rms current of the 10 kW case (printed next to the R_ac term; the two currents appear swapped in the printed equation)
TI TIDA-01606,filter_inductor,I_ripple_rms,0.81,A,docs/reference-designs/ti/tida-01606/tida-01606_design-guide_tidue53.pdf,17,Eq. 8 ripple current rms
TI TIDA-01606,filter_inductor,loss_total,5.64,W,docs/reference-designs/ti/tida-01606/tida-01606_design-guide_tidue53.pdf,17,"Eq. 8 per inductor at 10 kW (calculated, not measured). As printed (0.81^2 x 0.024 + 15.155^2 x 0.076) the arithmetic gives 17.5 W; with the currents swapped it gives 5.56 W (derived check)"
TI TIDA-01606,cm_choke,part_number,WK 3260A,,docs/reference-designs/ti/tida-01606/tida-01606_bom_tidrvs4.pdf,1,"BOM TIDRVS4 item 69: L4, L5 'Common Mode Choke', Kaschke Components; values not published"
Infineon REF-10KW3LNPC2,system,P_rated,10000,W,docs/reference-designs/infineon/ref-10kw3lnpc2/ref-10kw3lnpc2_user-manual_ug-2024-09.pdf,7,"Sec. 1.2 specifications table: 10 kW (AC-side 3-level NPC2 IGBT inverter, out of project scope)"
Infineon REF-10KW3LNPC2,system,f_sw,24000,Hz,docs/reference-designs/infineon/ref-10kw3lnpc2/ref-10kw3lnpc2_user-manual_ug-2024-09.pdf,7,Sec. 1.2 (24 kHz typical and maximum)
Infineon REF-10KW3LNPC2,system,I_rms,15.2,A,docs/reference-designs/infineon/ref-10kw3lnpc2/ref-10kw3lnpc2_user-manual_ug-2024-09.pdf,7,"Sec. 1.2 maximum output current; V_dc 650 V typical / 850 V max, 380-400 V L-L"
Infineon REF-10KW3LNPC2,filter_inductor,mass,3000,g,docs/reference-designs/infineon/ref-10kw3lnpc2/ref-10kw3lnpc2_user-manual_ug-2024-09.pdf,41,Sec. 4.4 'REF-10KW3LNPC2-Filter' mechanical data: weight 3 kg for the WHOLE LCL + EMI filter board (260 x 200 mm incl. capacitors and PCB); LCL inductor values are NOT in the manual
PMP41031,T2 two-switch flyback transformer,vendor part,Wurth Elektronik 750345142,,docs/reference-designs/ti/pmp41031/pmp41031_bom_tidmbz4.pdf,1,"350-1500 V in, 150 W, 4 outputs"
PMP41031,T2 two-switch flyback transformer,core,ERL35 (core and bobbin),,docs/reference-designs/ti/pmp41031/pmp41031_bom_tidmbz4.pdf,1,
PMP41031,T2 two-switch flyback transformer,magnetizing inductance,800,uH,docs/reference-designs/ti/pmp41031/pmp41031_schematic_tidmbz3.pdf,1,Lm=800uH annotation
PMP41031,T2 two-switch flyback transformer,turns Np:Na:Ns1:Ns2:Ns3:Ns4,72:4:6:4:4:2,,docs/reference-designs/ti/pmp41031/pmp41031_schematic_tidmbz3.pdf,1,"schematic annotation; Ns1 = 24 V, Ns2..Ns4 = 15 V / -15 V / 8 V windings (assignment from the schematic net names, not stated as a table)"
PMP41031,T2 two-switch flyback transformer,switching frequency,70,kHz,docs/reference-designs/ti/pmp41031/pmp41031_test-report_tidt355.pdf,2,"full load, quasi-resonant"
PMP41031,T2 two-switch flyback transformer,winding / core temperature at 1000 V full load,59.2 / 55.2,degC,docs/reference-designs/ti/pmp41031/pmp41031_test-report_tidt355.pdf,5,"25 degC ambient, 200 LFM, 30 min"
PMP41031,T1 high-side gate-drive transformer,vendor part,Wurth Elektronik 760301302,,docs/reference-designs/ti/pmp41031/pmp41031_bom_tidmbz4.pdf,1,"750 uH, 10.5 x 10.5 mm"
PMP41031,T1 high-side gate-drive transformer,inductance,750,uH,docs/reference-designs/ti/pmp41031/pmp41031_bom_tidmbz4.pdf,1,
PMP22817,L1 SEPIC coupled inductor (6-42 V to 24 V gate-drive pre-regulator),vendor part,Coilcraft MSD1048H-104ME,,docs/reference-designs/ti/pmp22817/pmp22817_bom_tidma64.pdf,1,"AEC-Q200 grade 1 (H suffix = higher-temperature version, schematic note)"
PMP22817,L1 SEPIC coupled inductor (6-42 V to 24 V gate-drive pre-regulator),inductance,100,uH,docs/reference-designs/ti/pmp22817/pmp22817_bom_tidma64.pdf,1,445 kHz build
PMP22817,L1 SEPIC coupled inductor (6-42 V to 24 V gate-drive pre-regulator),saturation current,1.3,A,docs/reference-designs/ti/pmp22817/pmp22817_bom_tidma64.pdf,1,
PMP22817,L1 SEPIC coupled inductor (6-42 V to 24 V gate-drive pre-regulator),DC resistance,0.39,Ohm,docs/reference-designs/ti/pmp22817/pmp22817_bom_tidma64.pdf,1,
PMP22817,L1 SEPIC coupled inductor (6-42 V to 24 V gate-drive pre-regulator),size,10.3 x 10.3,mm,docs/reference-designs/ti/pmp22817/pmp22817_bom_tidma64.pdf,1,
PMP22817,L1 SEPIC coupled inductor (6-42 V to 24 V gate-drive pre-regulator),switching frequency,445,kHz,docs/reference-designs/ti/pmp22817/pmp22817_test-report_tidt256.pdf,5,2 MHz alternative
PMP22817,L1 SEPIC coupled inductor (6-42 V to 24 V gate-drive pre-regulator),alternative for 2 MHz,"Coilcraft MSD1048H-473ME, 47 uH",,docs/reference-designs/ti/pmp22817/pmp22817_schematic_tidma63.pdf,1,
TIDA-011011,L1/L2 UCC35131-Q1 BSW inductor,vendor part,Abracon AIML-0603-3R3K-T,,docs/reference-designs/ti/tida-011011/tida-011011_bom_slurbb9.pdf,1,multilayer ferrite 0603; the bias transformer itself is integrated in the UCC35131-Q1
TIDA-011011,L1/L2 UCC35131-Q1 BSW inductor,inductance,3.3,uH,docs/reference-designs/ti/tida-011011/tida-011011_bom_slurbb9.pdf,1,
TIDA-011011,L1/L2 UCC35131-Q1 BSW inductor,rated current,0.015,A,docs/reference-designs/ti/tida-011011/tida-011011_bom_slurbb9.pdf,1,
TIDA-011011,L1/L2 UCC35131-Q1 BSW inductor,DC resistance,1.55,Ohm,docs/reference-designs/ti/tida-011011/tida-011011_bom_slurbb9.pdf,1,
PMP41009,T1 QR flyback transformer,vendor,"Wurth Elektronik Midcom GmbH (custom, part number field empty)",,docs/reference-designs/ti/pmp41009/pmp41009_bom_tidmad9.pdf,2,"350-1000 V in, 14 V / 56 W"
PMP41009,T1 QR flyback transformer,core / bobbin,"ER28/17, 10-terminal THT vertical bobbin",,docs/reference-designs/ti/pmp41009/pmp41009_bom_tidmad9.pdf,2,
PMP41009,T1 QR flyback transformer,winding pins,PRI 1-2-3 / SEC A-B / AUX 5-4,,docs/reference-designs/ti/pmp41009/pmp41009_schematic_tidmad8.pdf,1,"dots at pin 3 (drain), A, 5; pin 2 tap unused"
PMP41009,T1 QR flyback transformer,turns / gap / Lp / leakage / material / loss,not published,,docs/reference-designs/ti/pmp41009/pmp41009_test-report_tidt266.pdf,1,no magnetics data anywhere in TIDT266
PMP41009,T1 QR flyback transformer,switching frequency,~34,kHz,docs/reference-designs/ti/pmp41009/pmp41009_test-report_tidt266.pdf,8,"read off the scope plot at 1000 V / 4 A; quasi-resonant, varies with line and load"
PMP41009,L3 output post-filter inductor,vendor part,Wurth Elektronik 7447462010,,docs/reference-designs/ti/pmp41009/pmp41009_bom_tidmad9.pdf,1,drum core ferrite
PMP41009,L3 output post-filter inductor,inductance,1,uH,docs/reference-designs/ti/pmp41009/pmp41009_bom_tidmad9.pdf,1,"8 A, 6 mOhm"
TIDA-010955,T1-T4 arc-noise current transformer,vendor part,Triad Magnetics CST206-3A,,docs/reference-designs/ti/tida-010955/tida-010955_bom_tidmd58.pdf,1,string cable fed through; 300 Ohm burden = 1 V/A (guide p.7)
TIDA-010955,T1-T4 arc-noise current transformer,DC-bias attenuation in 30-100 kHz band,-3 at 20 A DC,dB,docs/reference-designs/ti/tida-010955/tida-010955_design-guide_tiduf85.pdf,18,measured; TI uses it to 16 A DC (guide p.5)
TIDA-010955,L1/L2/L4/L5 notch inductor,vendor part,Pulse BWQC00453226471K00,,docs/reference-designs/ti/tida-010955/tida-010955_bom_tidmd58.pdf,1,"470 uH, 90 mA; notch with 220 nF (about 15.7 kHz)"
TIDA-010955,L3 buck inductor,vendor part,Wurth Elektronik 74437349047,,docs/reference-designs/ti/tida-010955/tida-010955_bom_tidmd58.pdf,1,"4.7 uH, 5 A"
TIDA-010985,L1 CAN common-mode choke,vendor / value,"TDK, 100 uH at 100 kHz, 2-line",,docs/reference-designs/ti/tida-010985/tida-010985_bom_slurb83.pdf,1,no part number in the BOM line
