t_s,v_bus_V,i_contactor_A,v_term_V
1e-08,2.02e-09,1e-06,1000
0.001001,4.541,9.9533e-07,999.871
0.002001,9.05489,9.9081e-07,999.865
0.003001,13.5483,9.86317e-07,999.866
0.004001,18.0214,9.81845e-07,999.866
0.005001,22.4741,9.77393e-07,999.867
0.006001,26.9067,9.72961e-07,999.867
0.007001,31.3192,9.68549e-07,999.868
0.008001,35.7116,9.64157e-07,999.869
0.009001,40.0842,9.59785e-07,999.869
0.010001,44.4369,9.55433e-07,999.87
0.011001,48.7699,9.511e-07,999.87
0.012001,53.0832,9.46788e-07,999.871
0.013001,57.377,9.42495e-07,999.872
0.014001,61.6513,9.38221e-07,999.872
0.015001,65.9062,9.33966e-07,999.873
0.016001,70.1419,9.29731e-07,999.873
0.017001,74.3583,9.25516e-07,999.874
0.018001,78.5556,9.21319e-07,999.874
0.019001,82.7339,9.17141e-07,999.875
0.020001,86.8932,9.12982e-07,999.876
0.021001,91.0337,9.08842e-07,999.876
0.022001,95.1554,9.04721e-07,999.877
0.023001,99.2584,9.00619e-07,999.877
0.024001,103.343,8.96535e-07,999.878
0.025001,107.409,8.9247e-07,999.878
0.026001,111.456,8.88423e-07,999.879
0.027001,115.485,8.84394e-07,999.879
0.028001,119.496,8.80384e-07,999.88
0.029001,123.489,8.76392e-07,999.881
0.030001,127.463,8.72418e-07,999.881
0.031001,131.42,8.68462e-07,999.882
0.032001,135.358,8.64524e-07,999.882
0.033001,139.279,8.60604e-07,999.883
0.034001,143.182,8.56701e-07,999.883
0.035001,147.067,8.52817e-07,999.884
0.036001,150.935,8.4895e-07,999.884
0.037001,154.785,8.451e-07,999.885
0.038001,158.617,8.41268e-07,999.885
0.039001,162.433,8.37453e-07,999.886
0.040001,166.231,8.33656e-07,999.886
0.041001,170.011,8.29876e-07,999.887
0.042001,173.775,8.26113e-07,999.887
0.043001,177.521,8.22367e-07,999.888
0.044001,181.251,8.18638e-07,999.888
0.045001,184.963,8.14925e-07,999.889
0.046001,188.659,8.1123e-07,999.889
0.047001,192.338,8.07552e-07,999.89
0.048001,196.001,8.0389e-07,999.89
0.049001,199.646,8.00245e-07,999.891
0.050001,203.275,7.96616e-07,999.891
0.051001,206.888,7.93004e-07,999.892
0.052001,210.485,7.89408e-07,999.892
0.053001,214.065,7.85828e-07,999.893
0.054001,217.628,7.82265e-07,999.893
0.055001,221.176,7.78718e-07,999.894
0.056001,224.708,7.75187e-07,999.894
0.057001,228.223,7.71672e-07,999.895
0.058001,231.723,7.68173e-07,999.895
0.059001,235.207,7.64689e-07,999.896
0.060001,238.674,7.61222e-07,999.896
0.061001,242.127,7.5777e-07,999.897
0.062001,245.563,7.54334e-07,999.897
0.063001,248.984,7.50913e-07,999.898
0.064001,252.39,7.47508e-07,999.898
0.065001,255.78,7.44119e-07,999.899
0.066001,259.154,7.40745e-07,999.899
0.067001,262.514,7.37386e-07,999.899
0.068001,265.858,7.34042e-07,999.9
0.069001,269.187,7.30714e-07,999.9
0.070001,272.501,7.274e-07,999.901
0.071001,275.799,7.24102e-07,999.901
0.072001,279.083,7.20818e-07,999.902
0.073001,282.352,7.1755e-07,999.902
0.074001,285.607,7.14296e-07,999.903
0.075001,288.846,7.11057e-07,999.903
0.076001,292.071,7.07833e-07,999.904
0.077001,295.281,7.04623e-07,999.904
0.078001,298.476,7.01428e-07,999.904
0.079001,301.657,6.98248e-07,999.905
0.080001,304.824,6.95081e-07,999.905
0.081001,307.976,6.91929e-07,999.906
0.082001,311.114,6.88792e-07,999.906
0.083001,314.238,6.85669e-07,999.907
0.084001,317.347,6.82559e-07,999.907
0.085001,320.443,6.79464e-07,999.907
0.086001,323.524,6.76383e-07,999.908
0.087001,326.592,6.73316e-07,999.908
0.088001,329.645,6.70263e-07,999.909
0.089001,332.685,6.67224e-07,999.909
0.090001,335.711,6.64198e-07,999.909
0.091001,338.723,6.61187e-07,999.91
0.092001,341.722,6.58188e-07,999.91
0.093001,344.707,6.55204e-07,999.911
0.094001,347.678,6.52233e-07,999.911
0.095001,350.636,6.49275e-07,999.912
0.096001,353.581,6.46331e-07,999.912
0.097001,356.512,6.434e-07,999.912
0.098001,359.43,6.40483e-07,999.913
0.099001,362.334,6.37579e-07,999.913
0.100001,365.226,6.34688e-07,999.913
0.101001,368.104,6.3181e-07,999.914
0.102001,370.97,6.28945e-07,999.914
0.103001,373.822,6.26093e-07,999.915
0.104001,376.661,6.23254e-07,999.915
0.105001,379.488,6.20428e-07,999.915
0.106001,382.301,6.17614e-07,999.916
0.107001,385.102,6.14814e-07,999.916
0.108001,387.891,6.12026e-07,999.917
0.109001,390.666,6.09251e-07,999.917
0.110001,393.429,6.06488e-07,999.917
0.111001,396.18,6.03738e-07,999.918
0.112001,398.918,6.01e-07,999.918
0.113001,401.643,5.98275e-07,999.918
0.114001,404.357,5.95562e-07,999.919
0.115001,407.058,5.92862e-07,999.919
0.116001,409.746,5.90173e-07,999.92
0.117001,412.423,5.87497e-07,999.92
0.118001,415.087,5.84833e-07,999.92
0.119001,417.739,5.82181e-07,999.921
0.120001,420.38,5.79541e-07,999.921
0.121001,423.008,5.76913e-07,999.921
0.122001,425.624,5.74297e-07,999.922
0.123001,428.229,5.71693e-07,999.922
0.124001,430.821,5.69101e-07,999.922
0.125001,433.402,5.6652e-07,999.923
0.126001,435.972,5.63952e-07,999.923
0.127001,438.529,5.61394e-07,999.923
0.128001,441.075,5.58849e-07,999.924
0.129001,443.61,5.56315e-07,999.924
0.130001,446.133,5.53792e-07,999.925
0.131001,448.644,5.51281e-07,999.925
0.132001,451.144,5.48781e-07,999.925
0.133001,453.633,5.46293e-07,999.926
0.134001,456.11,5.43815e-07,999.926
0.135001,458.577,5.4135e-07,999.926
0.136001,461.032,5.38895e-07,999.927
0.137001,463.476,5.36451e-07,999.927
0.138001,465.909,5.34019e-07,999.927
0.139001,468.33,5.31597e-07,999.928
0.140001,470.741,5.29187e-07,999.928
0.141001,473.141,5.26787e-07,999.928
0.142001,475.53,5.24398e-07,999.929
0.143001,477.908,5.2202e-07,999.929
0.144001,480.276,5.19653e-07,999.929
0.145001,482.632,5.17297e-07,999.929
0.146001,484.978,5.14951e-07,999.93
0.147001,487.314,5.12616e-07,999.93
0.148001,489.639,5.10292e-07,999.93
0.149001,491.953,5.07978e-07,999.931
0.150001,494.257,5.05675e-07,999.931
0.151001,496.55,5.03382e-07,999.931
0.152001,498.833,5.01099e-07,999.932
0.153001,501.105,4.98827e-07,999.932
0.154001,503.367,4.96565e-07,999.932
0.155001,505.619,4.94313e-07,999.933
0.156001,507.861,4.92072e-07,999.933
0.157001,510.093,4.8984e-07,999.933
0.158001,512.314,4.87619e-07,999.934
0.159001,514.526,4.85408e-07,999.934
0.160001,516.727,4.83207e-07,999.934
0.161001,518.918,4.81016e-07,999.934
0.162001,521.1,4.78835e-07,999.935
0.163001,523.271,4.76664e-07,999.935
0.164001,525.433,4.74502e-07,999.935
0.165001,527.585,4.72351e-07,999.936
0.166001,529.727,4.70209e-07,999.936
0.167001,531.86,4.68076e-07,999.936
0.168001,533.982,4.65954e-07,999.936
0.169001,536.096,4.63841e-07,999.937
0.170001,538.199,4.61738e-07,999.937
0.171001,540.293,4.59644e-07,999.937
0.172001,542.378,4.5756e-07,999.938
0.173001,544.453,4.55485e-07,999.938
0.174001,546.519,4.5342e-07,999.938
0.175001,548.575,4.51364e-07,999.938
0.176001,550.622,4.49317e-07,999.939
0.177001,552.659,4.4728e-07,999.939
0.178001,554.688,4.45251e-07,999.939
0.179001,556.707,4.43232e-07,999.94
0.180001,558.717,4.41223e-07,999.94
0.181001,560.718,4.39222e-07,999.94
0.182001,562.71,4.3723e-07,999.94
0.183001,564.693,4.35248e-07,999.941
0.184001,566.667,4.33274e-07,999.941
0.185001,568.632,4.31309e-07,999.941
0.186001,570.588,4.29354e-07,999.941
0.187001,572.535,4.27407e-07,999.942
0.188001,574.473,4.25469e-07,999.942
0.189001,576.403,4.23539e-07,999.942
0.190001,578.324,4.21619e-07,999.943
0.191001,580.236,4.19707e-07,999.943
0.192001,582.139,4.17804e-07,999.943
0.193001,584.034,4.15909e-07,999.943
0.194001,585.92,4.14023e-07,999.944
0.195001,587.798,4.12146e-07,999.944
0.196001,589.667,4.10277e-07,999.944
0.197001,591.528,4.08417e-07,999.944
0.198001,593.38,4.06565e-07,999.945
0.199001,595.224,4.04721e-07,999.945
0.200001,597.059,4.02886e-07,999.945
0.201001,598.886,4.01059e-07,999.945
0.202001,600.705,3.9924e-07,999.946
0.203001,602.516,3.9743e-07,999.946
0.204001,604.318,3.95628e-07,999.946
0.205001,606.112,3.93834e-07,999.946
0.206001,607.898,3.92048e-07,999.947
0.207001,609.676,3.9027e-07,999.947
0.208001,611.446,3.88501e-07,999.947
0.209001,613.208,3.86739e-07,999.947
0.210001,614.962,3.84985e-07,999.948
0.211001,616.708,3.8324e-07,999.948
0.212001,618.446,3.81502e-07,999.948
0.213001,620.176,3.79772e-07,999.948
0.214001,621.899,3.7805e-07,999.948
0.215001,623.613,3.76336e-07,999.949
0.216001,625.32,3.74629e-07,999.949
0.217001,627.019,3.7293e-07,999.949
0.218001,628.71,3.71239e-07,999.949
0.219001,630.394,3.69556e-07,999.95
0.220001,632.07,3.6788e-07,999.95
0.221001,633.738,3.66212e-07,999.95
0.222001,635.399,3.64552e-07,999.95
0.223001,637.052,3.62899e-07,999.951
0.224001,638.698,3.61253e-07,999.951
0.225001,640.336,3.59615e-07,999.951
0.226001,641.967,3.57984e-07,999.951
0.227001,643.591,3.56361e-07,999.951
0.228001,645.207,3.54745e-07,999.952
0.229001,646.815,3.53136e-07,999.952
0.230001,648.417,3.51535e-07,999.952
0.231001,650.011,3.49941e-07,999.952
0.232001,651.598,3.48354e-07,999.953
0.233001,653.178,3.46775e-07,999.953
0.234001,654.751,3.45202e-07,999.953
0.235001,656.316,3.43637e-07,999.953
0.236001,657.875,3.42079e-07,999.953
0.237001,659.426,3.40528e-07,999.954
0.238001,660.97,3.38983e-07,999.954
0.239001,662.508,3.37446e-07,999.954
0.240001,664.038,3.35916e-07,999.954
0.241001,665.561,3.34393e-07,999.954
0.242001,667.078,3.32877e-07,999.955
0.243001,668.588,3.31367e-07,999.955
0.244001,670.09,3.29865e-07,999.955
0.245001,671.586,3.28369e-07,999.955
0.246001,673.076,3.2688e-07,999.955
0.247001,674.558,3.25398e-07,999.956
0.248001,676.034,3.23922e-07,999.956
0.249001,677.503,3.22453e-07,999.956
0.250001,678.965,3.20991e-07,999.956
0.251001,680.421,3.19536e-07,999.956
0.252001,681.87,3.18087e-07,999.957
0.253001,683.312,3.16644e-07,999.957
0.254001,684.748,3.15209e-07,999.957
0.255001,686.178,3.13779e-07,999.957
0.256001,687.601,3.12356e-07,999.957
0.257001,689.018,3.1094e-07,999.958
0.258001,690.428,3.0953e-07,999.958
0.259001,691.831,3.08127e-07,999.958
0.260001,693.229,3.06729e-07,999.958
0.261001,694.62,3.05339e-07,999.958
0.262001,696.005,3.03954e-07,999.959
0.263001,697.383,3.02576e-07,999.959
0.264001,698.755,3.01204e-07,999.959
0.265001,700.121,2.99838e-07,999.959
0.266001,701.481,2.98478e-07,999.959
0.267001,702.835,2.97125e-07,999.96
0.268001,704.182,2.95777e-07,999.96
0.269001,705.524,2.94436e-07,999.96
0.270001,706.859,2.93101e-07,999.96
0.271001,708.188,2.91772e-07,999.96
0.272001,709.511,2.90449e-07,999.96
0.273001,710.829,2.89132e-07,999.961
0.274001,712.14,2.87821e-07,999.961
0.275001,713.445,2.86516e-07,999.961
0.276001,714.744,2.85217e-07,999.961
0.277001,716.038,2.83923e-07,999.961
0.278001,717.326,2.82636e-07,999.961
0.279001,718.607,2.81354e-07,999.962
0.280001,719.883,2.80078e-07,999.962
0.281001,721.154,2.78808e-07,999.962
0.282001,722.418,2.77544e-07,999.962
0.283001,723.677,2.76286e-07,999.962
0.284001,724.93,2.75033e-07,999.963
0.285001,726.177,2.73786e-07,999.963
0.286001,727.419,2.72544e-07,999.963
0.287001,728.655,2.71308e-07,999.963
0.288001,729.885,2.70078e-07,999.963
0.289001,731.11,2.68854e-07,999.963
0.290001,732.329,2.67634e-07,999.964
0.291001,733.543,2.66421e-07,999.964
0.292001,734.751,2.65213e-07,999.964
0.293001,735.954,2.6401e-07,999.964
0.294001,737.151,2.62813e-07,999.964
0.295001,738.343,2.61621e-07,999.964
0.296001,739.53,2.60435e-07,999.965
0.297001,740.711,2.59254e-07,999.965
0.298001,741.886,2.58078e-07,999.965
0.299001,743.057,2.56908e-07,999.965
0.300001,744.222,2.55743e-07,999.965
0.301001,745.382,2.54584e-07,999.965
0.302001,746.536,2.53429e-07,999.965
0.303001,747.686,2.5228e-07,999.966
0.304001,748.83,2.51136e-07,999.966
0.305001,749.969,2.49997e-07,999.966
0.306001,751.102,2.48864e-07,999.966
0.307001,752.231,2.47735e-07,999.966
0.308001,753.355,2.46612e-07,999.966
0.309001,754.473,2.45494e-07,999.967
0.310001,755.586,2.4438e-07,999.967
0.311001,756.695,2.43272e-07,999.967
0.312001,757.798,2.42169e-07,999.967
0.313001,758.896,2.41071e-07,999.967
0.314001,759.989,2.39978e-07,999.967
0.315001,761.078,2.3889e-07,999.967
0.316001,762.161,2.37806e-07,999.968
0.317001,763.24,2.36728e-07,999.968
0.318001,764.313,2.35655e-07,999.968
0.319001,765.382,2.34586e-07,999.968
0.320001,766.446,2.33522e-07,999.968
0.321001,767.505,2.32464e-07,999.968
0.322001,768.559,2.31409e-07,999.968
0.323001,769.609,2.3036e-07,999.969
0.324001,770.653,2.29316e-07,999.969
0.325001,771.693,2.28276e-07,999.969
0.326001,772.728,2.27241e-07,999.969
0.327001,773.759,2.2621e-07,999.969
0.328001,774.785,2.25184e-07,999.969
0.329001,775.806,2.24163e-07,999.969
0.330001,776.823,2.23147e-07,999.97
0.331001,777.835,2.22135e-07,999.97
0.332001,778.842,2.21128e-07,999.97
0.333001,779.845,2.20125e-07,999.97
0.334001,780.843,2.19127e-07,999.97
0.335001,781.837,2.18133e-07,999.97
0.336001,782.826,2.17144e-07,999.97
0.337001,783.811,2.1616e-07,999.971
0.338001,784.791,2.15179e-07,999.971
0.339001,785.767,2.14204e-07,999.971
0.340001,786.739,2.13232e-07,999.971
0.341001,787.706,2.12265e-07,999.971
0.342001,788.668,2.11303e-07,999.971
0.343001,789.627,2.10345e-07,999.971
0.344001,790.581,2.09391e-07,999.971
0.345001,791.53,2.08441e-07,999.972
0.346001,792.475,2.07496e-07,999.972
0.347001,793.416,2.06555e-07,999.972
0.348001,794.353,2.05619e-07,999.972
0.349001,795.286,2.04686e-07,999.972
0.350001,796.214,2.03758e-07,999.972
0.351001,797.138,2.02834e-07,999.972
0.352001,798.058,2.01915e-07,999.972
0.353001,798.974,2.00999e-07,999.973
0.354001,799.885,2.00088e-07,999.973
0.355001,800.793,1.9918e-07,999.973
0.356001,801.696,1.98277e-07,999.973
0.357001,802.595,1.97378e-07,999.973
0.358001,803.49,1.96483e-07,999.973
0.359001,804.381,1.95592e-07,999.973
0.360001,805.268,1.94705e-07,999.973
0.361001,806.151,1.93822e-07,999.974
0.362001,807.03,1.92943e-07,999.974
0.363001,807.905,1.92068e-07,999.974
0.364001,808.776,1.91198e-07,999.974
0.365001,809.643,1.90331e-07,999.974
0.366001,810.507,1.89468e-07,999.974
0.367001,811.366,1.88608e-07,999.974
0.368001,812.221,1.87753e-07,999.974
0.369001,813.073,1.86902e-07,999.975
0.370001,813.92,1.86054e-07,999.975
0.371001,814.764,1.85211e-07,999.975
0.372001,815.604,1.84371e-07,999.975
0.373001,816.44,1.83535e-07,999.975
0.374001,817.273,1.82703e-07,999.975
0.375001,818.101,1.81874e-07,999.975
0.376001,818.926,1.81049e-07,999.975
0.377001,819.747,1.80228e-07,999.975
0.378001,820.564,1.79411e-07,999.976
0.379001,821.378,1.78598e-07,999.976
0.380001,822.188,1.77788e-07,999.976
0.381001,822.994,1.76982e-07,999.976
0.382001,823.797,1.76179e-07,999.976
0.383001,824.596,1.7538e-07,999.976
0.384001,825.391,1.74585e-07,999.976
0.385001,826.183,1.73793e-07,999.976
0.386001,826.971,1.73005e-07,999.976
0.387001,827.756,1.72221e-07,999.977
0.388001,828.537,1.7144e-07,999.977
0.389001,829.314,1.70662e-07,999.977
0.390001,830.088,1.69889e-07,999.977
0.391001,830.859,1.69118e-07,999.977
0.392001,831.626,1.68351e-07,999.977
0.393001,832.389,1.67588e-07,999.977
0.394001,833.149,1.66828e-07,999.977
0.395001,833.906,1.66072e-07,999.977
0.396001,834.659,1.65318e-07,999.977
0.397001,835.409,1.64569e-07,999.978
0.398001,836.155,1.63823e-07,999.978
0.399001,836.898,1.6308e-07,999.978
0.400001,837.638,1.6234e-07,999.978
0.401001,838.374,1.61604e-07,999.978
0.402001,839.107,1.60871e-07,999.978
0.403001,839.836,1.60142e-07,999.978
0.404001,840.563,1.59416e-07,999.978
0.405001,841.286,1.58693e-07,999.978
0.406001,842.005,1.57973e-07,999.978
0.407001,842.722,1.57257e-07,999.979
0.408001,843.435,1.56544e-07,999.979
0.409001,844.145,1.55834e-07,999.979
0.410001,844.851,1.55127e-07,999.979
0.411001,845.555,1.54424e-07,999.979
0.412001,846.255,1.53724e-07,999.979
0.413001,846.952,1.53027e-07,999.979
0.414001,847.646,1.52333e-07,999.979
0.415001,848.337,1.51642e-07,999.979
0.416001,849.025,1.50954e-07,999.979
0.417001,849.71,1.5027e-07,999.98
0.418001,850.391,1.49589e-07,999.98
0.419001,851.07,1.4891e-07,999.98
0.420001,851.745,1.48235e-07,999.98
0.421001,852.417,1.47563e-07,999.98
0.422001,853.086,1.46894e-07,999.98
0.423001,853.752,1.46228e-07,999.98
0.424001,854.416,1.45565e-07,999.98
0.425001,855.076,1.44904e-07,999.98
0.426001,855.733,1.44247e-07,999.98
0.427001,856.387,1.43593e-07,999.98
0.428001,857.038,1.42942e-07,999.981
0.429001,857.687,1.42294e-07,999.981
0.430001,858.332,1.41649e-07,999.981
0.431001,858.974,1.41006e-07,999.981
0.432001,859.614,1.40367e-07,999.981
0.433001,860.25,1.39731e-07,999.981
0.434001,860.884,1.39097e-07,999.981
0.435001,861.515,1.38466e-07,999.981
0.436001,862.143,1.37838e-07,999.981
0.437001,862.768,1.37213e-07,999.981
0.438001,863.39,1.36591e-07,999.981
0.439001,864.01,1.35972e-07,999.981
0.440001,864.626,1.35355e-07,999.982
0.441001,865.24,1.34741e-07,999.982
0.442001,865.851,1.3413e-07,999.982
0.443001,866.46,1.33522e-07,999.982
0.444001,867.065,1.32917e-07,999.982
0.445001,867.668,1.32314e-07,999.982
0.446001,868.268,1.31714e-07,999.982
0.447001,868.865,1.31117e-07,999.982
0.448001,869.46,1.30522e-07,999.982
0.449001,870.052,1.2993e-07,999.982
0.450001,870.641,1.29341e-07,999.982
0.451001,871.228,1.28755e-07,999.982
0.452001,871.812,1.28171e-07,999.983
0.453001,872.393,1.2759e-07,999.983
0.454001,872.971,1.27011e-07,999.983
0.455001,873.547,1.26435e-07,999.983
0.456001,874.121,1.25862e-07,999.983
0.457001,874.692,1.25291e-07,999.983
0.458001,875.26,1.24723e-07,999.983
0.459001,875.825,1.24158e-07,999.983
0.460001,876.389,1.23595e-07,999.983
0.461001,876.949,1.23034e-07,999.983
0.462001,877.507,1.22476e-07,999.983
0.463001,878.062,1.21921e-07,999.983
0.464001,878.615,1.21368e-07,999.983
0.465001,879.166,1.20818e-07,999.984
0.466001,879.714,1.2027e-07,999.984
0.467001,880.259,1.19725e-07,999.984
0.468001,880.802,1.19182e-07,999.984
0.469001,881.343,1.18641e-07,999.984
0.470001,881.881,1.18103e-07,999.984
0.471001,882.416,1.17568e-07,999.984
0.472001,882.949,1.17035e-07,999.984
0.473001,883.48,1.16504e-07,999.984
0.474001,884.009,1.15976e-07,999.984
0.475001,884.535,1.1545e-07,999.984
0.476001,885.058,1.14926e-07,999.984
0.477001,885.579,1.14405e-07,999.984
0.478001,886.098,1.13886e-07,999.984
0.479001,886.615,1.1337e-07,999.985
0.480001,887.129,1.12856e-07,999.985
0.481001,887.641,1.12344e-07,999.985
0.482001,888.15,1.11835e-07,999.985
0.483001,888.657,1.11328e-07,999.985
0.484001,889.162,1.10823e-07,999.985
0.485001,889.665,1.1032e-07,999.985
0.486001,890.165,1.0982e-07,999.985
0.487001,890.663,1.09322e-07,999.985
0.488001,891.159,1.08826e-07,999.985
0.489001,891.652,1.08333e-07,999.985
0.490001,892.144,1.07842e-07,999.985
0.491001,892.633,1.07353e-07,999.985
0.492001,893.12,1.06866e-07,999.985
0.493001,893.604,1.06381e-07,999.986
0.494001,894.087,1.05899e-07,999.986
0.495001,894.567,1.05419e-07,999.986
0.496001,895.045,1.04941e-07,999.986
0.497001,895.521,1.04465e-07,999.986
0.498001,895.995,1.03991e-07,999.986
0.499001,896.466,1.03519e-07,999.986
0.500001,896.936,1.0305e-07,999.986
0.501001,897.403,1.02583e-07,999.986
0.502001,897.868,1.02118e-07,999.986
0.503001,898.332,1.01655e-07,999.986
0.504001,898.793,1.01194e-07,999.986
0.505001,899.251,1.00735e-07,999.986
0.506001,899.708,1.00278e-07,999.986
0.507001,900.163,9.98233e-08,999.986
0.508001,900.616,9.93706e-08,999.986
0.509001,901.066,9.892e-08,999.987
0.510001,901.515,9.84715e-08,999.987
0.511001,901.962,9.8025e-08,999.987
0.512001,902.406,9.75805e-08,999.987
0.513001,902.849,9.7138e-08,999.987
0.514001,903.289,9.66975e-08,999.987
0.515001,903.728,9.62591e-08,999.987
0.516001,904.164,9.58226e-08,999.987
0.517001,904.599,9.53881e-08,999.987
0.518001,905.032,9.49555e-08,999.987
0.519001,905.462,9.4525e-08,999.987
0.520001,905.891,9.40963e-08,999.987
0.521001,906.318,9.36697e-08,999.987
0.522001,906.742,9.32449e-08,999.987
0.523001,907.165,9.28221e-08,999.987
0.524001,907.586,9.24012e-08,999.987
0.525001,908.005,9.19822e-08,999.987
0.526001,908.422,9.15651e-08,999.988
0.527001,908.838,9.11499e-08,999.988
0.528001,909.251,9.07366e-08,999.988
0.529001,909.663,9.03252e-08,999.988
0.530001,910.072,8.99156e-08,999.988
0.531001,910.48,8.95079e-08,999.988
0.532001,910.886,8.9102e-08,999.988
0.533001,911.29,8.8698e-08,999.988
0.534001,911.692,8.82958e-08,999.988
0.535001,912.093,8.78954e-08,999.988
0.536001,912.491,8.74968e-08,999.988
0.537001,912.888,8.71001e-08,999.988
0.538001,913.283,8.67051e-08,999.988
0.539001,913.676,8.6312e-08,999.988
0.540001,914.068,8.59206e-08,999.988
0.541001,914.457,8.5531e-08,999.988
0.542001,914.845,8.51431e-08,999.988
0.543001,915.231,8.4757e-08,999.988
0.544001,915.616,8.43727e-08,999.989
0.545001,915.998,8.39901e-08,999.989
0.546001,916.379,8.36093e-08,999.989
0.547001,916.759,8.32302e-08,999.989
0.548001,917.136,8.28527e-08,999.989
0.549001,917.512,8.24771e-08,999.989
0.550001,917.886,8.21031e-08,999.989
0.551001,918.258,8.17308e-08,999.989
0.552001,918.629,8.13602e-08,999.989
0.553001,918.998,8.09912e-08,999.989
0.554001,919.365,8.0624e-08,999.989
0.555001,919.731,8.02584e-08,999.989
0.556001,920.095,7.98945e-08,999.989
0.557001,920.457,7.95322e-08,999.989
0.558001,920.818,7.91715e-08,999.989
0.559001,921.177,7.88125e-08,999.989
0.560001,921.534,7.84552e-08,999.989
0.561001,921.89,7.80994e-08,999.989
0.562001,922.244,7.77453e-08,999.989
0.563001,922.597,7.73927e-08,999.989
0.564001,922.948,7.70418e-08,999.989
0.565001,923.297,7.66925e-08,999.99
0.566001,923.645,7.63447e-08,999.99
0.567001,923.991,7.59985e-08,999.99
0.568001,924.336,7.56539e-08,999.99
0.569001,924.679,7.53109e-08,999.99
0.570001,925.02,7.49694e-08,999.99
0.571001,925.36,7.46294e-08,999.99
0.572001,925.699,7.4291e-08,999.99
0.573001,926.036,7.39541e-08,999.99
0.574001,926.371,7.36188e-08,999.99
0.575001,926.705,7.3285e-08,999.99
0.576001,927.037,7.29527e-08,999.99
0.577001,927.368,7.26219e-08,999.99
0.578001,927.698,7.22925e-08,999.99
0.579001,928.025,7.19647e-08,999.99
0.580001,928.352,7.16384e-08,999.99
0.581001,928.677,7.13136e-08,999.99
0.582001,929,7.09902e-08,999.99
0.583001,929.322,7.06683e-08,999.99
0.584001,929.643,7.03479e-08,999.99
0.585001,929.962,7.00289e-08,999.99
0.586001,930.279,6.97113e-08,999.99
0.587001,930.595,6.93952e-08,999.991
0.588001,930.91,6.90805e-08,999.991
0.589001,931.223,6.87673e-08,999.991
0.590001,931.535,6.84555e-08,999.991
0.591001,931.846,6.81451e-08,999.991
0.592001,932.155,6.78361e-08,999.991
0.593001,932.462,6.75285e-08,999.991
0.594001,932.769,6.72223e-08,999.991
0.595001,933.073,6.69174e-08,999.991
0.596001,933.377,6.6614e-08,999.991
0.597001,933.679,6.63119e-08,999.991
0.598001,933.98,6.60112e-08,999.991
0.599001,934.279,6.57119e-08,999.991
0.600001,934.577,6.5414e-08,999.991
0.601001,934.874,6.51173e-08,999.991
0.602001,935.169,6.48221e-08,999.991
0.603001,935.463,6.45281e-08,999.991
0.604001,935.756,6.42355e-08,999.991
0.605001,936.047,6.39443e-08,999.991
0.606001,936.337,6.36543e-08,999.991
0.607001,936.626,6.33657e-08,999.991
0.608001,936.913,6.30783e-08,999.991
0.609001,937.199,6.27923e-08,999.991
0.610001,937.484,6.25076e-08,999.991
0.611001,937.767,6.22241e-08,999.992
0.612001,938.05,6.1942e-08,999.992
0.613001,938.33,6.16611e-08,999.992
0.614001,938.61,6.13815e-08,999.992
0.615001,938.889,6.11032e-08,999.992
0.616001,939.166,6.08261e-08,999.992
0.617001,939.441,6.05503e-08,999.992
0.618001,939.716,6.02757e-08,999.992
0.619001,939.989,6.00024e-08,999.992
0.620001,940.262,5.97303e-08,999.992
0.621001,940.532,5.94595e-08,999.992
0.622001,940.802,5.91899e-08,999.992
0.623001,941.071,5.89215e-08,999.992
0.624001,941.338,5.86543e-08,999.992
0.625001,941.604,5.83883e-08,999.992
0.626001,941.869,5.81236e-08,999.992
0.627001,942.132,5.786e-08,999.992
0.628001,942.395,5.75976e-08,999.992
0.629001,942.656,5.73364e-08,999.992
0.630001,942.916,5.70765e-08,999.992
0.631001,943.175,5.68176e-08,999.992
0.632001,943.432,5.656e-08,999.992
0.633001,943.689,5.63035e-08,999.992
0.634001,943.944,5.60482e-08,999.992
0.635001,944.198,5.57941e-08,999.992
0.636001,944.451,5.55411e-08,999.992
0.637001,944.703,5.52892e-08,999.992
0.638001,944.954,5.50385e-08,999.992
0.639001,945.204,5.4789e-08,999.993
0.640001,945.452,5.45405e-08,999.993
0.641001,945.699,5.42932e-08,999.993
0.642001,945.946,5.4047e-08,999.993
0.643001,946.191,5.38019e-08,999.993
0.644001,946.435,5.3558e-08,999.993
0.645001,946.678,5.33151e-08,999.993
0.646001,946.919,5.30734e-08,999.993
0.647001,947.16,5.28327e-08,999.993
0.648001,947.4,5.25931e-08,999.993
0.649001,947.638,5.23546e-08,999.993
0.650001,947.876,5.21172e-08,999.993
0.651001,948.112,5.18809e-08,999.993
0.652001,948.347,5.16457e-08,999.993
0.653001,948.582,5.14115e-08,999.993
0.654001,948.815,5.11784e-08,999.993
0.655001,949.047,5.09463e-08,999.993
0.656001,949.278,5.07153e-08,999.993
0.657001,949.508,5.04853e-08,999.993
0.658001,949.737,5.02564e-08,999.993
0.659001,949.965,5.00285e-08,999.993
0.660001,950.192,4.98016e-08,999.993
0.661001,950.417,4.95758e-08,999.993
0.662001,950.642,4.9351e-08,999.993
0.663001,950.866,4.91272e-08,999.993
0.664001,951.089,4.89045e-08,999.993
0.665001,951.311,4.86827e-08,999.993
0.666001,951.531,4.8462e-08,999.993
0.667001,951.751,4.82422e-08,999.993
0.668001,951.97,4.80235e-08,999.993
0.669001,952.188,4.78057e-08,999.993
0.670001,952.405,4.75889e-08,999.994
0.671001,952.62,4.73731e-08,999.994
0.672001,952.835,4.71583e-08,999.994
0.673001,953.049,4.69445e-08,999.994
0.674001,953.262,4.67316e-08,999.994
0.675001,953.474,4.65197e-08,999.994
0.676001,953.685,4.63088e-08,999.994
0.677001,953.895,4.60988e-08,999.994
0.678001,954.104,4.58897e-08,999.994
0.679001,954.312,4.56817e-08,999.994
0.680001,954.519,4.54745e-08,999.994
0.681001,954.726,4.52683e-08,999.994
0.682001,954.931,4.5063e-08,999.994
0.683001,955.135,4.48587e-08,999.994
0.684001,955.339,4.46553e-08,999.994
0.685001,955.541,4.44528e-08,999.994
0.686001,955.743,4.42512e-08,999.994
0.687001,955.943,4.40506e-08,999.994
0.688001,956.143,4.38508e-08,999.994
0.689001,956.342,4.3652e-08,999.994
0.690001,956.54,4.3454e-08,999.994
0.691001,956.737,4.3257e-08,999.994
0.692001,956.933,4.30609e-08,999.994
0.693001,957.129,4.28656e-08,999.994
0.694001,957.323,4.26712e-08,999.994
0.695001,957.516,4.24777e-08,999.994
0.696001,957.709,4.22851e-08,999.994
0.697001,957.901,4.20934e-08,999.994
0.698001,958.092,4.19025e-08,999.994
0.699001,958.282,4.17125e-08,999.994
0.700001,958.471,4.15234e-08,999.994
0.701001,958.659,4.13351e-08,999.994
0.702001,958.847,4.11476e-08,999.994
0.703001,959.033,4.09611e-08,999.994
0.704001,959.219,4.07753e-08,999.994
0.705001,959.404,4.05904e-08,999.994
0.706001,959.588,4.04064e-08,999.994
0.707001,959.771,4.02231e-08,999.995
0.708001,959.954,4.00408e-08,999.995
0.709001,960.135,3.98592e-08,999.995
0.710001,960.316,3.96784e-08,999.995
0.711001,960.496,3.94985e-08,999.995
0.712001,960.675,3.93194e-08,999.995
0.713001,960.854,3.91411e-08,999.995
0.714001,961.031,3.89636e-08,999.995
0.715001,961.208,3.8787e-08,999.995
0.716001,961.384,3.86111e-08,999.995
0.717001,961.559,3.8436e-08,999.995
0.718001,961.733,3.82617e-08,999.995
0.719001,961.907,3.80882e-08,999.995
0.720001,962.079,3.79155e-08,999.995
0.721001,962.251,3.77436e-08,999.995
0.722001,962.422,3.75724e-08,999.995
0.723001,962.593,3.74021e-08,999.995
0.724001,962.762,3.72325e-08,999.995
0.725001,962.931,3.70636e-08,999.995
0.726001,963.099,3.68956e-08,999.995
0.727001,963.267,3.67283e-08,999.995
0.728001,963.433,3.65617e-08,999.995
0.729001,963.599,3.63959e-08,999.995
0.730001,963.764,3.62309e-08,999.995
0.731001,963.928,3.60666e-08,999.995
0.732001,964.092,3.59031e-08,999.995
0.733001,964.255,3.57403e-08,999.995
0.734001,964.417,3.55782e-08,999.995
0.735001,964.578,3.54169e-08,999.995
0.736001,964.739,3.52563e-08,999.995
0.737001,964.899,3.50964e-08,999.995
0.738001,965.058,3.49373e-08,999.995
0.739001,965.216,3.47788e-08,999.995
0.740001,965.374,3.46211e-08,999.995
0.741001,965.531,3.44641e-08,999.995
0.742001,965.687,3.43079e-08,999.995
0.743001,965.843,3.41523e-08,999.995
0.744001,965.998,3.39974e-08,999.995
0.745001,966.152,3.38433e-08,999.995
0.746001,966.306,3.36898e-08,999.995
0.747001,966.458,3.3537e-08,999.995
0.748001,966.61,3.3385e-08,999.995
0.749001,966.762,3.32336e-08,999.995
0.750001,966.913,3.30829e-08,999.995
0.751001,967.063,3.29329e-08,999.996
0.752001,967.212,3.27835e-08,999.996
0.753001,967.361,3.26349e-08,999.996
0.754001,967.509,3.24869e-08,999.996
0.755001,967.656,3.23396e-08,999.996
0.756001,967.803,3.2193e-08,999.996
0.757001,967.949,3.2047e-08,999.996
0.758001,968.094,3.19017e-08,999.996
0.759001,968.239,3.1757e-08,999.996
0.760001,968.383,3.1613e-08,999.996
0.761001,968.526,3.14697e-08,999.996
0.762001,968.669,3.1327e-08,999.996
0.763001,968.811,3.11849e-08,999.996
0.764001,968.952,3.10435e-08,999.996
0.765001,969.093,3.09027e-08,999.996
0.766001,969.233,3.07626e-08,999.996
0.767001,969.373,3.06231e-08,999.996
0.768001,969.512,3.04842e-08,999.996
0.769001,969.65,3.0346e-08,999.996
0.770001,969.787,3.02084e-08,999.996
0.771001,969.924,3.00714e-08,999.996
0.772001,970.061,2.99351e-08,999.996
0.773001,970.197,2.97993e-08,999.996
0.774001,970.332,2.96642e-08,999.996
0.775001,970.466,2.95297e-08,999.996
0.776001,970.6,2.93958e-08,999.996
0.777001,970.734,2.92625e-08,999.996
0.778001,970.866,2.91298e-08,999.996
0.779001,970.998,2.89977e-08,999.996
0.780001,971.13,2.88662e-08,999.996
0.781001,971.261,2.87353e-08,999.996
0.782001,971.391,2.8605e-08,999.996
0.783001,971.521,2.84753e-08,999.996
0.784001,971.65,2.83462e-08,999.996
0.785001,971.778,2.82177e-08,999.996
0.786001,971.906,2.80897e-08,999.996
0.787001,972.034,2.79624e-08,999.996
0.788001,972.161,2.78356e-08,999.996
0.789001,972.287,2.77093e-08,999.996
0.790001,972.413,2.75837e-08,999.996
0.791001,972.538,2.74586e-08,999.996
0.792001,972.662,2.73341e-08,999.996
0.793001,972.786,2.72102e-08,999.996
0.794001,972.91,2.70868e-08,999.996
0.795001,973.032,2.69639e-08,999.996
0.796001,973.155,2.68417e-08,999.996
0.797001,973.276,2.672e-08,999.996
0.798001,973.398,2.65988e-08,999.996
0.799001,973.518,2.64782e-08,999.996
0.800001,973.638,2.63581e-08,999.996
0.801001,973.758,2.62386e-08,999.996
0.802001,973.877,2.61196e-08,999.996
0.803001,973.995,2.60012e-08,999.996
0.804001,974.113,2.58833e-08,999.996
0.805001,974.231,2.57659e-08,999.996
0.806001,974.347,2.56491e-08,999.997
0.807001,974.464,2.55328e-08,999.997
0.808001,974.58,2.5417e-08,999.997
0.809001,974.695,2.53017e-08,999.997
0.810001,974.81,2.5187e-08,999.997
0.811001,974.924,2.50728e-08,999.997
0.812001,975.037,2.49591e-08,999.997
0.813001,975.151,2.48459e-08,999.997
0.814001,975.263,2.47333e-08,999.997
0.815001,975.376,2.46211e-08,999.997
0.816001,975.487,2.45095e-08,999.997
0.817001,975.598,2.43983e-08,999.997
0.818001,975.709,2.42877e-08,999.997
0.819001,975.819,2.41776e-08,999.997
0.820001,975.929,2.40679e-08,999.997
0.821001,976.038,2.39588e-08,999.997
0.822001,976.147,2.38502e-08,999.997
0.823001,976.255,2.3742e-08,999.997
0.824001,976.362,2.36344e-08,999.997
0.825001,976.47,2.35272e-08,999.997
0.826001,976.576,2.34205e-08,999.997
0.827001,976.683,2.33143e-08,999.997
0.828001,976.788,2.32086e-08,999.997
0.829001,976.894,2.31033e-08,999.997
0.830001,976.998,2.29986e-08,999.997
0.831001,977.103,2.28943e-08,999.997
0.832001,977.206,2.27905e-08,999.997
0.833001,977.31,2.26871e-08,999.997
0.834001,977.413,2.25843e-08,999.997
0.835001,977.515,2.24819e-08,999.997
0.836001,977.617,2.23799e-08,999.997
0.837001,977.719,2.22784e-08,999.997
0.838001,977.82,2.21774e-08,999.997
0.839001,977.92,2.20769e-08,999.997
0.840001,978.02,2.19767e-08,999.997
0.841001,978.12,2.18771e-08,999.997
0.842001,978.219,2.17779e-08,999.997
0.843001,978.318,2.16791e-08,999.997
0.844001,978.416,2.15808e-08,999.997
0.845001,978.514,2.1483e-08,999.997
0.846001,978.612,2.13856e-08,999.997
0.847001,978.709,2.12886e-08,999.997
0.848001,978.805,2.11921e-08,999.997
0.849001,978.901,2.1096e-08,999.997
0.850001,978.997,2.10003e-08,999.997
0.851001,979.092,2.09051e-08,999.997
0.852001,979.187,2.08103e-08,999.997
0.853001,979.281,2.07159e-08,999.997
0.854001,979.375,2.0622e-08,999.997
0.855001,979.469,2.05285e-08,999.997
0.856001,979.562,2.04354e-08,999.997
0.857001,979.655,2.03427e-08,999.997
0.858001,979.747,2.02505e-08,999.997
0.859001,979.839,2.01587e-08,999.997
0.860001,979.93,2.00672e-08,999.997
0.861001,980.021,1.99763e-08,999.997
0.862001,980.112,1.98857e-08,999.997
0.863001,980.202,1.97955e-08,999.997
0.864001,980.292,1.97057e-08,999.997
0.865001,980.381,1.96164e-08,999.997
0.866001,980.47,1.95274e-08,999.997
0.867001,980.558,1.94389e-08,999.997
0.868001,980.647,1.93507e-08,999.997
0.869001,980.734,1.9263e-08,999.997
0.870001,980.822,1.91756e-08,999.997
0.871001,980.909,1.90887e-08,999.997
0.872001,980.995,1.90021e-08,999.997
0.873001,981.081,1.8916e-08,999.997
0.874001,981.167,1.88302e-08,999.997
0.875001,981.253,1.87448e-08,999.997
0.876001,981.338,1.86598e-08,999.997
0.877001,981.422,1.85752e-08,999.997
0.878001,981.507,1.8491e-08,999.997
0.879001,981.59,1.84071e-08,999.997
0.880001,981.674,1.83237e-08,999.998
0.881001,981.757,1.82406e-08,999.998
0.882001,981.84,1.81579e-08,999.998
0.883001,981.922,1.80755e-08,999.998
0.884001,982.004,1.79936e-08,999.998
0.885001,982.086,1.7912e-08,999.998
0.886001,982.167,1.78307e-08,999.998
0.887001,982.248,1.77499e-08,999.998
0.888001,982.328,1.76694e-08,999.998
0.889001,982.408,1.75893e-08,999.998
0.890001,982.488,1.75095e-08,999.998
0.891001,982.567,1.74301e-08,999.998
0.892001,982.647,1.73511e-08,999.998
0.893001,982.725,1.72724e-08,999.998
0.894001,982.804,1.71941e-08,999.998
0.895001,982.882,1.71161e-08,999.998
0.896001,982.959,1.70385e-08,999.998
0.897001,983.036,1.69613e-08,999.998
0.898001,983.113,1.68843e-08,999.998
0.899001,983.19,1.68078e-08,999.998
0.900001,983.266,1.67316e-08,999.998
0.901001,983.342,1.66557e-08,999.998
0.902001,983.418,1.65802e-08,999.998
0.903001,983.493,1.6505e-08,999.998
0.904001,983.568,1.64301e-08,999.998
0.905001,983.642,1.63556e-08,999.998
0.906001,983.716,1.62815e-08,999.998
0.907001,983.79,1.62077e-08,999.998
0.908001,983.864,1.61342e-08,999.998
0.909001,983.937,1.6061e-08,999.998
0.910001,984.01,1.59882e-08,999.998
0.911001,984.082,1.59157e-08,999.998
0.912001,984.154,1.58435e-08,999.998
0.913001,984.226,1.57717e-08,999.998
0.914001,984.298,1.57001e-08,999.998
0.915001,984.369,1.5629e-08,999.998
0.916001,984.44,1.55581e-08,999.998
0.917001,984.51,1.54875e-08,999.998
0.918001,984.581,1.54173e-08,999.998
0.919001,984.651,1.53474e-08,999.998
0.920001,984.72,1.52778e-08,999.998
0.921001,984.789,1.52085e-08,999.998
0.922001,984.858,1.51396e-08,999.998
0.923001,984.927,1.50709e-08,999.998
0.924001,984.995,1.50026e-08,999.998
0.925001,985.063,1.49345e-08,999.998
0.926001,985.131,1.48668e-08,999.998
0.927001,985.199,1.47994e-08,999.998
0.928001,985.266,1.47323e-08,999.998
0.929001,985.332,1.46655e-08,999.998
0.930001,985.399,1.4599e-08,999.998
0.931001,985.465,1.45328e-08,999.998
0.932001,985.531,1.44669e-08,999.998
0.933001,985.597,1.44013e-08,999.998
0.934001,985.662,1.4336e-08,999.998
0.935001,985.727,1.4271e-08,999.998
0.936001,985.792,1.42063e-08,999.998
0.937001,985.856,1.41419e-08,999.998
0.938001,985.92,1.40777e-08,999.998
0.939001,985.984,1.40139e-08,999.998
0.940001,986.048,1.39504e-08,999.998
0.941001,986.111,1.38871e-08,999.998
0.942001,986.174,1.38241e-08,999.998
0.943001,986.237,1.37614e-08,999.998
0.944001,986.299,1.3699e-08,999.998
0.945001,986.361,1.36369e-08,999.998
0.946001,986.423,1.35751e-08,999.998
0.947001,986.485,1.35135e-08,999.998
0.948001,986.546,1.34523e-08,999.998
0.949001,986.607,1.33913e-08,999.998
0.950001,986.668,1.33305e-08,999.998
0.951001,986.728,1.32701e-08,999.998
0.952001,986.788,1.32099e-08,999.998
0.953001,986.848,1.315e-08,999.998
0.954001,986.908,1.30904e-08,999.998
0.955001,986.967,1.3031e-08,999.998
0.956001,987.026,1.29719e-08,999.998
0.957001,987.085,1.29131e-08,999.998
0.958001,987.144,1.28546e-08,999.998
0.959001,987.202,1.27963e-08,999.998
0.960001,987.26,1.27383e-08,999.998
0.961001,987.318,1.26805e-08,999.998
0.962001,987.375,1.2623e-08,999.998
0.963001,987.433,1.25658e-08,999.998
0.964001,987.49,1.25088e-08,999.998
0.965001,987.546,1.24521e-08,999.998
0.966001,987.603,1.23956e-08,999.998
0.967001,987.659,1.23394e-08,999.998
0.968001,987.715,1.22834e-08,999.998
0.969001,987.771,1.22277e-08,999.998
0.970001,987.826,1.21723e-08,999.998
0.971001,987.881,1.21171e-08,999.998
0.972001,987.936,1.20621e-08,999.998
0.973001,987.991,1.20074e-08,999.998
0.974001,988.045,1.1953e-08,999.998
0.975001,988.1,1.18988e-08,999.998
0.976001,988.154,1.18448e-08,999.998
0.977001,988.207,1.17911e-08,999.998
0.978001,988.261,1.17377e-08,999.998
0.979001,988.314,1.16844e-08,999.998
0.980001,988.367,1.16315e-08,999.998
0.981001,988.42,1.15787e-08,999.998
0.982001,988.472,1.15262e-08,999.998
0.983001,988.524,1.14739e-08,999.998
0.984001,988.577,1.14219e-08,999.998
0.985001,988.628,1.13701e-08,999.998
0.986001,988.68,1.13186e-08,999.998
0.987001,988.731,1.12672e-08,999.998
0.988001,988.782,1.12162e-08,999.998
0.989001,988.833,1.11653e-08,999.998
0.990001,988.884,1.11147e-08,999.998
0.991001,988.934,1.10643e-08,999.998
0.992001,988.984,1.10141e-08,999.998
0.993001,989.034,1.09642e-08,999.999
0.994001,989.084,1.09144e-08,999.999
0.995001,989.134,1.08649e-08,999.999
0.996001,989.183,1.08157e-08,999.999
0.997001,989.232,1.07666e-08,999.999
0.998001,989.281,1.07178e-08,999.999
0.999001,989.329,1.06692e-08,999.999
1,989.378,1.06208e-08,999.999
1.001,989.426,1.05727e-08,999.999
1.002,989.474,1.05247e-08,999.999
1.003,989.522,1.0477e-08,999.999
1.004,989.569,1.04295e-08,999.999
1.005,989.616,1.03822e-08,999.999
1.006,989.663,1.03351e-08,999.999
1.007,989.71,1.02883e-08,999.999
1.008,989.757,1.02416e-08,999.999
1.009,989.803,1.01952e-08,999.999
1.01,989.85,1.01489e-08,999.999
1.011,989.896,1.01029e-08,999.999
1.012,989.942,1.00571e-08,999.999
1.013,989.987,1.00115e-08,999.999
1.01304,989.989,1.00098e-08,999.999
1.01304,989.989,1.00097e-08,999.999
1.01304,989.989,1.00096e-08,999.999
1.01304,989.989,1.00095e-08,999.999
1.01305,989.989,1.00094e-08,999.999
1.01305,989.989,1.00093e-08,999.999
1.01305,989.989,1.00092e-08,999.999
1.01305,989.989,1.00091e-08,999.999
1.01306,989.99,1.00091e-08,999.999
1.01306,989.99,1.0009e-08,999.999
1.01306,989.99,1.00089e-08,999.999
1.01306,989.99,1.00088e-08,999.999
1.01306,989.99,1.00087e-08,999.999
1.01307,989.99,1.00086e-08,999.999
1.01307,989.99,1.00085e-08,999.999
1.01307,989.99,1.00084e-08,999.999
1.01307,989.99,1.00083e-08,999.999
1.01307,989.99,1.00082e-08,999.999
1.01307,989.99,1.00081e-08,999.999
1.01308,989.991,1.00081e-08,999.999
1.01308,989.991,1.0008e-08,999.999
1.01308,989.991,1.00079e-08,999.999
1.01308,989.991,1.00078e-08,999.999
1.01309,989.991,1.00077e-08,999.999
1.01309,989.991,1.00076e-08,999.999
1.01309,989.991,1.00075e-08,999.999
1.01309,989.991,1.00074e-08,999.999
1.01309,989.991,1.00073e-08,999.999
1.0131,989.991,1.00072e-08,999.999
1.0131,989.991,1.00071e-08,999.999
1.0131,989.992,1.00071e-08,999.999
1.0131,989.992,1.0007e-08,999.999
1.0131,989.992,1.00069e-08,999.999
1.0131,989.992,1.00068e-08,999.999
1.01311,989.992,1.00067e-08,999.999
1.01311,989.992,1.00066e-08,999.999
1.01311,989.992,1.00065e-08,999.999
1.01311,989.992,1.00064e-08,999.999
1.01311,989.992,1.00063e-08,999.999
1.01312,989.992,1.00062e-08,999.999
1.01312,989.992,1.00061e-08,999.999
1.01312,989.993,1.00061e-08,999.999
1.01312,989.993,1.0006e-08,999.999
1.01313,989.993,1.00059e-08,999.999
1.01313,989.993,1.00058e-08,999.999
1.01313,989.993,1.00057e-08,999.999
1.01313,989.993,1.00056e-08,999.999
1.01313,989.993,1.00055e-08,999.999
1.01313,989.993,1.00054e-08,999.999
1.01314,989.993,1.00054e-08,999.999
1.01314,989.993,1.00053e-08,999.999
1.01314,989.993,1.00053e-08,999.999
1.01314,989.993,1.00053e-08,999.999
1.01314,989.993,1.00053e-08,999.999
1.01314,989.993,1.00053e-08,999.999
1.01314,989.995,1.16884,999.974
1.01314,989.997,3.36529,999.899
1.01314,990.001,6.14218,999.724
1.01314,990.004,8.8546,999.462
1.01314,990.005,9.18145,999.424
1.01314,990.006,9.8323,999.344
1.01314,990.008,11.1158,999.169
1.01314,990.012,13.5999,998.761
1.01314,990.021,18.1617,997.735
1.01314,990.04,25.1765,995.022
1.01314,990.069,29.3673,989.765
1.01314,990.098,16.4303,983.443
1.01314,990.095,2.19597,985.022
1.01314,990.089,-3.19282,989.136
1.01315,990.09,-0.555589,994.012
1.01315,990.106,10.2456,997.937
1.01315,990.157,32.4519,998.789
1.01315,990.236,49.9004,993.362
1.01315,990.316,47.4817,985.949
1.01315,990.373,28.4735,985.388
1.01315,990.399,22.2254,990.673
1.01316,990.455,33.4744,997.35
1.01316,990.563,58.6986,997.914
1.01316,990.708,72.5906,990.566
1.01316,990.83,60.6348,985.261
1.01316,990.921,45.8205,989.296
1.01317,991.029,54.0675,996.978
1.01317,991.187,78.7283,997.834
1.01317,991.368,90.7616,991.077
1.01317,991.527,79.1448,986.35
1.01317,991.657,65.3171,990.209
1.01318,991.803,72.8058,997.272
1.01318,991.993,95.0254,997.97
1.01318,992.204,105.285,991.757
1.01318,992.391,93.9155,987.551
1.01318,992.553,80.8987,991.235
1.01319,992.728,87.5804,997.725
1.01319,992.943,107.474,998.284
1.01319,993.175,116.058,992.574
1.01319,993.385,104.87,988.835
1.01319,993.57,92.5238,992.343
1.0132,993.767,98.3777,998.303
1.0132,993.999,116.074,998.74
1.0132,994.245,123.09,993.491
1.0132,994.469,112.042,990.17
1.0132,994.67,100.26,993.503
1.01321,994.881,105.29,998.974
1.01321,995.122,120.928,999.301
1.01321,995.375,126.495,994.476
1.01321,995.607,115.569,991.527
1.01321,995.815,104.273,994.686
1.01322,996.032,108.505,999.702
1.01322,996.277,122.233,999.932
1.01322,996.53,126.479,995.494
1.01322,996.761,115.673,992.877
1.01322,996.97,104.812,995.865
1.01323,997.187,108.29,1000.46
1.01323,997.428,120.264,1000.6
1.01323,997.674,123.322,996.517
1.01323,997.9,112.652,994.194
1.01323,998.104,102.196,997.011
1.01324,998.314,104.979,1001.21
1.01324,998.545,115.36,1001.28
1.01324,998.779,117.368,997.516
1.01324,998.993,106.864,995.453
1.01324,999.187,96.8004,998.103
1.01325,999.385,98.9606,1001.94
1.01325,999.6,107.911,1001.93
1.01325,999.818,109.007,998.467
1.01325,1000.02,98.7073,996.633
1.01325,1000.19,89.04,999.119
1.01326,1000.38,90.657,1002.62
1.01326,1000.57,98.3386,1002.55
1.01326,1000.77,98.6618,999.349
1.01326,1000.95,88.6125,997.716
1.01326,1001.11,79.3553,1000.04
1.01327,1001.27,80.5141,1003.23
1.01327,1001.44,87.0862,1003.1
1.01327,1001.61,86.7723,1000.15
1.01327,1001.77,77.0234,998.69
1.01327,1001.9,68.198,1000.86
1.01328,1002.04,68.986,1003.75
1.01328,1002.19,74.6027,1003.57
1.01328,1002.34,73.7821,1000.84
1.01328,1002.47,64.3851,999.542
1.01328,1002.58,56.018,1001.56
1.01329,1002.69,56.5221,1004.19
1.01329,1002.82,61.3303,1003.96
1.01329,1002.94,60.1265,1001.43
1.01329,1003.04,51.132,1000.27
1.01329,1003.12,43.2511,1002.14
1.0133,1003.21,43.5555,1004.52
1.0133,1003.31,47.6931,1004.25
1.0133,1003.4,46.2208,1001.91
1.0133,1003.47,37.6761,1000.86
1.0133,1003.54,30.3092,1002.6
1.01331,1003.6,30.4929,1004.75
1.01331,1003.66,34.0873,1004.44
1.01331,1003.73,32.4512,1002.27
1.01331,1003.78,24.3987,1001.33
1.01331,1003.81,17.5705,1002.93
1.01332,1003.85,17.706,1004.87
1.01332,1003.89,20.8728,1004.53
1.01332,1003.93,19.1664,1002.51
1.01332,1003.95,11.6421,1001.67
1.01332,1003.96,5.37318,1003.15
1.01332,1003.97,5.12186,1004.64
1.01333,1003.98,7.62814,1004.96
1.01333,1004,8.84555,1003.94
1.01333,1004,5.87099,1002.32
1.01333,1004,-0.861004,1001.97
1.01333,1003.99,-5.13927,1003.08
1.01333,1003.99,-5.76081,1004.45
1.01334,1003.98,-3.5571,1004.88
1.01334,1003.98,-2.33363,1004.35
1.01334,1003.98,-2.53112,1003.4
1.01334,1003.97,-4.66063,1002.46
1.01334,1003.95,-11.2804,1002.12
1.01334,1003.92,-15.4872,1003.49
1.01334,1003.89,-14.6023,1004.7
1.01335,1003.86,-12.4803,1004.06
1.01335,1003.83,-14.7093,1002.47
1.01335,1003.79,-20.6736,1002.1
1.01335,1003.74,-24.6021,1003.38
1.01335,1003.7,-23.6221,1004.46
1.01336,1003.65,-21.583,1003.82
1.01336,1003.61,-23.5717,1002.35
1.01336,1003.55,-28.9232,1002.02
1.01336,1003.48,-32.3215,1003.19
1.01336,1003.42,-31.2153,1004.14
1.01337,1003.36,-29.2081,1003.52
1.01337,1003.3,-30.929,1002.16
1.01337,1003.23,-35.676,1001.86
1.01337,1003.15,-38.5541,1002.93
1.01337,1003.08,-37.3008,1003.78
1.01338,1003.01,-35.2871,1003.17
1.01338,1002.93,-36.7237,1001.91
1.01338,1002.85,-40.8825,1001.64
1.01338,1002.77,-43.2577,1002.62
1.01338,1002.68,-41.8462,1003.37
1.01339,1002.6,-39.7992,1002.78
1.01339,1002.52,-40.9453,1001.61
1.01339,1002.43,-44.5397,1001.37
1.01339,1002.34,-46.436,1002.26
1.01339,1002.25,-44.8641,1002.93
1.0134,1002.16,-42.7676,1002.36
1.0134,1002.08,-43.6263,1001.28
1.0134,1001.98,-46.6866,1001.07
1.0134,1001.89,-48.1343,1001.89
1.0134,1001.79,-46.4076,1002.47
1.01341,1001.7,-44.255,1001.92
1.01341,1001.62,-44.8377,1000.93
1.01341,1001.52,-47.3998,1000.74
1.01341,1001.42,-48.4341,1001.49
1.01341,1001.33,-46.5655,1002.01
1.01342,1001.24,-44.3584,1001.49
1.01342,1001.15,-44.6833,1000.57
1.01342,1001.06,-46.7879,1000.41
1.01342,1000.96,-47.4483,1001.09
1.01342,1000.87,-45.4563,1001.55
1.01343,1000.79,-43.2031,1001.06
1.01343,1000.7,-43.2942,1000.21
1.01343,1000.61,-44.9856,1000.08
1.01343,1000.52,-45.3146,1000.71
1.01343,1000.43,-43.2223,1001.11
1.01344,1000.35,-40.9372,1000.64
1.01344,1000.27,-40.8229,999.869
1.01344,1000.18,-42.1477,999.757
1.01344,1000.1,-42.19,1000.34
1.01344,1000.02,-40.024,1000.7
1.01345,999.945,-37.7252,1000.26
1.01345,999.87,-37.4371,999.55
1.01345,999.793,-38.4433,999.459
1.01345,999.717,-38.2445,999.998
1.01345,999.645,-36.0334,1000.32
1.01346,999.577,-33.7424,999.907
1.01346,999.511,-33.3139,999.261
1.01346,999.443,-34.0498,999.19
1.01346,999.375,-33.6553,999.69
1.01346,999.312,-31.4291,999.981
1.01347,999.254,-29.1689,999.595
1.01347,999.197,-28.6343,999.008
1.01347,999.139,-29.1471,998.956
1.01347,999.081,-28.6015,999.422
1.01347,999.029,-26.39,999.684
1.01348,998.98,-24.1843,999.326
1.01348,998.933,-23.5775,998.795
1.01348,998.885,-23.913,998.761
1.01348,998.839,-23.259,999.196
1.01348,998.797,-21.0911,999.435
1.01349,998.759,-18.9632,999.104
1.01349,998.722,-18.3168,998.625
1.01349,998.685,-18.5183,998.608
1.01349,998.649,-17.7957,999.015
1.01349,998.618,-15.6987,999.234
1.0135,998.591,-13.6707,998.93
1.0135,998.565,-13.0154,998.499
1.0135,998.538,-13.1227,998.498
1.0135,998.514,-12.3681,998.88
1.0135,998.493,-10.3668,999.081
1.01351,998.476,-8.45875,998.804
1.01351,998.46,-7.82227,998.418
1.01351,998.445,-7.87167,998.431
1.01351,998.43,-7.11794,998.791
1.01351,998.42,-5.23393,998.977
1.01352,998.413,-3.46325,998.724
1.01352,998.407,-2.87023,998.38
1.01352,998.401,-2.89371,998.406
1.01352,998.397,-2.16933,998.745
1.01352,998.396,-0.420907,998.917
1.01353,998.399,1.19802,998.689
1.01353,998.402,1.71544,998.389
1.01353,998.405,1.67583,998.404
1.01353,998.41,2.27552,998.718
1.01353,998.417,3.74083,998.901
1.01354,998.427,5.27744,998.729
1.01354,998.439,5.84224,998.442
1.01354,998.451,5.78988,998.445
1.01354,998.463,6.2771,998.737
1.01354,998.479,7.65536,998.922
1.01355,998.497,9.01742,998.767
1.01355,998.516,9.47816,998.512
1.01355,998.534,9.38201,998.527
1.01355,998.554,9.79068,998.803
1.01355,998.576,11.0086,998.977
1.01356,998.6,12.1925,998.838
1.01356,998.625,12.541,998.612
1.01356,998.65,12.3876,998.637
1.01356,998.676,12.7066,998.898
1.01356,998.703,13.7607,999.06
1.01357,998.733,14.7661,998.935
1.01357,998.763,14.9981,998.735
1.01357,998.792,14.7786,998.769
1.01357,998.822,15.0011,999.016
1.01357,998.854,15.8914,999.167
1.01358,998.887,16.7216,999.055
1.01358,998.921,16.8365,998.878
1.01358,998.954,16.5458,998.918
1.01358,998.987,16.6691,999.151
1.01358,999.022,17.3991,999.292
1.01359,999.058,18.0604,999.191
1.01359,999.095,18.0609,999.035
1.01359,999.13,17.698,999.08
1.01359,999.165,17.7229,999.299
1.01359,999.202,18.2995,999.429
1.0136,999.24,18.801,999.338
1.0136,999.277,18.6927,999.2
1.0136,999.313,18.2597,999.248
1.0136,999.35,18.1902,999.453
1.0136,999.387,18.6228,999.573
1.01361,999.425,18.976,999.491
1.01361,999.463,18.7673,999.368
1.01361,999.499,18.2692,999.418
1.01361,999.535,18.1123,999.61
1.01361,999.572,18.4124,999.72
1.01362,999.609,18.6308,999.644
1.01362,999.646,18.3321,999.536
1.01362,999.682,17.7764,999.586
1.01362,999.717,17.5411,999.765
1.01362,999.752,17.7224,999.865
1.01363,999.788,17.8208,999.795
1.01363,999.823,17.4442,999.698
1.01363,999.856,16.8402,999.748
1.01363,999.889,16.5374,999.913
1.01363,999.923,16.6145,1000
1.01364,999.956,16.6091,999.938
1.01364,999.988,16.1679,999.851
1.01364,1000.02,15.5263,999.9
1.01364,1000.05,15.168,1000.05
1.01364,1000.08,15.1566,1000.13
1.01365,1000.11,15.064,1000.07
1.01365,1000.14,14.5721,999.991
1.01365,1000.17,13.9045,1000.04
1.01365,1000.19,13.5036,1000.18
1.01365,1000.22,13.4198,1000.25
1.01366,1000.25,13.2568,1000.19
1.01366,1000.27,12.7286,1000.12
1.01366,1000.3,12.047,1000.16
1.01366,1000.32,11.6166,1000.29
1.01366,1000.34,11.4763,1000.35
1.01367,1000.37,11.2595,1000.29
1.01367,1000.39,10.709,1000.23
1.01367,1000.41,10.0255,1000.27
1.01367,1000.43,9.57866,1000.38
1.01367,1000.45,9.3975,1000.44
1.01368,1000.46,9.14286,1000.38
1.01368,1000.48,8.58377,1000.32
1.01368,1000.5,7.90994,1000.35
1.01368,1000.51,7.4592,1000.46
1.01368,1000.53,7.25189,1000.5
1.01369,1000.54,6.97445,1000.45
1.01369,1000.55,6.41957,1000.39
1.01369,1000.56,5.76639,1000.42
1.01369,1000.57,5.32347,1000.52
1.01369,1000.58,5.10369,1000.55
1.0137,1000.59,4.81728,1000.5
1.0137,1000.6,4.27832,1000.44
1.0137,1000.61,3.65575,1000.47
1.0137,1000.62,3.23126,1000.56
1.0137,1000.62,3.0114,1000.59
1.01371,1000.63,2.72842,1000.53
1.01371,1000.63,2.21574,1000.48
1.01371,1000.64,1.6325,1000.5
1.01371,1000.64,1.23578,1000.58
1.01371,1000.64,1.02669,1000.6
1.01372,1000.64,0.757959,1000.55
1.01372,1000.64,0.280428,1000.5
1.01372,1000.64,-0.256131,1000.52
1.01372,1000.64,-0.617219,1000.58
1.01372,1000.64,-0.806305,1000.6
1.01373,1000.64,-1.05169,1000.55
1.01373,1000.63,-1.48681,1000.5
1.01373,1000.63,-1.97085,1000.52
1.01373,1000.63,-2.28999,1000.57
1.01373,1000.62,-2.45156,1000.58
1.01374,1000.62,-2.66628,1000.53
1.01374,1000.61,-3.05338,1000.49
1.01374,1000.6,-3.48061,1000.5
1.01374,1000.59,-3.75311,1000.55
1.01374,1000.59,-3.88139,1000.56
1.01375,1000.58,-4.05988,1000.51
1.01375,1000.57,-4.39503,1000.46
1.01375,1000.56,-4.76275,1000.47
1.01375,1000.55,-4.9855,1000.51
1.01375,1000.54,-5.07644,1000.51
1.01376,1000.53,-5.21488,1000.47
1.01376,1000.52,-5.49579,1000.42
1.01376,1000.51,-5.80281,1000.43
1.01376,1000.5,-5.97427,1000.46
1.01376,1000.48,-6.02545,1000.46
1.01377,1000.47,-6.1217,1000.42
1.01377,1000.46,-6.34762,1000.37
1.01377,1000.45,-6.5942,1000.38
1.01377,1000.43,-6.7143,1000.41
1.01377,1000.42,-6.72486,1000.41
1.01378,1000.4,-6.77833,1000.36
1.01378,1000.39,-6.94995,1000.32
1.01378,1000.38,-7.13771,1000.32
1.01378,1000.36,-7.20771,1000.35
1.01378,1000.35,-7.17822,1000.35
1.01379,1000.33,-7.1897,1000.3
1.01379,1000.32,-7.30901,1000.26
1.01379,1000.3,-7.44075,1000.27
1.01379,1000.29,-7.46313,1000.29
1.01379,1000.27,-7.39539,1000.28
1.0138,1000.26,-7.36692,1000.24
1.0138,1000.24,-7.43705,1000.2
1.0138,1000.23,-7.5166,1000.2
1.0138,1000.21,-7.49487,1000.22
1.0138,1000.2,-7.39177,1000.21
1.01381,1000.19,-7.32645,1000.17
1.01381,1000.17,-7.35148,1000.14
1.01381,1000.16,-7.38354,1000.14
1.01381,1000.14,-7.32205,1000.16
1.01381,1000.13,-7.18736,1000.15
1.01382,1000.11,-7.08914,1000.11
1.01382,1000.1,-7.0739,1000.08
1.01382,1000.08,-7.06384,1000.08
1.01382,1000.07,-6.96762,1000.09
1.01382,1000.06,-6.8058,1000.09
1.01383,1000.04,-6.6793,1000.05
1.01383,1000.03,-6.62918,1000.02
1.01383,1000.02,-6.58286,1000.02
1.01383,1000,-6.45741,1000.04
1.01383,999.992,-6.27341,1000.03
1.01384,999.979,-6.12371,999.994
1.01384,999.967,-6.04448,999.968
1.01384,999.955,-5.96805,999.969
1.01384,999.944,-5.81913,999.981
1.01384,999.932,-5.61822,999.973
1.01385,999.922,-5.45068,999.943
1.01385,999.911,-5.3483,999.919
1.01385,999.9,-5.24801,999.921
1.01385,999.89,-5.08153,999.932
1.01385,999.88,-4.86908,999.925
1.01386,999.871,-4.68914,999.898
1.01386,999.862,-4.56958,999.877
1.01386,999.853,-4.45165,999.879
1.01386,999.845,-4.27342,999.89
1.01386,999.836,-4.05478,999.884
1.01387,999.829,-3.86781,999.859
1.01387,999.821,-3.7369,999.841
1.01387,999.814,-3.60733,999.844
1.01387,999.807,-3.42298,999.855
1.01387,999.801,-3.20329,999.85
1.01388,999.795,-3.01444,999.828
1.01388,999.789,-2.87772,999.812
1.01388,999.783,-2.74219,999.817
1.01388,999.778,-2.557,999.827
1.01388,999.774,-2.34106,999.823
1.01389,999.769,-2.15515,999.804
1.01389,999.765,-2.01774,999.791
1.01389,999.762,-1.88147,999.796
1.01389,999.758,-1.70027,999.807
1.01389,999.755,-1.49247,999.804
1.0139,999.753,-1.31384,999.788
1.0139,999.75,-1.18039,999.777
1.0139,999.748,-1.04805,999.783
1.0139,999.746,-0.875116,999.794
1.0139,999.745,-0.679316,999.792
1.01391,999.744,-0.511792,999.778
1.01391,999.743,-0.386334,999.77
1.01391,999.743,-0.26199,999.777
1.01391,999.742,-0.101016,999.788
1.01391,999.743,0.0795188,999.787
1.01392,999.743,0.232723,999.776
1.01392,999.744,0.346769,999.769
1.01392,999.745,0.459712,999.777
1.01392,999.746,0.605697,999.789
1.01392,999.747,0.768326,999.789
1.01393,999.749,0.904628,999.779
1.01393,999.751,1.00452,999.775
1.01393,999.753,1.10334,999.783
1.01393,999.756,1.23198,999.795
1.01393,999.759,1.37471,999.796
1.01394,999.762,1.49218,999.789
1.01394,999.765,1.57585,999.786
1.01394,999.768,1.65853,999.795
1.01394,999.772,1.76813,999.807
1.01394,999.775,1.88963,999.809
1.01395,999.779,1.98699,999.803
1.01395,999.784,2.05303,999.801
1.01395,999.788,2.11822,999.811
1.01395,999.792,2.20776,999.823
1.01395,999.797,2.30733,999.825
1.01396,999.802,2.38394,999.821
1.01396,999.806,2.43161,999.821
1.01396,999.811,2.4786,999.83
1.01396,999.816,2.54769,999.842
1.01396,999.822,2.62522,999.845
1.01397,999.827,2.68103,999.842
1.01397,999.833,2.71017,999.843
1.01397,999.838,2.73888,999.853
1.01397,999.844,2.78769,999.864
1.01397,999.849,2.84364,999.868
1.01398,999.855,2.87914,999.866
1.01398,999.861,2.89016,999.867
1.01398,999.867,2.90104,999.877
1.01398,999.872,2.93029,999.888
1.01398,999.878,2.96561,999.892
1.01399,999.884,2.98177,999.891
1.01399,999.89,2.97557,999.893
1.01399,999.896,2.96955,999.903
1.01399,999.902,2.9804,999.913
1.01399,999.908,2.99647,999.917
1.014,999.914,2.9947,999.916
1.014,999.92,2.97259,999.919
1.014,999.926,2.95102,999.928
1.014,999.932,2.94503,999.938
1.014,999.938,2.94358,999.942
1.01401,999.944,2.92561,999.942
1.01401,999.949,2.88925,999.945
1.01401,999.955,2.85381,999.954
1.01401,999.961,2.83283,999.963
1.01401,999.966,2.81588,999.967
1.01402,999.972,2.78374,999.967
1.01402,999.977,2.73503,999.97
1.01402,999.983,2.68766,999.978
1.01402,999.988,2.65379,999.987
1.01402,999.993,2.62357,999.99
1.01403,999.999,2.57944,999.99
1.01403,1000,2.52051,999.993
1.01403,1000.01,2.46331,1000
1.01403,1000.01,2.41878,1000.01
1.01403,1000.02,2.37764,1000.01
1.01404,1000.02,2.32385,1000.01
1.01404,1000.03,2.25691,1000.01
1.01404,1000.03,2.19209,1000.02
1.01404,1000.04,2.13924,1000.03
1.01404,1000.04,2.08958,1000.03
1.01405,1000.04,2.0285,1000.03
1.01405,1000.05,1.9558,1000.03
1.01405,1000.05,1.88561,1000.04
1.01405,1000.06,1.82676,1000.05
1.01405,1000.06,1.77098,1000.05
1.01406,1000.06,1.70494,1000.05
1.01406,1000.07,1.62871,1000.05
1.01406,1000.07,1.55537,1000.05
1.01406,1000.07,1.49278,1000.06
1.01406,1000.07,1.4332,1000.06
1.01407,1000.08,1.36446,1000.06
1.01407,1000.08,1.28686,1000.06
1.01407,1000.08,1.21246,1000.07
1.01407,1000.08,1.14832,1000.07
1.01407,1000.09,1.08713,1000.07
1.01408,1000.09,1.0178,1000.07
1.01408,1000.09,0.940837,1000.07
1.01408,1000.09,0.867351,1000.08
1.01408,1000.09,0.803651,1000.08
1.01408,1000.1,0.742876,1000.08
1.01409,1000.1,0.674908,1000.08
1.01409,1000.1,0.6004,1000.08
1.01409,1000.1,0.529607,1000.08
1.01409,1000.1,0.468155,1000.09
1.01409,1000.1,0.409597,1000.09
1.0141,1000.1,0.344713,1000.08
1.0141,1000.1,0.274274,1000.08
1.0141,1000.1,0.207736,1000.09
1.0141,1000.1,0.150106,1000.09
1.0141,1000.1,0.0953335,1000.09
1.01411,1000.1,0.0350141,1000.09
1.01411,1000.1,-0.0299838,1000.09
1.01411,1000.1,-0.0909522,1000.09
1.01411,1000.1,-0.143437,1000.09
1.01411,1000.1,-0.193116,1000.09
1.01412,1000.1,-0.247649,1000.09
1.01412,1000.1,-0.306094,1000.09
1.01412,1000.1,-0.360434,1000.09
1.01412,1000.1,-0.406715,1000.09
1.01412,1000.1,-0.450264,1000.09
1.01413,1000.1,-0.498058,1000.08
1.01413,1000.1,-0.549102,1000.08
1.01413,1000.1,-0.59602,1000.08
1.01413,1000.09,-0.635309,1000.08
1.01413,1000.09,-0.671962,1000.08
1.01414,1000.09,-0.712336,1000.08
1.01414,1000.09,-0.755397,1000.08
1.01414,1000.09,-0.794364,1000.08
1.01414,1000.09,-0.826139,1000.08
1.01414,1000.08,-0.8554,1000.08
1.01415,1000.08,-0.887935,1000.07
1.01415,1000.08,-0.92269,1000.07
1.01415,1000.08,-0.953431,1000.07
1.01415,1000.08,-0.977425,1000.07
1.01415,1000.08,-0.999052,1000.07
1.01416,1000.07,-1.02358,1000.06
1.01416,1000.07,-1.04995,1000.06
1.01416,1000.07,-1.07244,1000.06
1.01416,1000.07,-1.08862,1000.06
1.01416,1000.06,-1.10261,1000.06
1.01417,1000.06,-1.11921,1000.06
1.01417,1000.06,-1.13734,1000.05
1.01417,1000.06,-1.15175,1000.05
1.01417,1000.06,-1.16032,1000.05
1.01417,1000.05,-1.16689,1000.05
1.01418,1000.05,-1.17582,1000.05
1.01418,1000.05,-1.18606,1000.04
1.01418,1000.05,-1.19278,1000.04
1.01418,1000.04,-1.19412,1000.04
1.01418,1000.04,-1.19368,1000.04
1.01419,1000.04,-1.19541,1000.04
1.01419,1000.04,-1.19828,1000.03
1.01419,1000.03,-1.19786,1000.03
1.01419,1000.03,-1.19253,1000.03
1.01419,1000.03,-1.18563,1000.03
1.0142,1000.03,-1.18078,1000.03
1.0142,1000.02,-1.17695,1000.02
1.0142,1000.02,-1.17008,1000.02
1.0142,1000.02,-1.15875,1000.02
1.0142,1000.02,-1.1461,1000.02
1.01421,1000.02,-1.13541,1000.02
1.01421,1000.01,-1.12566,1000.01
1.01421,1000.01,-1.11314,1000.01
1.01421,1000.01,-1.09662,1000.01
1.01421,1000.01,-1.07901,1000.01
1.01422,1000,-1.0633,1000.01
1.01422,1000,-1.0485,1000
1.01422,1000,-1.03121,1000
1.01422,999.998,-1.01035,1000
1.01422,999.996,-0.988652,1000
1.01423,999.995,-0.968815,999.997
1.01423,999.993,-0.949891,999.996
1.01423,999.991,-0.928745,999.995
1.01423,999.989,-0.904463,999.994
1.01423,999.987,-0.879576,999.992
1.01424,999.985,-0.856538,999.989
1.01424,999.984,-0.834428,999.988
1.01424,999.982,-0.810374,999.987
1.01424,999.981,-0.783588,999.986
1.01424,999.979,-0.756427,999.984
1.01425,999.978,-0.731114,999.982
1.01425,999.976,-0.70676,999.981
1.01425,999.975,-0.68073,999.98
1.01425,999.974,-0.652351,999.98
1.01425,999.972,-0.623814,999.978
1.01426,999.971,-0.59713,999.976
1.01426,999.97,-0.571444,999.975
1.01426,999.969,-0.544339,999.975
1.01426,999.968,-0.515242,999.974
1.01426,999.967,-0.486186,999.973
1.01427,999.966,-0.458992,999.972
1.01427,999.965,-0.432835,999.971
1.01427,999.964,-0.405502,999.971
1.01427,999.964,-0.376504,999.97
1.01427,999.963,-0.347728,999.969
1.01428,999.962,-0.320821,999.968
1.01428,999.962,-0.294987,999.968
1.01428,999.961,-0.2682,999.967
1.01428,999.961,-0.240044,999.967
1.01428,999.96,-0.212271,999.967
1.01429,999.96,-0.186366,999.966
1.01429,999.959,-0.161567,999.965
1.01429,999.959,-0.136013,999.966
1.01429,999.959,-0.109357,999.966
1.01429,999.959,-0.0832199,999.965
1.0143,999.959,-0.058942,999.964
1.0143,999.959,-0.0357913,999.964
1.0143,999.959,-0.0120621,999.965
1.0143,999.959,0.0125355,999.965
1.0143,999.959,0.0365013,999.965
1.01431,999.959,0.0586287,999.964
1.01431,999.959,0.0796188,999.964
1.01431,999.959,0.101036,999.965
1.01431,999.959,0.12312,999.965
1.01431,999.96,0.144484,999.965
1.01432,999.96,0.164044,999.965
1.01432,999.96,0.182469,999.965
1.01432,999.961,0.201194,999.966
1.01432,999.961,0.220417,999.967
1.01432,999.962,0.238857,999.967
1.01433,999.962,0.255538,999.967
1.01433,999.963,0.271102,999.967
1.01433,999.963,0.286864,999.968
1.01433,999.964,0.302985,999.969
1.01433,999.965,0.318283,999.969
1.01434,999.965,0.331882,999.969
1.01434,999.966,0.344395,999.97
1.01434,999.967,0.357028,999.971
1.01434,999.967,0.369912,999.971
1.01434,999.968,0.381952,999.972
1.01435,999.969,0.392368,999.972
1.01435,999.97,0.401743,999.973
1.01435,999.971,0.411183,999.974
1.01435,999.971,0.420789,999.975
1.01435,999.972,0.429556,999.975
1.01436,999.973,0.436784,999.976
1.01436,999.974,0.443027,999.976
1.01436,999.975,0.449301,999.977
1.01436,999.976,0.455684,999.978
1.01436,999.977,0.461248,999.979
1.01437,999.978,0.465369,999.98
1.01437,999.979,0.468574,999.98
1.01437,999.98,0.471795,999.981
1.01437,999.981,0.475088,999.982
1.01437,999.982,0.4776,999.983
1.01438,999.982,0.478773,999.984
1.01438,999.983,0.479109,999.984
1.01438,999.984,0.479461,999.985
1.01438,999.985,0.479869,999.986
1.01438,999.986,0.479547,999.987
1.01439,999.987,0.477998,999.988
1.01439,999.988,0.475697,999.989
1.01439,999.989,0.473428,999.99
1.01439,999.99,0.471214,999.99
1.01439,999.991,0.468332,999.991
1.0144,999.992,0.464339,999.992
1.0144,999.993,0.459688,999.993
1.0144,999.994,0.455092,999.994
1.0144,999.995,0.450566,999.994
1.0144,999.996,0.445442,999.995
1.01441,999.996,0.439327,999.996
1.01441,999.997,0.432648,999.997
1.01441,999.998,0.42606,999.997
1.01441,999.999,0.419564,999.998
1.01441,1000,0.412547,999.999
1.01442,1000,0.40466,999.999
1.01442,1000,0.396305,1000
1.01442,1000,0.388081,1000
1.01442,1000,0.379981,1000
1.01442,1000,0.371439,1000
1.01443,1000,0.362146,1000
1.01443,1000.01,0.352481,1000
1.01443,1000.01,0.342992,1000
1.01443,1000.01,0.333661,1000
1.01443,1000.01,0.32397,1000.01
1.01444,1000.01,0.313644,1000.01
1.01444,1000.01,0.303039,1000.01
1.01444,1000.01,0.292654,1000.01
1.01444,1000.01,0.282467,1000.01
1.01444,1000.01,0.271999,1000.01
1.01445,1000.01,0.261007,1000.01
1.01445,1000.01,0.249824,1000.01
1.01445,1000.01,0.238907,1000.01
1.01445,1000.01,0.228225,1000.01
1.01445,1000.01,0.21734,1000.01
1.01446,1000.01,0.206033,1000.01
1.01446,1000.01,0.194619,1000.01
1.01446,1000.01,0.183513,1000.01
1.01446,1000.01,0.17268,1000.01
1.01446,1000.01,0.161714,1000.01
1.01447,1000.01,0.150423,1000.01
1.01447,1000.01,0.1391,1000.01
1.01447,1000.02,0.128124,1000.01
1.01447,1000.02,0.117454,1000.01
1.01447,1000.02,0.106717,1000.01
1.01448,1000.02,0.0957414,1000.01
1.01448,1000.02,0.0848017,1000.01
1.01448,1000.02,0.0742413,1000.01
1.01448,1000.02,0.0640163,1000.01
1.01448,1000.02,0.0537819,1000.01
1.01449,1000.02,0.0433866,1000.01
1.01449,1000.02,0.0330855,1000.01
1.01449,1000.02,0.0231904,1000.01
1.01449,1000.02,0.013654,1000.01
1.01449,1000.02,0.00415821,1000.01
1.0145,1000.02,-0.00543162,1000.01
1.0145,1000.02,-0.0148783,1000.01
1.0145,1000.02,-0.0238992,1000.01
1.0145,1000.02,-0.0325443,1000.01
1.0145,1000.02,-0.0411074,1000.01
1.01451,1000.02,-0.0497083,1000.01
1.01451,1000.02,-0.0581267,1000.01
1.01451,1000.02,-0.0661069,1000.01
1.01451,1000.02,-0.073701,1000.01
1.01451,1000.02,-0.0811805,1000.01
1.01452,1000.02,-0.0886521,1000.01
1.01452,1000.02,-0.0959113,1000.01
1.01452,1000.02,-0.102727,1000.01
1.01452,1000.01,-0.109154,1000.01
1.01452,1000.01,-0.115442,1000.01
1.01453,1000.01,-0.121687,1000.01
1.01453,1000.01,-0.127699,1000.01
1.01453,1000.01,-0.133271,1000.01
1.01453,1000.01,-0.138456,1000.01
1.01453,1000.01,-0.143488,1000.01
1.01454,1000.01,-0.14845,1000.01
1.01454,1000.01,-0.153168,1000.01
1.01454,1000.01,-0.157455,1000.01
1.01454,1000.01,-0.161366,1000.01
1.01454,1000.01,-0.165116,1000.01
1.01455,1000.01,-0.16878,1000.01
1.01455,1000.01,-0.172196,1000.01
1.01455,1000.01,-0.175197,1000.01
1.01455,1000.01,-0.177838,1000.01
1.01455,1000.01,-0.180318,1000.01
1.01456,1000.01,-0.182704,1000.01
1.01456,1000.01,-0.184847,1000.01
1.01456,1000.01,-0.186595,1000.01
1.01456,1000.01,-0.188005,1000.01
1.01456,1000.01,-0.189261,1000.01
1.01457,1000.01,-0.190422,1000.01
1.01457,1000.01,-0.19135,1000.01
1.01457,1000.01,-0.191911,1000.01
1.01457,1000.01,-0.19216,1000.01
1.01457,1000.01,-0.192266,1000.01
1.01458,1000.01,-0.192283,1000.01
1.01458,1000.01,-0.192084,1000.01
1.01458,1000.01,-0.191548,1000
1.01458,1000,-0.190729,1000
1.01458,1000,-0.189785,1000
1.01459,1000,-0.188763,1000
1.01459,1000,-0.187547,1000
1.01459,1000,-0.186026,1000
1.01459,1000,-0.184256,1000
1.01459,1000,-0.182381,1000
1.0146,1000,-0.180443,1000
1.0146,1000,-0.178336,1000
1.0146,1000,-0.17596,1000
1.0146,1000,-0.173369,1000
1.0146,1000,-0.170697,1000
1.01461,1000,-0.16798,1000
1.01461,1000,-0.165121,1000
1.01461,1000,-0.162031,1000
1.01461,999.999,-0.158761,1000
1.01461,999.999,-0.155435,1000
1.01462,999.999,-0.152085,999.999
1.01462,999.998,-0.148621,999.999
1.01462,999.998,-0.144963,999.999
1.01462,999.998,-0.141162,999.999
1.01462,999.998,-0.137331,999.998
1.01463,999.997,-0.133497,999.998
1.01463,999.997,-0.129578,999.998
1.01463,999.997,-0.125503,999.998
1.01463,999.997,-0.121319,999.997
1.01463,999.996,-0.117131,999.997
1.01464,999.996,-0.112963,999.997
1.01464,999.996,-0.108738,999.997
1.01464,999.996,-0.104393,999.997
1.01464,999.996,-0.0999725,999.996
1.01464,999.995,-0.0955726,999.996
1.01465,999.995,-0.0912151,999.996
1.01465,999.995,-0.0868275,999.996
1.01465,999.995,-0.0823533,999.996
1.01465,999.995,-0.0778355,999.996
1.01465,999.995,-0.073362,999.995
1.01466,999.994,-0.0689511,999.995
1.01466,999.994,-0.0645358,999.995
1.01466,999.994,-0.0600652,999.995
1.01466,999.994,-0.0555798,999.995
1.01466,999.994,-0.0511602,999.995
1.01467,999.994,-0.0468216,999.995
1.01467,999.994,-0.0425019,999.995
1.01467,999.994,-0.038155,999.995
1.01467,999.994,-0.0338194,999.995
1.01467,999.994,-0.0295683,999.995
1.01468,999.993,-0.0254144,999.994
1.01468,999.993,-0.0212997,999.994
1.01468,999.993,-0.0171828,999.994
1.01468,999.993,-0.0130996,999.994
1.01468,999.993,-0.00911687,999.994
1.01469,999.993,-0.0052447,999.994
1.01469,999.993,-0.0014292,999.994
1.01469,999.993,0.00236737,999.994
1.01469,999.993,0.00611139,999.994
1.01469,999.993,0.00974218,999.994
1.0147,999.993,0.0132519,999.994
1.0147,999.993,0.016691,999.994
1.0147,999.993,0.0200936,999.994
1.0147,999.994,0.0234286,999.994
1.0147,999.994,0.0266408,999.994
1.01471,999.994,0.0297247,999.994
1.01471,999.994,0.0327272,999.995
1.01471,999.994,0.0356796,999.995
1.01471,999.994,0.0385529,999.995
1.01471,999.994,0.0412973,999.995
1.01472,999.994,0.0439091,999.995
1.01472,999.994,0.0464323,999.995
1.01472,999.994,0.0488953,999.995
1.01472,999.994,0.0512715,999.995
1.01472,999.994,0.053516,999.995
1.01473,999.995,0.0556266,999.995
1.01473,999.995,0.0576445,999.995
1.01473,999.995,0.059596,999.995
1.01473,999.995,0.0614563,999.995
1.01473,999.995,0.063185,999.996
1.01474,999.995,0.0647815,999.996
1.01474,999.995,0.0662844,999.996
1.01474,999.995,0.0677178,999.996
1.01474,999.996,0.0690589,999.996
1.01474,999.996,0.0702715,999.996
1.01475,999.996,0.0713562,999.996
1.01475,999.996,0.0723493,999.996
1.01475,999.996,0.0732727,999.997
1.01475,999.996,0.0741058,999.997
1.01475,999.996,0.0748159,999.997
1.01476,999.997,0.0754047,999.997
1.01476,999.997,0.0759065,999.997
1.01476,999.997,0.0763412,999.997
1.01476,999.997,0.07669,999.997
1.01476,999.997,0.0769235,999.997
1.01477,999.997,0.0770447,999.998
1.01477,999.998,0.0770852,999.998
1.01477,999.998,0.0770638,999.998
1.01477,999.998,0.076963,999.998
1.01477,999.998,0.0767566,999.998
1.01478,999.998,0.0764483,999.998
1.01478,999.998,0.0760677,999.998
1.01478,999.998,0.0756321,999.998
1.01478,999.999,0.0751254,999.999
1.01478,999.999,0.0745243,999.999
1.01479,999.999,0.073833,999.999
1.01479,999.999,0.0730792,999.999
1.01479,999.999,0.0722788,999.999
1.01479,999.999,0.071417,999.999
1.01479,999.999,0.070473,999.999
1.0148,1000,0.0694513,999.999
1.0148,1000,0.0683781,1000
1.0148,1000,0.0672677,1000
1.0148,1000,0.0661066,1000
1.0148,1000,0.0648761,1000
1.01481,1000,0.0635811,1000
1.01481,1000,0.0622461,1000
1.01481,1000,0.0608839,1000
1.01481,1000,0.0594822,1000
1.01481,1000,0.0580244,1000
1.01482,1000,0.0565154,1000
1.01482,1000,0.054978,1000
1.01482,1000,0.0534239,1000
1.01482,1000,0.0518418,1000
1.01482,1000,0.0502165,1000
1.01483,1000,0.0485534,1000
1.01483,1000,0.0468733,1000
1.01483,1000,0.045187,1000
1.01483,1000,0.0434838,1000
1.01483,1000,0.0417502,1000
1.01484,1000,0.0399915,1000
1.01484,1000,0.038227,1000
1.01484,1000,0.0364662,1000
1.01484,1000,0.0346994,1000
1.01484,1000,0.0329142,1000
1.01485,1000,0.0311159,1000
1.01485,1000,0.0293221,1000
1.01485,1000,0.0275416,1000
1.01485,1000,0.025765,1000
1.01485,1000,0.0239813,1000
1.01486,1000,0.0221953,1000
1.01486,1000,0.0204235,1000
1.01486,1000,0.0186734,1000
1.01486,1000,0.0169364,1000
1.01486,1000,0.0152023,1000
1.01487,1000,0.0134758,1000
1.01487,1000,0.0117718,1000
1.01487,1000,0.0100971,1000
1.01487,1000,0.00844335,1000
1.01487,1000,0.00680133,1000
1.01488,1000,0.00517545,1000
1.01488,1000,0.00357932,1000
1.01488,1000,0.00201875,1000
1.01488,1000,0.000485875,1000
1.01488,1000,-0.00102785,1000
1.01489,1000,-0.0025183,1000
1.01489,1000,-0.00397313,1000
1.01489,1000,-0.00538737,1000
1.01489,1000,-0.00676851,1000
1.01489,1000,-0.00812449,1000
1.0149,1000,-0.0094515,1000
1.0149,1000,-0.0107384,1000
1.0149,1000,-0.011981,1000
1.0149,1000,-0.0131864,1000
1.0149,1000,-0.0143621,1000
1.01491,1000,-0.0155046,1000
1.01491,1000,-0.0166039,1000
1.01491,1000,-0.0176565,1000
1.01491,1000,-0.0186692,1000
1.01491,1000,-0.019649,1000
1.01492,1000,-0.0205928,1000
1.01492,1000,-0.0214916,1000
1.01492,1000,-0.0223426,1000
1.01492,1000,-0.0231523,1000
1.01492,1000,-0.0239274,1000
1.01493,1000,-0.0246649,1000
1.01493,1000,-0.025357,1000
1.01493,1000,-0.0260013,1000
1.01493,1000,-0.0266043,1000
1.01493,1000,-0.027172,1000
1.01494,1000,-0.027702,1000
1.01494,1000,-0.0281872,1000
1.01494,1000,-0.0286259,1000
1.01494,1000,-0.0290242,1000
1.01494,1000,-0.0293879,1000
1.01495,1000,-0.0297149,1000
1.01495,1000,-0.0299987,1000
1.01495,1000,-0.0302383,1000
1.01495,1000,-0.0304395,1000
1.01495,1000,-0.0306077,1000
1.01496,1000,-0.0307411,1000
1.01496,1000,-0.0308341,1000
1.01496,1000,-0.0308859,1000
1.01496,1000,-0.0309021,1000
1.01496,1000,-0.0308879,1000
1.01497,1000,-0.0308417,1000
1.01497,1000,-0.0307585,1000
1.01497,1000,-0.0306379,1000
1.01497,1000,-0.0304853,1000
1.01497,1000,-0.0303055,1000
1.01498,1000,-0.0300972,1000
1.01498,1000,-0.029856,1000
1.01498,1000,-0.0295816,1000
1.01498,1000,-0.0292795,1000
1.01498,1000,-0.0289539,1000
1.01499,1000,-0.0286038,1000
1.01499,1000,-0.0282253,1000
1.01499,1000,-0.0278185,1000
1.01499,1000,-0.0273883,1000
1.01499,1000,-0.026939,1000
1.015,1000,-0.0264695,1000
1.015,1000,-0.0259764,1000
1.015,1000,-0.0254599,1000
1.015,1000,-0.0249249,1000
1.015,1000,-0.0243751,1000
1.01501,1000,-0.0238097,1000
1.01501,1000,-0.0232256,1000
1.01501,1000,-0.0226234,1000
1.01501,1000,-0.0220073,1000
1.01501,1000,-0.0213811,1000
1.01502,1000,-0.0207438,1000
1.01502,999.999,-0.0200929,1000
1.01502,999.999,-0.0194288,1000
1.01502,999.999,-0.0187557,1000
1.01502,999.999,-0.0180768,1000
1.01503,999.999,-0.0173916,999.999
1.01503,999.999,-0.0166974,999.999
1.01503,999.999,-0.015995,999.999
1.01503,999.999,-0.0152881,999.999
1.01503,999.999,-0.0145799,999.999
1.01504,999.999,-0.0138695,999.999
1.01504,999.999,-0.0131549,999.999
1.01504,999.999,-0.0124366,999.999
1.01504,999.999,-0.0117181,999.999
1.01504,999.999,-0.0110023,999.999
1.01505,999.999,-0.0102885,999.999
1.01505,999.999,-0.00957458,999.999
1.01505,999.999,-0.00886121,999.999
1.01505,999.999,-0.00815168,999.999
1.01505,999.999,-0.00744846,999.999
1.01506,999.999,-0.00675083,999.999
1.01506,999.999,-0.00605695,999.999
1.01506,999.999,-0.00536739,999.999
1.01506,999.999,-0.00468516,999.999
1.01506,999.999,-0.00401246,999.999
1.01507,999.999,-0.00334855,999.999
1.01507,999.999,-0.00269171,999.999
1.01507,999.999,-0.00204246,999.999
1.01507,999.999,-0.00140354,999.999
1.01507,999.999,-0.000776872,999.999
1.01508,999.999,-0.000161686,999.999
1.01508,999.999,0.000443629,999.999
1.01508,999.999,0.00103863,999.999
1.01508,999.999,0.00162085,999.999
1.01508,999.999,0.00218862,999.999
1.01509,999.999,0.00274274,999.999
1.01509,999.999,0.00328476,999.999
1.01509,999.999,0.0038143,999.999
1.01509,999.999,0.00432917,999.999
1.01509,999.999,0.00482793,999.999
1.0151,999.999,0.00531143,999.999
1.0151,999.999,0.00578115,999.999
1.0151,999.999,0.0062368,999.999
1.0151,999.999,0.00667643,999.999
1.0151,999.999,0.00709885,999.999
1.01511,999.999,0.00750494,999.999
1.01511,999.999,0.00789614,999.999
1.01511,999.999,0.00827223,999.999
1.01511,999.999,0.0086315,999.999
1.01511,999.999,0.00897298,999.999
1.01512,999.999,0.00929759,999.999
1.01512,999.999,0.00960672,999.999
1.01512,999.999,0.00990024,999.999
1.01512,999.999,0.0101767,999.999
1.01512,999.999,0.0104352,999.999
1.01513,999.999,0.0106768,999.999
1.01513,999.999,0.0109029,999.999
1.01513,999.999,0.0111134,999.999
1.01513,999.999,0.0113069,999.999
1.01513,999.999,0.011483,999.999
1.01514,999.999,0.0116425,999.999
1.01514,999.999,0.0117869,999.999
1.01514,999.999,0.0119161,999.999
1.01514,999.999,0.012029,999.999
1.01514,999.999,0.0121252,1000
1.01515,999.999,0.0122057,1000
1.01515,1000,0.0122718,1000
1.01515,1000,0.0123235,1000
1.01515,1000,0.01236,1000
1.01515,1000,0.0123809,1000
1.01516,1000,0.0123872,1000
1.01516,1000,0.0123803,1000
1.01516,1000,0.0123602,1000
1.01516,1000,0.0123261,1000
1.01516,1000,0.0122779,1000
1.01517,1000,0.0122166,1000
1.01517,1000,0.0121434,1000
1.01517,1000,0.0120585,1000
1.01517,1000,0.0119612,1000
1.01517,1000,0.0118514,1000
1.01518,1000,0.0117302,1000
1.01518,1000,0.0115987,1000
1.01518,1000,0.0114571,1000
1.01518,1000,0.0113049,1000
1.01518,1000,0.011142,1000
1.01519,1000,0.0109695,1000
1.01519,1000,0.0107885,1000
1.01519,1000,0.0105992,1000
1.01519,1000,0.0104012,1000
1.01519,1000,0.0101944,1000
1.0152,1000,0.00997993,1000
1.0152,1000,0.00975879,1000
1.0152,1000,0.00953121,1000
1.0152,1000,0.00929682,1000
1.0152,1000,0.00905571,1000
1.01521,1000,0.00880882,1000
1.01521,1000,0.00855715,1000
1.01521,1000,0.00830093,1000
1.01521,1000,0.00803984,1000
1.01521,1000,0.007774,1000
1.01522,1000,0.0075043,1000
1.01522,1000,0.00723167,1000
1.01522,1000,0.00695634,1000
1.01522,1000,0.00667803,1000
1.01522,1000,0.00639688,1000
1.01523,1000,0.00611372,1000
1.01523,1000,0.00582942,1000
1.01523,1000,0.00554418,1000
1.01523,1000,0.00525775,1000
1.01523,1000,0.00497028,1000
1.01524,1000,0.00468253,1000
1.01524,1000,0.00439532,1000
1.01524,1000,0.0041088,1000
1.01524,1000,0.00382276,1000
1.01524,1000,0.00353731,1000
1.01525,1000,0.0032532,1000
1.01525,1000,0.00297112,1000
1.01525,1000,0.00269121,1000
1.01525,1000,0.00241327,1000
1.01525,1000,0.00213741,1000
1.01526,1000,0.00186428,1000
1.01526,1000,0.00159453,1000
1.01526,1000,0.00132824,1000
1.01526,1000,0.00106522,1000
1.01526,1000,0.000805546,1000
1.01527,1000,0.000549816,1000
1.01527,1000,0.000298586,1000
1.01527,1000,5.19205e-05,1000
1.01527,1000,-0.0001904,1000
1.01527,1000,-0.000428303,1000
1.01528,1000,-0.000661274,1000
1.01528,1000,-0.000888831,1000
1.01528,1000,-0.00111095,1000
1.01528,1000,-0.00132785,1000
1.01528,1000,-0.00153951,1000
1.01529,1000,-0.00174546,1000
1.01529,1000,-0.0019453,1000
1.01529,1000,-0.00213905,1000
1.01529,1000,-0.00232695,1000
1.01529,1000,-0.00250898,1000
1.0153,1000,-0.00268476,1000
1.0153,1000,-0.00285397,1000
1.0153,1000,-0.00301664,1000
1.0153,1000,-0.00317304,1000
1.0153,1000,-0.00332319,1000
1.01531,1000,-0.00346676,1000
1.01531,1000,-0.0036035,1000
1.01531,1000,-0.00373348,1000
1.01531,1000,-0.00385698,1000
1.01531,1000,-0.00397404,1000
1.01532,1000,-0.00408442,1000
1.01532,1000,-0.00418789,1000
1.01532,1000,-0.00428459,1000
1.01532,1000,-0.0043748,1000
1.01532,1000,-0.00445859,1000
1.01533,1000,-0.00453576,1000
1.01533,1000,-0.00460617,1000
1.01533,1000,-0.00466995,1000
1.01533,1000,-0.00472742,1000
1.01533,1000,-0.00477867,1000
1.01534,1000,-0.00482354,1000
1.01534,1000,-0.00486194,1000
1.01534,1000,-0.00489404,1000
1.01534,1000,-0.00492015,1000
1.01534,1000,-0.00494039,1000
1.01535,1000,-0.00495466,1000
1.01535,1000,-0.00496289,1000
1.01535,1000,-0.00496528,1000
1.01535,1000,-0.00496215,1000
1.01535,1000,-0.00495364,1000
1.01536,1000,-0.00493967,1000
1.01536,1000,-0.00492022,1000
1.01536,1000,-0.00489551,1000
1.01536,1000,-0.00486586,1000
1.01536,1000,-0.0048314,1000
1.01537,1000,-0.00479212,1000
1.01537,1000,-0.00474801,1000
1.01537,1000,-0.0046993,1000
1.01537,1000,-0.00464631,1000
1.01537,1000,-0.00458919,1000
1.01538,1000,-0.00452794,1000
1.01538,1000,-0.00446258,1000
1.01538,1000,-0.00439335,1000
1.01538,1000,-0.00432056,1000
1.01538,1000,-0.00424437,1000
1.01539,1000,-0.00416479,1000
1.01539,1000,-0.00408187,1000
1.01539,1000,-0.00399584,1000
1.01539,1000,-0.003907,1000
1.01539,1000,-0.00381552,1000
1.0154,1000,-0.00372142,1000
1.0154,1000,-0.00362476,1000
1.0154,1000,-0.00352577,1000
1.0154,1000,-0.00342474,1000
1.0154,1000,-0.00332183,1000
1.01541,1000,-0.00321706,1000
1.01541,1000,-0.00311052,1000
1.01541,1000,-0.00300242,1000
1.01541,1000,-0.00289303,1000
1.01541,1000,-0.00278251,1000
1.01542,1000,-0.00267088,1000
1.01542,1000,-0.00255823,1000
1.01542,1000,-0.00244477,1000
1.01542,1000,-0.00233074,1000
1.01542,1000,-0.00221629,1000
1.01543,1000,-0.00210145,1000
1.01543,1000,-0.0019863,1000
1.01543,1000,-0.00187103,1000
1.01543,1000,-0.00175587,1000
1.01543,1000,-0.00164095,1000
1.01544,1000,-0.0015263,1000
1.01544,1000,-0.00141199,1000
1.01544,1000,-0.00129819,1000
1.01544,1000,-0.00118513,1000
1.01544,1000,-0.0010729,1000
1.01545,1000,-0.00096153,1000
1.01545,1000,-0.000851083,1000
1.01545,1000,-0.000741716,1000
1.01545,1000,-0.000633616,1000
1.01545,1000,-0.00052688,1000
1.01546,1000,-0.000421519,1000
1.01546,1000,-0.000317581,1000
1.01546,1000,-0.000215207,1000
1.01546,1000,-0.000114559,1000
1.01546,1000,-1.57157e-05,1000
1.01547,1000,8.13221e-05,1000
1.01547,1000,0.00017652,1000
1.01547,1000,0.000269756,1000
1.01547,1000,0.000360894,1000
1.01547,1000,0.000449874,1000
1.01548,1000,0.000536707,1000
1.01548,1000,0.000621371,1000
1.01548,1000,0.000703766,1000
1.01548,1000,0.000783779,1000
1.01548,1000,0.00086137,1000
1.01549,1000,0.00093656,1000
1.01549,1000,0.00100934,1000
1.01549,1000,0.00107964,1000
1.01549,1000,0.00114736,1000
1.01549,1000,0.00121248,1000
1.0155,1000,0.00127504,1000
1.0155,1000,0.00133504,1000
1.0155,1000,0.00139242,1000
1.0155,1000,0.00144712,1000
1.0155,1000,0.00149913,1000
1.01551,1000,0.0015485,1000
1.01551,1000,0.00159524,1000
1.01551,1000,0.00163931,1000
1.01551,1000,0.00168068,1000
1.01551,1000,0.00171934,1000
1.01552,1000,0.00175536,1000
1.01552,1000,0.00178877,1000
1.01552,1000,0.00181954,1000
1.01552,1000,0.00184765,1000
1.01552,1000,0.00187313,1000
1.01553,1000,0.00189603,1000
1.01553,1000,0.0019164,1000
1.01553,1000,0.00193423,1000
1.01553,1000,0.00194952,1000
1.01553,1000,0.00196229,1000
1.01554,1000,0.00197263,1000
1.01554,1000,0.00198059,1000
1.01554,1000,0.00198616,1000
1.01554,1000,0.00198936,1000
1.01554,1000,0.00199024,1000
1.01555,1000,0.00198887,1000
1.01555,1000,0.00198531,1000
1.01555,1000,0.00197958,1000
1.01555,1000,0.0019717,1000
1.01555,1000,0.00196172,1000
1.01556,1000,0.00194972,1000
1.01556,1000,0.00193578,1000
1.01556,1000,0.00191992,1000
1.01556,1000,0.00190217,1000
1.01556,1000,0.00188258,1000
1.01557,1000,0.00186125,1000
1.01557,1000,0.00183824,1000
1.01557,1000,0.00181359,1000
1.01557,1000,0.00178733,1000
1.01557,1000,0.00175953,1000
1.01558,1000,0.00173027,1000
1.01558,1000,0.00169964,1000
1.01558,1000,0.00166766,1000
1.01558,1000,0.00163438,1000
1.01558,1000,0.00159985,1000
1.01559,1000,0.00156418,1000
1.01559,1000,0.00152744,1000
1.01559,1000,0.00148966,1000
1.01559,1000,0.00145088,1000
1.01559,1000,0.00141117,1000
1.0156,1000,0.00137063,1000
1.0156,1000,0.00132932,1000
1.0156,1000,0.00128729,1000
1.0156,1000,0.00124456,1000
1.0156,1000,0.00120122,1000
1.01561,1000,0.00115734,1000
1.01561,1000,0.001113,1000
1.01561,1000,0.00106823,1000
1.01561,1000,0.00102307,1000
1.01561,1000,0.000977596,1000
1.01562,1000,0.000931875,1000
1.01562,1000,0.000885974,1000
1.01562,1000,0.00083993,1000
1.01562,1000,0.000793783,1000
1.01562,1000,0.000747593,1000
1.01563,1000,0.000701432,1000
1.01563,1000,0.000655358,1000
1.01563,1000,0.000609405,1000
1.01563,1000,0.000563608,1000
1.01563,1000,0.000518022,1000
1.01564,1000,0.000472712,1000
1.01564,1000,0.00042773,1000
1.01564,1000,0.000383105,1000
1.01564,1000,0.000338867,1000
1.01564,1000,0.000295066,1000
1.01565,1000,0.000251759,1000
1.01565,1000,0.000208991,1000
1.01565,1000,0.000166784,1000
1.01565,1000,0.000125165,1000
1.01565,1000,8.41754e-05,1000
1.01566,1000,4.38651e-05,1000
1.01566,1000,4.27004e-06,1000
1.01566,1000,-3.45911e-05,1000
1.01566,1000,-7.26991e-05,1000
1.01566,1000,-0.000110019,1000
1.01567,1000,-0.00014651,1000
1.01567,1000,-0.000182143,1000
1.01567,1000,-0.000216907,1000
1.01567,1000,-0.000250786,1000
1.01567,1000,-0.000283756,1000
1.01568,1000,-0.000315782,1000
1.01568,1000,-0.000346844,1000
1.01568,1000,-0.000376935,1000
1.01568,1000,-0.000406049,1000
1.01568,1000,-0.000434166,1000
1.01569,1000,-0.000461261,1000
1.01569,1000,-0.00048732,1000
1.01569,1000,-0.000512344,1000
1.01569,1000,-0.000536332,1000
1.01569,1000,-0.000559271,1000
1.0157,1000,-0.000581143,1000
1.0157,1000,-0.000601944,1000
1.0157,1000,-0.000621678,1000
1.0157,1000,-0.000640351,1000
1.0157,1000,-0.000657956,1000
1.01571,1000,-0.000674484,1000
1.01571,1000,-0.000689935,1000
1.01571,1000,-0.00070432,1000
1.01571,1000,-0.00071765,1000
1.01571,1000,-0.000729924,1000
1.01572,1000,-0.00074114,1000
1.01572,1000,-0.000751304,1000
1.01572,1000,-0.000760431,1000
1.01572,1000,-0.000768538,1000
1.01572,1000,-0.000775628,1000
1.01573,1000,-0.000781706,1000
1.01573,1000,-0.000786783,1000
1.01573,1000,-0.000790878,1000
1.01573,1000,-0.000794012,1000
1.01573,1000,-0.000796193,1000
1.01574,1000,-0.000797431,1000
1.01574,1000,-0.00079774,1000
1.01574,1000,-0.000797145,1000
1.01574,1000,-0.000795668,1000
1.01574,1000,-0.000793323,1000
1.01575,1000,-0.000790123,1000
1.01575,1000,-0.000786086,1000
1.01575,1000,-0.000781238,1000
1.01575,1000,-0.000775606,1000
1.01575,1000,-0.000769206,1000
1.01576,1000,-0.000762053,1000
1.01576,1000,-0.00075417,1000
1.01576,1000,-0.000745584,1000
1.01576,1000,-0.000736323,1000
1.01576,1000,-0.000726406,1000
1.01577,1000,-0.000715851,1000
1.01577,1000,-0.000704681,1000
1.01577,1000,-0.000692926,1000
1.01577,1000,-0.000680614,1000
1.01577,1000,-0.000667766,1000
1.01578,1000,-0.0006544,1000
1.01578,1000,-0.000640542,1000
1.01578,1000,-0.000626222,1000
1.01578,1000,-0.000611468,1000
1.01578,1000,-0.0005963,1000
1.01579,1000,-0.00058074,1000
1.01579,1000,-0.000564811,1000
1.01579,1000,-0.000548545,1000
1.01579,1000,-0.000531967,1000
1.01579,1000,-0.0005151,1000
1.0158,1000,-0.000497964,1000
1.0158,1000,-0.000480584,1000
1.0158,1000,-0.000462987,1000
1.0158,1000,-0.0004452,1000
1.0158,1000,-0.000427244,1000
1.01581,1000,-0.000409139,1000
1.01581,1000,-0.000390908,1000
1.01581,1000,-0.000372577,1000
1.01581,1000,-0.000354172,1000
1.01581,1000,-0.000335712,1000
1.01582,1000,-0.000317216,1000
1.01582,1000,-0.000298704,1000
1.01582,1000,-0.000280203,1000
1.01582,1000,-0.000261734,1000
1.01582,1000,-0.000243316,1000
1.01583,1000,-0.000224965,1000
1.01583,1000,-0.000206701,1000
1.01583,1000,-0.000188546,1000
1.01583,1000,-0.00017052,1000
1.01583,1000,-0.000152639,1000
1.01584,1000,-0.000134918,1000
1.01584,1000,-0.000117373,1000
1.01584,1000,-0.000100025,1000
1.01584,1000,-8.28909e-05,1000
1.01584,1000,-6.59839e-05,1000
1.01585,1000,-4.93161e-05,1000
1.01585,1000,-3.29022e-05,1000
1.01585,1000,-1.67589e-05,1000
1.01585,1000,-9.00712e-07,1000
1.01585,1000,1.46618e-05,1000
1.01586,1000,2.9919e-05,1000
1.01586,1000,4.48591e-05,1000
1.01586,1000,5.94685e-05,1000
1.01586,1000,7.37356e-05,1000
1.01586,1000,8.76526e-05,1000
1.01587,1000,0.000101213,1000
1.01587,1000,0.000114407,1000
1.01587,1000,0.000127224,1000
1.01587,1000,0.000139656,1000
1.01587,1000,0.000151699,1000
1.01588,1000,0.000163347,1000
1.01588,1000,0.000174594,1000
1.01588,1000,0.000185433,1000
1.01588,1000,0.000195859,1000
1.01588,1000,0.000205869,1000
1.01589,1000,0.000215461,1000
1.01589,1000,0.000224632,1000
1.01589,1000,0.000233378,1000
1.01589,1000,0.000241695,1000
1.01589,1000,0.000249583,1000
1.0159,1000,0.000257045,1000
1.0159,1000,0.000264078,1000
1.0159,1000,0.000270681,1000
1.0159,1000,0.000276853,1000
1.0159,1000,0.000282598,1000
1.01591,1000,0.000287918,1000
1.01591,1000,0.000292815,1000
1.01591,1000,0.000297289,1000
1.01591,1000,0.000301343,1000
1.01591,1000,0.00030498,1000
1.01592,1000,0.000308208,1000
1.01592,1000,0.000311028,1000
1.01592,1000,0.000313443,1000
1.01592,1000,0.000315459,1000
1.01592,1000,0.000317081,1000
1.01593,1000,0.000318316,1000
1.01593,1000,0.00031917,1000
1.01593,1000,0.000319647,1000
1.01593,1000,0.000319753,1000
1.01593,1000,0.000319497,1000
1.01594,1000,0.000318886,1000
1.01594,1000,0.000317927,1000
1.01594,1000,0.000316627,1000
1.01594,1000,0.000314993,1000
1.01594,1000,0.000313034,1000
1.01595,1000,0.00031076,1000
1.01595,1000,0.000308178,1000
1.01595,1000,0.000305296,1000
1.01595,1000,0.000302122,1000
1.01595,1000,0.000298667,1000
1.01596,1000,0.00029494,1000
1.01596,1000,0.000290951,1000
1.01596,1000,0.000286707,1000
1.01596,1000,0.000282219,1000
1.01596,1000,0.000277496,1000
1.01597,1000,0.000272549,1000
1.01597,1000,0.000267387,1000
1.01597,1000,0.00026202,1000
1.01597,1000,0.000256456,1000
1.01597,1000,0.000250707,1000
1.01598,1000,0.000244784,1000
1.01598,1000,0.000238695,1000
1.01598,1000,0.000232451,1000
1.01598,1000,0.00022606,1000
1.01598,1000,0.000219533,1000
1.01599,1000,0.000212882,1000
1.01599,1000,0.000206114,1000
1.01599,1000,0.000199241,1000
1.01599,1000,0.00019227,1000
1.01599,1000,0.000185213,1000
1.016,1000,0.000178079,1000
1.016,1000,0.000170878,1000
1.016,1000,0.000163618,1000
1.016,1000,0.000156309,1000
1.016,1000,0.00014896,1000
1.01601,1000,0.000141581,1000
1.01601,1000,0.00013418,1000
1.01601,1000,0.000126766,1000
1.01601,1000,0.000119347,1000
1.01601,1000,0.000111932,1000
1.01602,1000,0.000104529,1000
1.01602,1000,9.71475e-05,1000
1.01602,1000,8.97937e-05,1000
1.01602,1000,8.24755e-05,1000
1.01602,1000,7.5201e-05,1000
1.01603,1000,6.79781e-05,1000
1.01603,1000,6.08137e-05,1000
1.01603,1000,5.37142e-05,1000
1.01603,1000,4.66863e-05,1000
1.01603,1000,3.97371e-05,1000
1.01604,1000,3.28734e-05,1000
1.01604,1000,2.6101e-05,1000
1.01604,1000,1.94254e-05,1000
1.01604,1000,1.28522e-05,1000
1.01604,1000,6.38735e-06,1000
1.01605,1000,3.65437e-08,1000
1.01605,1000,-6.19545e-06,1000
1.01605,1000,-1.23043e-05,1000
1.01605,1000,-1.82856e-05,1000
1.01605,1000,-2.41344e-05,1000
1.01606,1000,-2.98463e-05,1000
1.01606,1000,-3.54176e-05,1000
1.01606,1000,-4.08452e-05,1000
1.01606,1000,-4.61256e-05,1000
1.01606,1000,-5.12553e-05,1000
1.01607,1000,-5.62309e-05,1000
1.01607,1000,-6.10499e-05,1000
1.01607,1000,-6.57103e-05,1000
1.01607,1000,-7.02098e-05,1000
1.01607,1000,-7.4546e-05,1000
1.01608,1000,-7.87167e-05,1000
1.01608,1000,-8.27205e-05,1000
1.01608,1000,-8.65565e-05,1000
1.01608,1000,-9.02234e-05,1000
1.01608,1000,-9.372e-05,1000
1.01609,1000,-9.70451e-05,1000
1.01609,1000,-0.000100199,1000
1.01609,1000,-0.00010318,1000
1.01609,1000,-0.00010599,1000
1.01609,1000,-0.000108628,1000
1.0161,1000,-0.000111093,1000
1.0161,1000,-0.000113387,1000
1.0161,1000,-0.000115511,1000
1.0161,1000,-0.000117465,1000
1.0161,1000,-0.000119249,1000
1.01611,1000,-0.000120866,1000
1.01611,1000,-0.000122316,1000
1.01611,1000,-0.000123601,1000
1.01611,1000,-0.000124722,1000
1.01611,1000,-0.000125682,1000
1.01612,1000,-0.000126482,1000
1.01612,1000,-0.000127124,1000
1.01612,1000,-0.000127611,1000
1.01612,1000,-0.000127946,1000
1.01612,1000,-0.000128129,1000
1.01613,1000,-0.000128164,1000
1.01613,1000,-0.000128054,1000
1.01613,1000,-0.000127802,1000
1.01613,1000,-0.00012741,1000
1.01613,1000,-0.000126882,1000
1.01614,1000,-0.000126392,1000
1.01614,1000,-0.000125827,1000
