Item,Qty,Used on,Value,Description,Manufacturer,MPN,Package,Sourcing,Datasheet
1,1,PCS-PWR: 1,AC terminal L1 250 A (CUSTOM),"CHASSIS-MOUNTED CUSTOM AC terminal: M10 busbar stud feed-through, 250 A, 1000 VDC, touch cover, external creepage to PE >= 12.5 mm (group I) / 16.0 mm (IIIa), PD3 cooling-air path (IC-18/IC-21) (AC side: L1-L3 and, four-wire, N; 1000 V insulation class, 250 A)",,,M10 stud,CUSTOM,
2,1,PCS-PWR: 1,AC terminal L2 250 A (CUSTOM),"CHASSIS-MOUNTED CUSTOM AC terminal: M10 busbar stud feed-through, 250 A, 1000 VDC, touch cover, external creepage to PE >= 12.5 mm (group I) / 16.0 mm (IIIa), PD3 cooling-air path (IC-18/IC-21) (AC side: L1-L3 and, four-wire, N; 1000 V insulation class, 250 A)",,,M10 stud,CUSTOM,
3,1,PCS-PWR: 1,AC terminal L3 250 A (CUSTOM),"CHASSIS-MOUNTED CUSTOM AC terminal: M10 busbar stud feed-through, 250 A, 1000 VDC, touch cover, external creepage to PE >= 12.5 mm (group I) / 16.0 mm (IIIa), PD3 cooling-air path (IC-18/IC-21) (AC side: L1-L3 and, four-wire, N; 1000 V insulation class, 250 A)",,,M10 stud,CUSTOM,
4,1,PCS-PWR: 1,CM choke (CUSTOM),"CHASSIS-MOUNTED CUSTOM AC common-mode choke 145 uH min rev M1 (sim/out/magnetics/design_pcs_cm_choke.json, winding sheet spec_pcs_cm_choke.md): 2 x Yunlu N-R-564440 rectangular nanocrystalline cores (56 x 44.6 x 40 mm, window 33 x 21.6 mm) in a flat-mu grade (mu 30000 +/-25 %, RFQ), stacked ov; 0.8 kg; proposed construction - calculated, not built or measured. sleeved bars (>= 1 mm, rated 1.5 kV rms) inside cased cores; mains side basic (OVC III) as L2",,,"chassis, cores over the 3 phase busbars",CUSTOM,
5,1,PCS-PWR: 1,DC terminal B+ 250 A (CUSTOM),"CHASSIS-MOUNTED CUSTOM DC terminal: M10 busbar stud feed-through, 250 A, 1000 VDC, touch cover, external creepage to PE >= 12.5 mm (group I) / 16.0 mm (IIIa), PD3 cooling-air path (IC-18/IC-21)",,,M10 stud,CUSTOM,
6,1,PCS-PWR: 1,DC terminal B- 250 A (CUSTOM),"CHASSIS-MOUNTED CUSTOM DC terminal: M10 busbar stud feed-through, 250 A, 1000 VDC, touch cover, external creepage to PE >= 12.5 mm (group I) / 16.0 mm (IIIa), PD3 cooling-air path (IC-18/IC-21)",,,M10 stud,CUSTOM,
7,3,PCS-PWR: 3,"Gate-bias transformer per phase (sim/out/magnetics/design_gdrv_bias_transformer.json): DMEGC EP17 set (DMR44), ungapped, 4+4:24 x4, ratio 1:6, barrier 1.77 pF high-side winding to primary / 3.43 pF adjacent sections, functional insulation PD-free >= 1.75 kVpk; 2.18 USD (1 k, ESTIMATE)","Gate-bias transformer per phase (sim/out/magnetics/design_gdrv_bias_transformer.json): DMEGC EP17 set (DMR44), ungapped, 4+4:24 x4, ratio 1:6, barrier 1.77 pF high-side winding to primary / 3.43 pF adjacent sections, functional insulation PD-free >= 1.75 kVpk; 2.18 USD (1 k, ESTIMATE)",,,"EP10-class, sectioned bobbin, TIW secondaries",CUSTOM,
8,3,PCS-PWR: 3,L1 120u (CUSTOM),"CHASSIS-MOUNTED CUSTOM LCL inductor L1 120 uH rev M1 (sim/out/magnetics/design_pcs_l1.json, winding sheet spec_pcs_l1.md): Fe-based amorphous C-core, leg 30 x 100 mm, window 160 x 40 mm; 20 turns in two coils (10 per leg) of Al foil 0.80 x 144 mm, 10 layers per coil; 12 ga; 11.6 kg; proposed construction - calculated, not built or measured. basic winding - core/PE (DC-side system, 1000 V DC, OVC II): 2.5 mm GF-PPS formers, 5 mm creepage margins at the coil en",,,"chassis, 2 power terminals + NTC leads + core bond",CUSTOM,
9,3,PCS-PWR: 3,L2 6u (CUSTOM),"CHASSIS-MOUNTED CUSTOM LCL inductor L2 6 uH rev M1 (sim/out/magnetics/design_pcs_l2.json, winding sheet spec_pcs_l2.md): Fe-based amorphous C-core, leg 15 x 40 mm, window 80 x 20 mm; 4 turns in two coils (2 per leg) of Al foil 1.50 x 64 mm, 2 layers per coil; 2 gaps of 1; 1.2 kg; proposed construction - calculated, not built or measured. basic winding - core/PE (mains side, OVC III): 2.5 mm GF-PPS formers, 5 mm margins, VPI; 4 kV impulse (6 kV if the AC SP",,,"chassis, 2 power terminals + core bond",CUSTOM,
10,3,PCS-PWR: 3,NTC 10k lug probe (CUSTOM),"CHASSIS CUSTOM NTC lug probe (EXSENSE / Shiheng class, made to order): 10 k 1 %, R/T curve of the inductor NTC (B25/100 3988 K, TDK 8016 equivalent), -40..150 C, lug screwed to the EARTHED heatsink: lead-to-lug dielectric >= 2500 V rms 60 s, double PTFE leads (basic HV-PE for 1000 V DC, insulation_spec 'Basic HV-PE', R-10)",,,"ring-lug probe M4, 2 x 300 mm PTFE leads",CUSTOM,
11,36,PCS-PWR: 36,PAD Al2O3 0.635 mm (CUSTOM),"TO-247 heatsink INSULATOR Al2O3 0.635 mm + spring clip + grease, basic DC-PE (pcs_spec board_designers power_stage; sim/pcs_design.py cost basis); one earthed heatsink section per leg",,,"ceramic pad 0.635 mm, TO-247",CUSTOM,
12,1,chassis: 1,harness set,"SELV supply lead, contactor coil leads, NTC probe leads, fan leads, RCM sensor lead",,,harness,CUSTOM,
13,1,PCS-PWR: 1,heatsink section a (CUSTOM),"CHASSIS CUSTOM heatsink section per leg (12 x TO-247 on Al2O3 pads), EARTHED (two PE bonds), sized by sim/pcs_design.py thermal_and_losses.heatsink",,,Al extrusion section,CUSTOM,
14,1,PCS-PWR: 1,heatsink section b (CUSTOM),"CHASSIS CUSTOM heatsink section per leg (12 x TO-247 on Al2O3 pads), EARTHED (two PE bonds), sized by sim/pcs_design.py thermal_and_losses.heatsink",,,Al extrusion section,CUSTOM,
15,1,PCS-PWR: 1,heatsink section c (CUSTOM),"CHASSIS CUSTOM heatsink section per leg (12 x TO-247 on Al2O3 pads), EARTHED (two PE bonds), sized by sim/pcs_design.py thermal_and_losses.heatsink",,,Al extrusion section,CUSTOM,
16,1,PCS-PWR: 1,AUX-T1 75 W (CUSTOM),"CUSTOM AUX-T1 75 W rev M1: DMEGC EC39A DMR95 (ETD39 class), centre-leg gap 1.17 mm, 50:9 live:10 SELV in the order P1 | SH | SELV (TIW-litz) | LIVE | P2, copper set back 2.0 mm from the gapped leg, vacuum-potted case; electrical requirement in sim/out/aux_hv_design/aux75_spec.json",CUSTOM,AUX-T1 75 W (CUSTOM),"ETD 39 class, potted, 14-pin former",CUSTOM,
17,36,PCS-PWR: 36,0.5R,"Resistor 0.5R 1% 1206 Kelvin decoupling, pulse-rated thick film",,,1206,GENERIC,
18,3,PCS-PWR: 3,0.866R,Resistor 0.866R 1% 1206,,,1206,GENERIC,
19,6,PCS-PWR: 6,0R,Resistor 0R 1% 0603 fit for NSI6651ASC (pin 1 = VEE2),,,0603,GENERIC,
20,6,PCS-PWR: 6,1.00k,Resistor 1.00k 0.1% 0603,,,0603,GENERIC,
21,4,PCS-CTL-3W: 4,1.0k,Resistor 1.0k 1% 0603,,,0603,GENERIC,
22,1,PCS-PWR: 1,1.2R,"Resistor 1.2R 1% 2512 +3V3 discharge, pulse 0.5 mJ",,,2512,GENERIC,
23,6,PCS-PWR: 6,1.5k,Resistor 1.5k 1% 0603,,,0603,GENERIC,
24,2,PCS-PWR: 2,1.65k,Resistor 1.65k 0.1% 0603,,,0603,GENERIC,
25,1,PCS-CTL-3W: 1,1.87k,Resistor 1.87k 0.1% 0603 25 ppm/K,,,0603,GENERIC,
26,2,PCS-PWR: 2,10.0k,Resistor 10.0k 0.1% 0603,,,0603,GENERIC,
27,15,PCS-CTL-3W: 15,10.0k,Resistor 10.0k 0.1% 0603 25 ppm/K,,,0603,GENERIC,
28,1,PCS-CTL-3W: 1,10.0k,Resistor 10.0k 1% 0603,,,0603,GENERIC,
29,6,PCS-PWR: 6,10.2k,Resistor 10.2k 0.1% 0603,,,0603,GENERIC,
30,1,PCS-CTL-3W: 1,10.2k,Resistor 10.2k 1% 0603,,,0603,GENERIC,
31,38,PCS-CTL-3W: 13; PCS-PWR: 25,100R,Resistor 100R 1% 0603,,,0603,GENERIC,
32,1,PCS-CTL-3W: 1,100R,Resistor 100R 1% 1206,,,1206,GENERIC,
33,7,PCS-PWR: 7,100k,Resistor 100k 1% 0603 open = off,,,0603,GENERIC,
34,18,PCS-CTL-3W: 5; PCS-PWR: 13,100k,Resistor 100k 1% 0603,,,0603,GENERIC,
35,6,PCS-PWR: 6,100k,Resistor 100k 1% 0805,,,0805,GENERIC,
36,1,PCS-PWR: 1,100k,Resistor 100k 1% 0603 command off while the control board is absent (D-049),,,0603,GENERIC,
37,5,PCS-PWR: 5,100k,Resistor 100k 1% 0603 coil off while the logic is unpowered,,,0603,GENERIC,
38,1,PCS-PWR: 1,100k,Resistor 100k 1% 0603 command off while the control board is absent,,,0603,GENERIC,
39,2,PCS-PWR: 2,100k,Resistor 100k 1% 0603 string open by default,,,0603,GENERIC,
40,2,PCS-PWR: 2,100k,Resistor 100k 0.1% 0603,,,0603,GENERIC,
41,1,PCS-PWR: 1,100k,Resistor 100k 1% 0603 discharge on unless PG_5VG holds it off,,,0603,GENERIC,
42,1,PCS-CTL-3W: 1,100k,Resistor 100k 1% 0603 HEALTHY = 0 while the latch is unpowered,,,0603,GENERIC,
43,3,PCS-CTL-3W: 3,100k,Resistor 100k 1% 0603 address defined in reset,,,0603,GENERIC,
44,2,PCS-PWR: 2,100n 100V,Capacitor 100n 100V X7R 0603,,,0603,GENERIC,
45,1,PCS-PWR: 1,100n 16V,Capacitor 100n 16V X7R 0603,,,0603,GENERIC,
46,142,PCS-CTL-3W: 60; PCS-PWR: 82,100n 50V,Capacitor 100n 50V X7R 0603,,,0603,GENERIC,
47,2,PCS-CTL-3W: 2,100n 50V,Capacitor 100n 10% 50V X7R 0603,,,0603,GENERIC,
48,1,PCS-CTL-3W: 1,100n 50V,Capacitor 100n 5% 50V C0G 1206,,,1206,GENERIC,
49,3,PCS-PWR: 3,100p 1kV,Capacitor 100p 5% 1kV C0G 1206,,,1206,GENERIC,
50,21,PCS-PWR: 21,100p 50V,Capacitor 100p 5% 50V C0G 0603,,,0603,GENERIC,
51,1,PCS-CTL-3W: 1,102k,Resistor 102k 0.1% 0603 25 ppm/K,,,0603,GENERIC,
52,1,PCS-PWR: 1,107k,Resistor 107k 0.1% 0603,,,0603,GENERIC,
53,1,PCS-PWR: 1,10R,Resistor 10R 1% 0603,,,0603,GENERIC,
54,1,PCS-CTL-3W: 1,10R,Resistor 10R 1% 1206,,,1206,GENERIC,
55,8,PCS-PWR: 8,10k,Resistor 10k 1% 0603 pull-down: open = off,,,0603,GENERIC,
56,1,PCS-PWR: 1,10k,Resistor 10k 1% 0603 pull-down: unpowered buffer = drivers disabled,,,0603,GENERIC,
57,1,PCS-PWR: 1,10k,Resistor 10k 1% 0603 three-wire variant code: IL4 = 0 V,,,0603,GENERIC,
58,1,PCS-PWR: 1,10k,Resistor 10k 1% 0603 three-wire: no phase-4 sensor reference,,,0603,GENERIC,
59,6,PCS-PWR: 6,10k,Resistor 10k 1% 0603 pull-down: open input = gate off,,,0603,GENERIC,
60,92,PCS-CTL-3W: 16; PCS-PWR: 76,10k,Resistor 10k 1% 0603,,,0603,GENERIC,
61,6,PCS-PWR: 6,10k,Resistor 10k 1% 0603 clamp-FET gate supply,,,0603,GENERIC,
62,3,PCS-PWR: 3,10k,Resistor 10k 1% 0603 BIAS_EN open = bias off,,,0603,GENERIC,
63,10,PCS-PWR: 10,10k,Resistor 10k 0.1% 0603,,,0603,GENERIC,
64,6,PCS-CTL-3W: 1; PCS-PWR: 5,10k,Resistor 10k 1% 0805,,,0805,GENERIC,
65,5,PCS-PWR: 5,10k,Resistor 10k 1% 0805 gate-source: off by default,,,0805,GENERIC,
66,1,PCS-PWR: 1,10k,Resistor 10k 1% 0603 high = varistor monitor loop intact,,,0603,GENERIC,
67,3,PCS-CTL-3W: 1; PCS-PWR: 2,10k,Resistor 10k 1% 1206,,,1206,GENERIC,
68,6,PCS-PWR: 6,10n 50V,Capacitor 10n 5% 50V C0G 0603,,,0603,GENERIC,
69,1,PCS-PWR: 1,10n 50V,Capacitor 10n 5% 50V C0G 0805,,,0805,GENERIC,
70,14,PCS-CTL-3W: 14,10n 50V,Capacitor 10n 50V X7R 0603,,,0603,GENERIC,
71,4,PCS-CTL-3W: 4,10u 10V,Capacitor 10u 10% 10V X7R 0805,,,0805,GENERIC,
72,1,PCS-PWR: 1,10u 16V,Capacitor 10u 16V X7R 1210,,,1210,GENERIC,
73,3,PCS-PWR: 3,10u 16V,Capacitor 10u 16V X7R 1206,,,1206,GENERIC,
74,1,PCS-PWR: 1,10u 25V,Capacitor 10u 25V X7R 1210,,,1210,GENERIC,
75,18,PCS-PWR: 18,10u 50V,Capacitor 10u 50V X7R 1210,,,1210,GENERIC,
76,4,PCS-CTL-3W: 4,10u 50V,Capacitor 10u 10% 50V X7R 1210,,,1210,GENERIC,
77,4,PCS-CTL-3W: 4,11.0k,Resistor 11.0k 0.1% 0603 25 ppm/K,,,0603,GENERIC,
78,1,PCS-PWR: 1,11.8k,Resistor 11.8k 0.1% 0603,,,0603,GENERIC,
79,6,PCS-CTL-3W: 6,11.8k,Resistor 11.8k 0.1% 0603 25 ppm/K,,,0603,GENERIC,
80,1,PCS-CTL-3W: 1,115R,Resistor 115R 0.1% 0603 25 ppm/K,,,0603,GENERIC,
81,3,chassis: 3,120 mm wire guard,Finger guard for a 120 mm fan,,,chassis,GENERIC,
82,1,PCS-CTL-3W: 1,120R,Resistor 120R 1% 0805,,,0805,GENERIC,
83,1,PCS-PWR: 1,120p 50V,Capacitor 120p 50V C0G 0603,,,0603,GENERIC,
84,1,PCS-PWR: 1,12n 50V,Capacitor 12n 5% 50V C0G 0805,,,0805,GENERIC,
85,1,PCS-CTL-3W: 1,13.0k,Resistor 13.0k 1% 0603,,,0603,GENERIC,
86,1,PCS-CTL-3W: 1,13.3k,Resistor 13.3k 1% 0603,,,0603,GENERIC,
87,1,PCS-PWR: 1,13.7k,Resistor 13.7k 1% 0603,,,0603,GENERIC,
88,1,PCS-CTL-3W: 1,13.7k,Resistor 13.7k 0.1% 0603 25 ppm/K,,,0603,GENERIC,
89,1,PCS-PWR: 1,14.7k,Resistor 14.7k 0.1% 0603,,,0603,GENERIC,
90,1,PCS-CTL-3W: 1,15.0k,Resistor 15.0k 1% 0603,,,0603,GENERIC,
91,6,PCS-PWR: 6,150R,Resistor 150R 1% 0603 lifts the CLAMP node at turn-on,,,0603,GENERIC,
92,2,PCS-PWR: 2,150R,Resistor 150R 1% 2512,,,2512,GENERIC,
93,1,PCS-CTL-3W: 1,150n 50V,Capacitor 150n 10% 50V X7R 0603,,,0603,GENERIC,
94,1,PCS-PWR: 1,150p 50V,Capacitor 150p 50V C0G 0603,,,0603,GENERIC,
95,1,PCS-CTL-3W: 1,15n 50V,Capacitor 15n 10% 50V X7R 0603,,,0603,GENERIC,
96,3,PCS-PWR: 3,1M,Resistor 1M 1% 0603,,,0603,GENERIC,
97,4,PCS-CTL-3W: 4,1M,Resistor 1M 1% 0603 dead-sensor pull-up,,,0603,GENERIC,
98,1,PCS-CTL-3W: 1,1M,Resistor 1M 1% 1206,,,1206,GENERIC,
99,1,PCS-CTL-3W: 1,1M,Resistor 1M 1% 0603 VGN = 0 V without a four-wire power board (variant code); 0.01 % load on the follower,,,0603,GENERIC,
100,6,PCS-PWR: 6,1k,Resistor 1k 1% 0603 NSI6651 TEST low / UCC21750 APWM load,,,0603,GENERIC,
101,12,PCS-PWR: 12,1k,Resistor 1k 1% 0603 B-E: buffer off while OUTL is high-Z,,,0603,GENERIC,
102,15,PCS-PWR: 15,1k,Resistor 1k 1% 0603,,,0603,GENERIC,
103,63,PCS-CTL-3W: 18; PCS-PWR: 45,1n 50V,Capacitor 1n 5% 50V C0G 0603,,,0603,GENERIC,
104,5,PCS-CTL-3W: 3; PCS-PWR: 2,1n 50V,Capacitor 1n 50V X7R 0603,,,0603,GENERIC,
105,5,PCS-CTL-3W: 5,1u 10V,Capacitor 1u 10% 10V X7R 0603,,,0603,GENERIC,
106,3,PCS-PWR: 3,1u 16V,Capacitor 1u 16V X7R 0603,,,0603,GENERIC,
107,3,PCS-CTL-3W: 3,1u 16V,Capacitor 1u 10% 16V X7R 0603,,,0603,GENERIC,
108,1,PCS-PWR: 1,1u 25V,Capacitor 1u 25V X7R 0603,,,0603,GENERIC,
109,36,PCS-PWR: 36,1u 50V,Capacitor 1u 50V X7R 0805,,,0805,GENERIC,
110,1,PCS-PWR: 1,1u 50V,Capacitor 1u 10% 50V X7R 1206,,,1206,GENERIC,
111,1,PCS-CTL-3W: 1,2.0k,Resistor 2.0k 1% 0603,,,0603,GENERIC,
112,1,PCS-PWR: 1,2.15k,Resistor 2.15k 0.1% 0603,,,0603,GENERIC,
113,1,PCS-CTL-3W: 1,2.15k,Resistor 2.15k 1% 0603,,,0603,GENERIC,
114,7,PCS-CTL-3W: 1; PCS-PWR: 6,2.2k,Resistor 2.2k 1% 0603,,,0603,GENERIC,
115,3,PCS-CTL-3W: 3,2.2u 10V,Capacitor 2.2u 10% 10V X7R 0603,,,0603,GENERIC,
116,1,PCS-PWR: 1,2.2u 16V,Capacitor 2.2u 16V X7R 0603,,,0603,GENERIC,
117,6,PCS-PWR: 6,2.2u 50V,Capacitor 2.2u 50V X7R 0805,,,0805,GENERIC,
118,2,PCS-CTL-3W: 2,2.2u 50V,Capacitor 2.2u 10% 50V X7R 1206,,,1206,GENERIC,
119,1,PCS-CTL-3W: 1,2.43k,Resistor 2.43k 0.1% 0603 25 ppm/K,,,0603,GENERIC,
120,4,PCS-CTL-3W: 4,2.49k,Resistor 2.49k 0.1% 0603 25 ppm/K,,,0603,GENERIC,
121,1,PCS-CTL-3W: 1,2.87k,Resistor 2.87k 1% 0603,,,0603,GENERIC,
122,2,PCS-PWR: 2,20.0k,Resistor 20.0k 0.1% 0603,,,0603,GENERIC,
123,1,PCS-CTL-3W: 1,200k,Resistor 200k 1% 0603,,,0603,GENERIC,
124,6,PCS-PWR: 6,220R,Resistor 220R 1% 0603,,,0603,GENERIC,
125,1,PCS-PWR: 1,220k,Resistor 220k 1% 0603 SPD_N high = varistor network open,,,0603,GENERIC,
126,1,PCS-PWR: 1,220p 50V,Capacitor 220p 50V C0G 0603,,,0603,GENERIC,
127,36,PCS-PWR: 36,22R,Resistor 22R 1% 1206 SC booster: sets two-level gate and turn-off di/dt,,,1206,GENERIC,
128,7,PCS-PWR: 7,22k,Resistor 22k 1% 0603,,,0603,GENERIC,
129,2,PCS-PWR: 2,22n 2kV,Capacitor 22n 2kV X7R 1812,,,1812,GENERIC,
130,2,PCS-PWR: 2,22u 10V,Capacitor 22u 10% 10V X7R 0805,,,0805,GENERIC,
131,2,PCS-CTL-3W: 2,22u 10V,Capacitor 22u 10% 10V X7R 1206,,,1206,GENERIC,
132,6,PCS-PWR: 6,22u 16V,Capacitor 22u 10% 16V X7R 1206,,,1206,GENERIC,
133,12,PCS-PWR: 12,22u 25V,Capacitor 22u 25V X7R 1210,,,1210,GENERIC,
134,2,PCS-PWR: 2,24.9k,Resistor 24.9k 0.1% 0603,,,0603,GENERIC,
135,1,PCS-PWR: 1,3.3n 50V,Capacitor 3.3n 50V C0G 0603,,,0603,GENERIC,
136,1,PCS-PWR: 1,3.57k,Resistor 3.57k 0.1% 0603,,,0603,GENERIC,
137,6,PCS-PWR: 6,3.65k,Resistor 3.65k 1% 0603,,,0603,GENERIC,
138,2,PCS-PWR: 2,30.1k,Resistor 30.1k 0.1% 0603,,,0603,GENERIC,
139,1,PCS-CTL-3W: 1,30.9k,Resistor 30.9k 0.1% 0603 25 ppm/K,,,0603,GENERIC,
140,1,PCS-PWR: 1,31.6k,Resistor 31.6k 0.1% 0603,,,0603,GENERIC,
141,4,PCS-CTL-3W: 4,32.4k,Resistor 32.4k 0.1% 0603 25 ppm/K,,,0603,GENERIC,
142,1,PCS-CTL-3W: 1,324k,Resistor 324k 1% 0603,,,0603,GENERIC,
143,6,PCS-PWR: 6,330R,Resistor 330R 1% 0603,,,0603,GENERIC,
144,2,PCS-PWR: 2,330R,Resistor 330R 1% 0805 SSR input 11 mA (IF(ON) 7-30 mA),,,0805,GENERIC,
145,1,PCS-CTL-3W: 1,33k,Resistor 33k 1% 0805,,,0805,GENERIC,
146,1,PCS-PWR: 1,348k,Resistor 348k 1% 0603,,,0603,GENERIC,
147,4,PCS-CTL-3W: 4,36.5k,Resistor 36.5k 0.1% 0603 25 ppm/K,,,0603,GENERIC,
148,4,PCS-PWR: 4,37.4,"Resistor 37.4 1% 2512 economiser hold resistor, 4 in series = 150 ohm",,,2512,GENERIC,
149,6,PCS-PWR: 6,4.02k,Resistor 4.02k 0.1% 0603,,,0603,GENERIC,
150,36,PCS-PWR: 36,4.7R,Resistor 4.7R 1% 0603,,,0603,GENERIC,
151,6,PCS-PWR: 6,4.7k,Resistor 4.7k 1% 0805 COM bias: sources the ATL431 shunt,,,0805,GENERIC,
152,8,PCS-CTL-3W: 5; PCS-PWR: 3,4.7k,Resistor 4.7k 1% 0603,,,0603,GENERIC,
153,1,PCS-CTL-3W: 1,4.7n 100V,Capacitor 4.7n 10% 100V X7R 0603,,,0603,GENERIC,
154,1,PCS-CTL-3W: 1,4.7n 1kV,Capacitor 4.7n 10% 1kV X7R 1206,,,1206,GENERIC,
155,18,PCS-PWR: 18,4.7n 2000V,Capacitor 4.7n 5% 2000V C0G 2220,,,2220,GENERIC,
156,10,PCS-PWR: 10,4.7n 50V,Capacitor 4.7n 5% 50V C0G 0603,,,0603,GENERIC,
157,6,PCS-PWR: 6,4.7u 50V,Capacitor 4.7u 50V X7R 1206,,,1206,GENERIC,
158,4,PCS-PWR: 4,4.7u 50V,Capacitor 4.7u 50V X7R 1210,,,1210,GENERIC,
159,1,PCS-PWR: 1,4.99k,Resistor 4.99k 1% 0603 RDY pull-up (power board),,,0603,GENERIC,
160,4,PCS-CTL-3W: 4,4.99k,Resistor 4.99k 0.1% 0603 25 ppm/K,,,0603,GENERIC,
161,1,PCS-CTL-3W: 1,4.99k,Resistor 4.99k 1% 0603,,,0603,GENERIC,
162,2,PCS-CTL-3W: 2,470R,Resistor 470R 1% 0603,,,0603,GENERIC,
163,2,PCS-PWR: 2,470p 50V,Capacitor 470p 5% 50V C0G 0603,,,0603,GENERIC,
164,1,PCS-PWR: 1,470p 50V,Capacitor 470p 50V C0G 0603,,,0603,GENERIC,
165,4,PCS-CTL-3W: 4,47R,Resistor 47R 1% 0603,,,0603,GENERIC,
166,2,PCS-PWR: 2,47k,Resistor 47k 1% 0603,,,0603,GENERIC,
167,10,PCS-CTL-3W: 4; PCS-PWR: 6,47p 50V,Capacitor 47p 5% 50V C0G 0603,,,0603,GENERIC,
168,1,PCS-CTL-3W: 1,49.9k,Resistor 49.9k 1% 0603,,,0603,GENERIC,
169,1,PCS-CTL-3W: 1,5.11k,Resistor 5.11k 0.1% 0603 25 ppm/K,,,0603,GENERIC,
170,1,PCS-CTL-3W: 1,53.6k,Resistor 53.6k 1% 0603,,,0603,GENERIC,
171,1,PCS-PWR: 1,56k,Resistor 56k 1% 0603 pull-in window R_t C_t = 56 ms,,,0603,GENERIC,
172,1,PCS-PWR: 1,57.6k,Resistor 57.6k 0.1% 0603,,,0603,GENERIC,
173,2,PCS-PWR: 2,6.04k,Resistor 6.04k 0.1% 0603,,,0603,GENERIC,
174,1,PCS-PWR: 1,6.49k,Resistor 6.49k 0.1% 0603,,,0603,GENERIC,
175,1,PCS-PWR: 1,6.81M,Resistor 6.81M 1% 0603,,,0603,GENERIC,
176,2,PCS-CTL-3W: 2,60.4R,Resistor 60.4R 1% 0805,,,0805,GENERIC,
177,2,PCS-PWR: 2,64.9k,Resistor 64.9k 1% 0603,,,0603,GENERIC,
178,1,PCS-PWR: 1,649k,Resistor 649k 0.1% 0603,,,0603,GENERIC,
179,1,PCS-CTL-3W: 1,680R,Resistor 680R 1% 0603,,,0603,GENERIC,
180,1,PCS-PWR: 1,680n 25V,Capacitor 680n 10% 25V X7R 1206,,,1206,GENERIC,
181,1,PCS-PWR: 1,68n 50V,Capacitor 68n 5% 50V C0G 1206,,,1206,GENERIC,
182,2,PCS-PWR: 2,68p 500V,Capacitor 68p 500V C0G 1206,,,1206,GENERIC,
183,1,PCS-PWR: 1,73.2k,Resistor 73.2k 1% 0603,,,0603,GENERIC,
184,6,PCS-PWR: 6,77.7k,Resistor 77.7k 0.1% 0603,,,0603,GENERIC,
185,1,PCS-PWR: 1,8.06k,Resistor 8.06k 0.1% 0603,,,0603,GENERIC,
186,1,PCS-PWR: 1,8.45k,Resistor 8.45k 0.1% 0603,,,0603,GENERIC,
187,36,PCS-PWR: 36,8.75R,"Resistor 8.75R 1% 2512 Ron, pulse-rated thick film 1 W",,,2512,GENERIC,
188,36,PCS-PWR: 36,8.75R,"Resistor 8.75R 1% 2512 Roff, pulse-rated thick film 1 W",,,2512,GENERIC,
189,12,PCS-PWR: 12,82.5k,"Resistor 82.5k 1% 2512 monitor loop, <= 300 V per element in an In surge",,,2512,GENERIC,
190,1,PCS-PWR: 1,86.6k,Resistor 86.6k 0.1% 0603,,,0603,GENERIC,
191,8,PCS-PWR: 8,93.1k,"Resistor 93.1k 1% 1210 HV thick film, >= 200 V working",,,1210,GENERIC,
192,12,chassis: 12,PA66 standoff,"Board standoff, insulating",,,chassis,GENERIC,
193,1,PCS-CTL-3W: 1,Chassis (PE) bonding mounting hole,Chassis (PE) bonding mounting hole,,,M3 plated hole,NOPART,
194,2,PCS-PWR: 2,Net tie: single AGND-GND star point,Net tie: single AGND-GND star point,,,net tie,NOPART,
195,1,PCS-PWR: 1,PE bond M4 (IMD divider reference),PE bond: plated M4 mounting hole + serrated washer to chassis PE,,,plated M4 hole,NOPART,
196,1,PCS-PWR: 1,PE bond M4 (board PE),PE bond: plated M4 mounting hole + serrated washer to chassis PE,,,plated M4 hole,NOPART,
197,1,PCS-PWR: 1,"PE_T link to chassis PE: removable strap, OPEN for the hipot test (IC-23)","PE_T link to chassis PE: removable strap, OPEN for the hipot test (IC-23)",,,2 plated M4 holes + removable strap,NOPART,
198,3,PCS-CTL-3W: 3,"Solder jumper, open by default","Solder jumper, open by default",,,solder jumper,NOPART,
199,10,PCS-CTL-3W: 5; PCS-PWR: 5,TP,Test point,,,TP,NOPART,
200,2,PCS-PWR: 2,0.2m,Current sense resistor 0.2 mOhm 1 % 12 W (two in parallel),Bourns,CSS2H-3920R-L200F,3920 metal strip,ORDERABLE,docs/datasheets/sensing/CSS2H-3920.pdf
201,6,PCS-PWR: 6,SMCJ33A,"TVS unidirectional 1500 W, VRWM 33 V, VBR 36.7-40.6 V (AUX75 clamp, 6 in series)",Bourns,SMCJ33A,DO-214AB (SMC),ORDERABLE,docs/datasheets/protection/SMCJ_Bourns.pdf
202,1,PCS-CTL-3W: 1,CA-IS3050W,"Isolated CAN transceiver 1 Mbps, 5 kVrms, VIMP 9.8 kV / VIOSM 12.8 kV, 3.3 V logic, 5 V bus side",Chipanalog,CA-IS3050W,SOIC-16 WB (W),ORDERABLE,docs/datasheets/isolation-interface/CA-IS305x.pdf
203,1,PCS-CTL-3W: 1,CA-IS3082WNX,"Isolated half-duplex RS-485 transceiver 500 kbps, 5 kVrms, VIOSM 8 kV, fail-safe receiver",Chipanalog,CA-IS3082WNX,SOIC-16 WB (W),ORDERABLE,docs/datasheets/isolation-interface/CA-IS308x.pdf
204,2,PCS-PWR: 2,CA-IS3417WT,"Isolated 1700 V back-to-back SiC SSR, 50 ohm, opto-compatible input: IMD string switch",Chipanalog,CA-IS3417WT,SOIC12-WB (WT),ORDERABLE,docs/datasheets/isolation-interface/CA-IS3417WT.pdf
205,1,PCS-CTL-3W: 1,CA-IS3820LG,"Reinforced 2-ch digital isolator 2 fwd, default LOW, 5.7 kVrms, VIOSM 8 kV",Chipanalog,CA-IS3820LG,"SOIC-8 WB (G) 5.85x7.5 mm, 8 mm CLR/CPG",ORDERABLE,docs/datasheets/isolation-interface/CA-IS382x.pdf
206,2,PCS-CTL-3W: 2,CA-IS3821LG,"Reinforced 2-ch digital isolator 1 fwd + 1 rev, default LOW, 5.7 kVrms, VIOSM 8 kV",Chipanalog,CA-IS3821LG,"SOIC-8 WB (G) 5.85x7.5 mm, 8 mm CLR/CPG",ORDERABLE,docs/datasheets/isolation-interface/CA-IS382x.pdf
207,1,PCS-CTL-3W: 1,CA-IS3842HW,"Reinforced 4-ch digital isolator 2 fwd + 2 rev, default HIGH, 5.7 kVrms, VIOSM 8 kV",Chipanalog,CA-IS3842HW,"SOIC-16 WB (W) 10.3x7.5 mm, 8 mm CLR/CPG",ORDERABLE,docs/datasheets/isolation-interface/CA-IS384x.pdf
208,6,PCS-PWR: 6,KF2EDGR-3.5-2P,"NTC leads (heatsink probe / inductor winding NTC), 2-pin pluggable",Cixi Kefa,KF2EDGR-3.5-2P,2p 3.5 mm pluggable header,ORDERABLE,docs/datasheets/connectors/KEFA-KF2EDGR-3.5.pdf
209,1,PCS-PWR: 1,KF2EDGR-3.5-2P,"SELV 24 V (AUX-T1 reinforced winding) to the control board's SELV zone: >= 10 mm from live copper, double-insulated wires (ARCHITECTURE 10, J2)",Cixi Kefa,KF2EDGR-3.5-2P,2p 3.5 mm pluggable header,ORDERABLE,docs/datasheets/connectors/KEFA-KF2EDGR-3.5.pdf
210,1,PCS-CTL-3W: 1,KF2EDGR-3.81-2P,Pluggable header 2-pos 3.81 mm 300 V 8 A (plug KF2EDGK-3.81-2P): SELV 24 V input,Cixi Kefa Electronic,KF2EDGR-3.81-2P,pluggable 2-pos 3.81 mm R/A,ORDERABLE,docs/datasheets/connectors/KEFA-KF2EDGR-3.81.pdf
211,3,PCS-CTL-3W: 3,KF2EDGR-3.81-6P,Pluggable header 6-pos 3.81 mm (plug KF2EDGK-3.81-6P): bus or stop loop in/out + 0 V + screen (SELV),Cixi Kefa Electronic,KF2EDGR-3.81-6P,pluggable 6-pos 3.81 mm R/A,ORDERABLE,docs/datasheets/connectors/KEFA-KF2EDGR-3.81.pdf
212,1,PCS-CTL-3W: 1,KF2EDGR-3.81-8P,"Pluggable header 8-pos 3.81 mm (plug KF2EDGK-3.81-8P): relay NO / COM / NC, DI1, ready permissive, 0 V (SELV)",Cixi Kefa Electronic,KF2EDGR-3.81-8P,pluggable 8-pos 3.81 mm R/A,ORDERABLE,docs/datasheets/connectors/KEFA-KF2EDGR-3.81.pdf
213,3,PCS-PWR: 3,1.6A 500VAC,"Fuse 1.6 A 500 V AC/DC super fast-acting, 200 A interrupting at 500 V, ceramic 6.3 x 32 mm, axial (AC start-up tap, one per phase behind its 20 ohm)",Conquer Electronic,ABB-A 1.60,"6.3 x 32 mm ceramic, axial leads 0.8 mm (ABB-A)",ORDERABLE,docs/datasheets/protection/Conquer-Axial-Lead-Cartridge-Fuse.pdf
214,3,chassis: 3,AFB1224SHE-F00,"Fan 120 x 120 x 38 mm 24 V with PWM input and tach, one per heatsink section (pcs_spec heatsink) - RATED -10..+60 C ONLY (PV risk R-05)",Delta Electronics (TW),AFB1224SHE-F00,chassis,ORDERABLE,docs/datasheets/thermal/AFB1224SHE-F00.pdf
215,5,PCS-PWR: 5,S2M-13-F,Rectifier 1000 V 1.5 A,Diodes Inc,S2M-13-F,SMB,ORDERABLE,docs/datasheets/power-semiconductors/S2M.pdf
216,1,PCS-PWR: 1,US1G-13-F,Ultrafast rectifier 400 V 1 A,Diodes Incorporated,US1G-13-F,SMA,ORDERABLE,docs/datasheets/power-semiconductors/US1M.pdf
217,6,PCS-PWR: 6,ZXTN25040DFHTA,"NPN 40 V 4 A (10 A pulse), hFE >= 300 at 1 A: Miller-clamp release of a 6-gate channel",Diodes Incorporated,ZXTN25040DFHTA,SOT-23,ORDERABLE,docs/datasheets/power-semiconductors/ZXTN25040DFH.pdf
218,18,PCS-PWR: 18,ZXTP25040DFHTA,PNP 40 V 3 A (9 A pulse) low VCEsat: local Miller-hold follower at each gate,Diodes Incorporated,ZXTP25040DFHTA,SOT-23,ORDERABLE,docs/datasheets/power-semiconductors/ZXTP25040DFH.pdf
219,2,PCS-PWR: 2,36A gPV 14x51,"Varistor branch fuse CH14x51 gPV 36 A 1000 V DC, 30 kA (L/R 2 ms), pre-arc 450 A2s",ETI,002637115,14x51 cartridge in 2 x CH14-PCB clips,ORDERABLE,docs/datasheets/protection/ETI-Green-Protect.pdf
220,4,PCS-PWR: 4,006710340,Fuse clip CH14-PCB (two per varistor branch fuse),ETI,006710340,PCB clip for 14 mm cartridge,ORDERABLE,docs/datasheets/protection/ETI-Green-Protect.pdf
221,1,PCS-CTL-3W: 1,GD25Q32ESIGR,"SPI NOR flash 32 Mbit (4 MB), 133 MHz, 100k cycles, 20 y retention, -40..85 C (fault recorder, images)",GigaDevice,GD25Q32ESIGR,SOP-8 208 mil,ORDERABLE,docs/datasheets/controllers/GD25Q32E.pdf
222,1,PCS-CTL-3W: 1,CBW160808U301T,Ferrite bead 300 R at 100 MHz (VDDA pi filter),Guangdong Fenghua Advanced Technology,CBW160808U301T,0603,ORDERABLE,docs/datasheets/magnetics/Fenghua-CBW.pdf
223,1,PCS-CTL-3W: 1,HR913550AE,"RJ45 10/100BASE-T, integrated magnetics + Bob-Smith, green / yellow LED, -40..+85 C, 2250 V DC",HanRun (Zhongshan HanRun Elec),HR913550AE,"RJ45 THT right angle, 1:1 magnetics, 2 LEDs",ORDERABLE,docs/datasheets/connectors/HanRun-HR913550AE.pdf
224,1,PCS-CTL-3W: 1,HFD27/005-S,"Signal relay 2 Form C, 5 V 200 mW coil (125 ohm), 2 A 30 V DC / 1 A 125 V AC, 1500 V AC coil-contact, -40..85 C",Hongfa,HFD27/005-S,DIP-16 relay 20.2x10.2 mm,ORDERABLE,docs/datasheets/protection/Hongfa-HFD27.pdf
225,1,PCS-PWR: 1,HFE82V-300C/1000-24-H-C5-1,"CHASSIS-MOUNTED main contactor 300 A 1000 VDC, no polarity, 24 V 6 W coil, no aux contact",Hongfa,HFE82V-300C/1000-24-H-C5-1,"chassis, M6 female + coil connector",ORDERABLE,docs/datasheets/protection/Hongfa-HFE82V-300C.pdf
226,3,PCS-PWR: 3,BSS126H6327XTSA2,"N-MOSFET 600 V depletion mode, IDSS >= 7 mA (HV start-up cascode)",Infineon,BSS126H6327XTSA2,SOT-23,ORDERABLE,docs/datasheets/power-semiconductors/BSS126.pdf
227,1,PCS-PWR: 1,IV2Q171R0D7Z,"SiC MOSFET 1700 V 1 Ohm, Kelvin source, AEC-Q101; alternate Sichain SG2M1K0170J2J (same pin-out)",InventChip,IV2Q171R0D7Z,TO-263-7,ORDERABLE,docs/datasheets/power-semiconductors/IV2Q171R0D7Z.pdf
228,27,PCS-PWR: 27,FCSA3DS225K050IC90BE3,"PP film 2.2 uF 10 %, 1300 VDC (70 C) / 1100 VDC (85 C), Imax 3.9 A (85 C) / 5.2 A (70 C), peak 176 A, ESR 22.5 mOhm, Ls 25 nH, 80 V/us (leg decoupling)",Jianghai,FCSA3DS225K050IC90BE3,"2-pin 32 x 14 x 28 mm, pitch 27.5 mm",ORDERABLE,docs/datasheets/passives-capacitors/Jianghai-JE26-Film.pdf
229,2,PCS-PWR: 2,3.3u 1300V,"Film capacitor 3.3 uF 1300 VDC, PP DC link, IEC 61071 (input surge absorber); was KEMET C4AQUBU4330A11J",Jianghai,FCSA3DS335K050ID90BE3,"radial 27.5 mm, 2 pins 5.0 mm, 32 x 28 x 18 mm",ORDERABLE,docs/datasheets/passives-capacitors/Jianghai-JE26-Film.pdf
230,4,PCS-PWR: 4,PCV1HVF101MB12FV-WE3,"Aluminium polymer capacitor 100 uF 50 V, ESR 25 mOhm, 3.8 A, 3000 h @ 105 C (JE26 p17); was Wurth 875115655003",Jianghai,PCV1HVF101MB12FV-WE3,SMD V-chip 8.0 x 12.2 mm,ORDERABLE,docs/datasheets/passives-capacitors/Jianghai-JE26-Polymer.pdf
231,1,PCS-CTL-3W: 1,SM712,RS-485 asymmetric TVS array -7/+12 V,MDD (Microdiode Semiconductor),SM712,SOT-23,ORDERABLE,docs/datasheets/protection/MDD-SM712.pdf
232,5,PCS-PWR: 5,SMBJ33A,"TVS 33 V unidirectional, relay coil clamp zener",MDD (Microdiode Semiconductor),SMBJ33A,SMB,ORDERABLE,docs/datasheets/protection/MDD-SMBJ-series.pdf
233,1,PCS-CTL-3W: 1,SMBJ36A,"TVS 600 W unidirectional, VRWM 36 V (SELV 24 V input)",MDD (Microdiode Semiconductor),SMBJ36A,SMB,ORDERABLE,docs/datasheets/protection/MDD-SMBJ-series.pdf
234,1,PCS-CTL-3W: 1,SMBJ58CA,"TVS 600 W bidirectional, VRWM 58 V (SELV 0 V to PE)",MDD (Microdiode Semiconductor),SMBJ58CA,SMB,ORDERABLE,docs/datasheets/protection/MDD-SMBJ-series.pdf
235,2,PCS-CTL-3W: 2,SS56,Schottky rectifier 60 V 5 A (buck catch diode),MDD (Microdiode Semiconductor),SS56,SMA (DO-214AC),ORDERABLE,docs/datasheets/power-semiconductors/MDD-SS5x.pdf
236,1,PCS-CTL-3W: 1,SRV05-4,"ESD array 4 lines + rail, VRWM 5 V, CJ <= 0.8 pF, IEC 61000-4-2 +/-12 kV contact (Ethernet MDI, chip side)",MSKSEMI,SRV05-4,SOT-23-6,ORDERABLE,docs/datasheets/protection/MSKSEMI-SRV05-4.pdf
237,1,PCS-PWR: 1,NCP15XH103F03RC,"NTC 10 k 1 % B25/50 3380 K (DC-link film bank, on board)",Murata,NCP15XH103F03RC,0402,ORDERABLE,docs/datasheets/sensing/Murata-NCP-NTC.pdf
238,1,PCS-CTL-3W: 1,NCP15XH103F03RC,"NTC 10 k 1 % B25/50 3380 K (inlet air, on board)",Murata,NCP15XH103F03RC,0402,ORDERABLE,docs/datasheets/sensing/Murata-NCP-NTC.pdf
239,6,PCS-PWR: 6,NSI6651ASC-Q1SWR,"Isolated smart SiC gate driver 10 A, DESAT + soft turn-off, Miller clamp, FLT/RDY; reinforced VDE 0884-17 (40052820) VIORM 2121 Vpk, UL 1577 5.7 kVrms; AEC-Q100 grade 1. Alternate: NSI6651ASC-DSWR",NOVOSENSE,NSI6651ASC-Q1SWR,SOW-16 (10.3 x 7.5 mm),ORDERABLE,docs/datasheets/gate-drivers/NSI66x1A-Q1.pdf
240,1,PCS-PWR: 1,2N7002BK,N-MOSFET 60 V 350 mA logic level,Nexperia,2N7002BK,SOT-23,ORDERABLE,docs/datasheets/power-semiconductors/2N7002BK.pdf
241,4,PCS-PWR: 4,"2N7002BK,215",N-MOSFET 60 V 350 mA (logic switch),Nexperia,"2N7002BK,215",SOT-23,ORDERABLE,docs/datasheets/power-semiconductors/2N7002BK.pdf
242,1,PCS-CTL-3W: 1,"2N7002BK,215","N-MOSFET 60 V 350 mA, fan PWM open-drain driver",Nexperia,"2N7002BK,215",SOT-23,ORDERABLE,docs/datasheets/power-semiconductors/2N7002BK.pdf
243,2,PCS-CTL-3W: 1; PCS-PWR: 1,BAS16,"Switching diode 100 V 215 mA, low leakage",Nexperia,BAS16,SOT-23,ORDERABLE,docs/datasheets/protection/BAS16.pdf
244,1,PCS-PWR: 1,"BAS16,215","Switching diode 100 V 215 mA, low leakage (timer latch)",Nexperia,"BAS16,215",SOT-23,ORDERABLE,docs/datasheets/protection/BAS16.pdf
245,18,PCS-PWR: 18,BAT54,"Schottky diode 30 V 200 mA, trr <= 5 ns",Nexperia,BAT54,SOT-23,ORDERABLE,docs/datasheets/protection/BAT54.pdf
246,4,PCS-PWR: 4,"BAT54,215",Schottky diode 30 V 200 mA,Nexperia,"BAT54,215",SOT-23,ORDERABLE,docs/datasheets/protection/BAT54.pdf
247,6,PCS-PWR: 6,BAT54S,Dual series Schottky 30 V 200 mA (sense-node clamp to COM and VDD),Nexperia,BAT54S,SOT-23,ORDERABLE,docs/datasheets/protection/BAT54S.pdf
248,1,PCS-PWR: 1,"BAT54S,215",Dual series Schottky 30 V (soft start: clamp + discharge),Nexperia,"BAT54S,215",SOT-23,ORDERABLE,docs/datasheets/protection/BAT54S.pdf
249,1,PCS-PWR: 1,"BC817-25,215",NPN 45 V 500 mA (VDD emitter follower),Nexperia,"BC817-25,215",SOT-23,ORDERABLE,docs/datasheets/power-semiconductors/BC817.pdf
250,9,PCS-PWR: 9,BSS138BK,N-MOSFET 60 V 360 mA,Nexperia,BSS138BK,SOT-23,ORDERABLE,docs/datasheets/power-semiconductors/BSS138BK.pdf
251,1,PCS-PWR: 1,"BZX84-A18,215",Zener 18 V 1 % (VDD follower reference = SiC gate drive),Nexperia,"BZX84-A18,215",SOT-23,ORDERABLE,docs/datasheets/protection/BZX84.pdf
252,13,PCS-PWR: 13,BZX84-B10,Zener 10 V 2 % 250 mW (SC trigger level / booster gate clamp),Nexperia,BZX84-B10,SOT-23,ORDERABLE,docs/datasheets/protection/BZX84.pdf
253,36,PCS-PWR: 36,"BZX84-B20,215","Zener 20 V 2 % 250 mW (gate clamp, positive, +18 V rail)",Nexperia,"BZX84-B20,215",SOT-23,ORDERABLE,docs/datasheets/protection/BZX84.pdf
254,1,PCS-PWR: 1,"BZX84-B20,215",Zener 20 V 2 % (VDD / gate over-voltage clamp),Nexperia,"BZX84-B20,215",SOT-23,ORDERABLE,docs/datasheets/protection/BZX84.pdf
255,12,PCS-PWR: 12,BZX84-B3V3,Zener 3.3 V 2 % 250 mW (clamp-FET gate supply / trigger shift),Nexperia,BZX84-B3V3,SOT-23,ORDERABLE,docs/datasheets/protection/BZX84.pdf
256,1,PCS-PWR: 1,"BZX84-B3V3,215",Zener 3.3 V 2 % (PG buffer rail),Nexperia,"BZX84-B3V3,215",SOT-23,ORDERABLE,docs/datasheets/protection/BZX84.pdf
257,36,PCS-PWR: 36,BZX84-B4V7,"Zener 4.7 V 2 % 250 mW (gate clamp, negative, -3/-3.5 V rail)",Nexperia,BZX84-B4V7,SOT-23,ORDERABLE,docs/datasheets/protection/BZX84.pdf
258,6,PCS-PWR: 6,BZX84-B5V6,"Zener 5.6 V 2 % 250 mW (gate clamp, negative)",Nexperia,BZX84-B5V6,SOT-23,ORDERABLE,docs/datasheets/protection/BZX84.pdf
259,1,PCS-PWR: 1,"BZX84-B6V8,215",Zener 6.8 V 2 % (foldback threshold),Nexperia,"BZX84-B6V8,215",SOT-23,ORDERABLE,docs/datasheets/protection/BZX84.pdf
260,1,PCS-PWR: 1,BZX84-C15,Zener 15 V 250 mW,Nexperia,BZX84-C15,SOT-23,ORDERABLE,docs/datasheets/protection/BZX84.pdf
261,2,PCS-CTL-3W: 2,"BZX84-C5V1,215",Zener 5.1 V 5 % 250 mW (ENABLE input clamp),Nexperia,"BZX84-C5V1,215",SOT-23,ORDERABLE,docs/datasheets/protection/BZX84.pdf
262,12,PCS-PWR: 12,"MMBT3904,215",NPN 40 V 200 mA (clamp release / SC trigger),Nexperia,"MMBT3904,215",SOT-23,ORDERABLE,docs/datasheets/power-semiconductors/Nexperia-MMBT3904.pdf
263,6,PCS-PWR: 6,"MMBT3906,215",PNP 40 V 200 mA (clamp inverter / SC booster),Nexperia,"MMBT3906,215",SOT-23,ORDERABLE,docs/datasheets/power-semiconductors/Nexperia-MMBT3906.pdf
264,6,PCS-PWR: 6,"PBSS5540X,135","PNP 40 V 4 A low VCEsat, AEC-Q101: pass transistor of the per-channel bias regulator",Nexperia,"PBSS5540X,135",SOT-89,ORDERABLE,docs/datasheets/power-semiconductors/Nexperia-PBSS5540X.pdf
265,60,PCS-PWR: 60,PMEG4010CEJ,Schottky rectifier 40 V 1 A low Vf,Nexperia,PMEG4010CEJ,SOD-323F,ORDERABLE,https://www.nexperia.com/product/PMEG4010CEJ
266,43,PCS-PWR: 43,PMV30ENEAR,"N-MOSFET 40 V 4.8 A (19 A pulse), <= 40 mOhm at VGS 4.5 V, AEC-Q101: Miller clamp / SC booster",Nexperia,PMV30ENEAR,SOT-23,ORDERABLE,docs/datasheets/power-semiconductors/Nexperia-PMV30ENEA.pdf
267,1,PCS-PWR: 1,PMV30ENEAR,N-MOSFET 40 V 4.8 A: coil economiser bypass (pull-in),Nexperia,PMV30ENEAR,SOT-23,ORDERABLE,docs/datasheets/power-semiconductors/Nexperia-PMV30ENEA.pdf
268,2,PCS-PWR: 2,G7L-2A-X DC24,"Precharge relay DPST-NO, poles in series: 25 A @ 1000 VDC normal polarity only, 24 V coil 250 ohm",Omron,G7L-2A-X DC24,PCB relay 52.5x35.5 mm,ORDERABLE,docs/datasheets/protection/G7L-X.pdf
269,2,PCS-PWR: 2,35ZLH1500MEFC12.5X30,"Aluminium electrolytic 1500 uF 35 V, low Z, 10000 h @ 105 C (AUX75 live hold-up)",Rubycon,35ZLH1500MEFC12.5X30,"radial 12.5 x 30 mm, 5.0 mm pitch",ORDERABLE,docs/datasheets/passives-capacitors/Rubycon-ZLH.pdf
270,1,PCS-CTL-3W: 1,FXL0530-220-M,"Power inductor 22 uH 20 %, Isat 2.0 A, Irms 1.5 A, 248 mOhm (SELV 5 V)",SZ Cjiang Technology,FXL0530-220-M,5.4x5.2x3.0 mm molded,ORDERABLE,docs/datasheets/magnetics/Cjiang-FXL.pdf
271,1,PCS-CTL-3W: 1,FXL0840-330-M,"Power inductor 33 uH 20 %, Isat 3.3 A, Irms 3.0 A, 156 mOhm (fan supply)",SZ Cjiang Technology,FXL0840-330-M,8.0x8.0x4.0 mm molded,ORDERABLE,docs/datasheets/magnetics/Cjiang-FXL.pdf
272,2,PCS-PWR: 2,0090.1001,"Fuse 1 A 1000 VDC gPV, 20 kA breaking, PCB pins (one per DC port, behind 2 x 22 R)",Schurter,0090.1001,"10.3 x 38 mm, PCB pins",ORDERABLE,docs/datasheets/protection/ASO-0090.1001.pdf
273,1,PCS-CTL-3W: 1,X1G0041710033,"SPXO SG-210STF 25.000000 MHz L, CMOS 1.6-3.63 V, +/-50 ppm, -40..85 C",Seiko Epson,X1G0041710033,SMD 2.5x2.0 mm 4-pad,ORDERABLE,docs/datasheets/timing/Epson-SG-210STF.pdf
274,36,PCS-PWR: 36,SG2M040170HJ,"SiC MOSFET 1700 V 40 mOhm, TO-247-4L with driver source, VGS -8/+22 V abs, -4/+18 V op; no qualification stated (Sichain p14: consult for high reliability). Mount on PAD_AL2O3 (0.635 mm Al2O3, pcs_spec R_cs). ACCEPTANCE per switch: R_DS(on) of the six devices of one switch within +/-5 % of their mean at V_GS 18 V, I_D 38 A pulsed (< 200 us), T_J 25 C (incoming measurement or the maker's bin; the data sheet allows 40 typ / 52 max mOhm) - bounds the conduction share at k <= 1.086; V_GS(th) within +/-0.25 V (V_DS = V_GS, I_D 12 mA, 25 C; data-sheet spread 2.5-4.0 V) for the switching share; one lot per switch; ABSOLUTE: R_DS(on) <= 40.0 mOhm for each device at V_GS 18 V, I_D 38 A pulsed (< 200 us), T_J 25 C - the same incoming measurement as the +/-5 % matching rule (no extra test, no extra hardware); data sheet 40 typ / 52 max: parts between 40.0 and 52 mOhm are not scrapped - a module with any of them is grade B and runs grade B's tier table (pcs_spec desat rds_acceptance grade_tier_tables, by inlet, V_dc, PF and start state; at 45 C inlet continuous 196.8 A, 2 min = 200 ms 207.5 A; at 60 C 179.8 / 192.6 A, 110 % not held), a parameter set bound to the module serial",Sichain,SG2M040170HJ,TO-247-4L (tab = drain),ORDERABLE,docs/datasheets/power-semiconductors/SG2M040170HJ.pdf
275,3,PCS-PWR: 3,STK-250HO/4,"Open-loop Hall current sensor, I_PN 250 A rms, I_PM +/-625 A, 3.2 mV/A around Uref 2.5 V (own pin) at Vcc 5 V, 200 kHz, step response <= 2 us; 4.3 kV rms / 8 kV impulse, > 8 mm, CTI 600 (L1 -> C_f busbar)",Sinomags Technology,STK-250HO/4,"screw mount 40.8 x 32.1 mm, aperture 15 x 8 mm busbar, 5-pin 2 mm connector",ORDERABLE,docs/datasheets/sensing/Sinomags-STK-HO-4.pdf
276,12,PCS-PWR: 12,ATL431BIDBZR,"Shunt reference 2.5 V +/-1 %, 36 V: bias regulator and COM split",Texas Instruments,ATL431BIDBZR,SOT-23-3 (DBZ),ORDERABLE,docs/datasheets/power-supply/ATL431.pdf
277,1,PCS-PWR: 1,ATL431BIDBZR,"Shunt reference 2.5 V 0.5 %, Ika(min) 35 uA, 36 V",Texas Instruments,ATL431BIDBZR,SOT-23-3 (DBZ),ORDERABLE,docs/datasheets/power-supply/ATL431.pdf
278,1,PCS-CTL-3W: 1,ESD2CAN24DBZRQ1,2-channel 24 V CAN bus ESD/TVS diode,Texas Instruments,ESD2CAN24DBZRQ1,SOT-23 (DBZ),ORDERABLE,docs/datasheets/protection/ESD2CAN24-Q1.pdf
279,1,PCS-CTL-3W: 1,F280039CSPZR,"TMS320F280039C C28x + CLA 120 MHz, 384 kB flash, 16 ePWM, 3 x 12-bit ADC, 4 CMPSS, DCAN + MCAN, 100-pin PZ, -40..125 C",Texas Instruments,F280039CSPZR,LQFP-100 (PZ) 14x14 mm,ORDERABLE,docs/datasheets/controllers/TMS320F28003x.pdf
280,2,PCS-PWR: 2,LMR38020FDDAR,"Sync buck 4.2-80 V in, 2 A, FPWM, 1.0 V ref, PG",Texas Instruments,LMR38020FDDAR,SO-8 PowerPAD (DDA),ORDERABLE,docs/datasheets/power-supply/LMR38020.pdf
281,8,PCS-PWR: 8,OPA2388IDR,"Dual zero-drift RRIO op amp, 10 MHz, 2.5-5.5 V",Texas Instruments,OPA2388IDR,SOIC-8 (D),ORDERABLE,docs/datasheets/sensing/OPA4388.pdf
282,2,PCS-CTL-3W: 1; PCS-PWR: 1,REF3030EAIDBZR,Voltage reference 3.0 V 0.1 % 15 ppm/K (hold threshold),Texas Instruments,REF3030EAIDBZR,SOT-23-3 (DBZ),ORDERABLE,docs/datasheets/sensing/REF3030.pdf
283,3,PCS-PWR: 3,SN6505BDBVR,"Push-pull transformer driver, 1 A, 420 kHz, soft start",Texas Instruments,SN6505BDBVR,SOT-23-6 (DBV),ORDERABLE,docs/datasheets/power-supply/SN6505B.pdf
284,9,PCS-PWR: 9,SN74AHCT1G08DBVR,"Single 2-input AND gate, 5 V, TTL inputs: EN_DRV -> EN_GD at the NSI6651 RST/EN level",Texas Instruments,SN74AHCT1G08DBVR,SOT-23-5 (DBV),ORDERABLE,docs/datasheets/isolation-interface/SN74AHCT1G08.pdf
285,1,PCS-CTL-3W: 1,SN74LVC07APWR,"Hex buffer, open-drain outputs, 5 V tolerant inputs, Ioff (trip wired-AND)",Texas Instruments,SN74LVC07APWR,TSSOP-14 (PW),ORDERABLE,docs/datasheets/isolation-interface/SN74LVC07A.pdf
286,6,PCS-CTL-3W: 6,SN74LVC08APWR,Quad 2-input AND,Texas Instruments,SN74LVC08APWR,TSSOP-14 (PW),ORDERABLE,docs/datasheets/isolation-interface/SN74LVC08A.pdf
287,4,PCS-PWR: 4,SN74LVC1G11DBVR,Single 3-input AND,Texas Instruments,SN74LVC1G11DBVR,SOT-23-6 (DBV),ORDERABLE,docs/datasheets/isolation-interface/SN74LVC1G11.pdf
288,1,PCS-CTL-3W: 1,SN74LVC1G123DCUR,"Retriggerable monostable, Schmitt inputs (heartbeat watchdog)",Texas Instruments,SN74LVC1G123DCUR,VSSOP-8 (DCU),ORDERABLE,docs/datasheets/isolation-interface/SN74LVC1G123.pdf
289,6,PCS-PWR: 6,SN74LVC1G17DBVR,"Single Schmitt-trigger buffer, 3.3 V",Texas Instruments,SN74LVC1G17DBVR,SOT-23-5 (DBV),ORDERABLE,docs/datasheets/isolation-interface/SN74LVC1G17.pdf
290,4,PCS-CTL-3W: 1; PCS-PWR: 3,SN74LVC1G32DBVR,Single 2-input OR,Texas Instruments,SN74LVC1G32DBVR,SOT-23-5 (DBV),ORDERABLE,docs/datasheets/isolation-interface/SN74LVC1G32.pdf
291,1,PCS-CTL-3W: 1,SN74LVC1G74DCUR,D flip-flop with async preset / clear,Texas Instruments,SN74LVC1G74DCUR,VSSOP-8 (DCU),ORDERABLE,docs/datasheets/isolation-interface/SN74LVC1G74.pdf
292,1,PCS-PWR: 1,TLV3202AIDGKR,"Dual comparator 40 ns, 40 uA/ch, push-pull, rail-to-rail inputs",Texas Instruments,TLV3202AIDGKR,VSSOP-8 (DGK),ORDERABLE,docs/datasheets/sensing/TLV3202.pdf
293,4,PCS-PWR: 4,TLV3502AIDCNR,Dual comparator rail-to-rail push-pull: over-current detect for the contactor hold,Texas Instruments,TLV3502AIDCNR,SOT-23-8 (DCN),ORDERABLE,docs/datasheets/sensing/TLV3502.pdf
294,5,PCS-CTL-3W: 5,TLV9024PWR,"Quad comparator, open drain, rail-to-rail input, VOS +/-2 mV (-40..125 C), 30 uA/ch, 1.65-5.5 V",Texas Instruments,TLV9024PWR,TSSOP-14 (PW),ORDERABLE,docs/datasheets/sensing/TLV9024.pdf
295,1,PCS-CTL-3W: 1,TLV9064IPWR,"Quad RRIO CMOS op amp 10 MHz, 1.8-5.5 V",Texas Instruments,TLV9064IPWR,TSSOP-14 (PW),ORDERABLE,docs/datasheets/sensing/TLV9064.pdf
296,1,PCS-CTL-3W: 1,TMUX1208PWR,"8:1 analog multiplexer, 1.08-5.5 V, low leakage",Texas Instruments,TMUX1208PWR,TSSOP-16 (PW),ORDERABLE,docs/datasheets/sensing/TMUX1208.pdf
297,1,PCS-PWR: 1,TPS3700DDCR,"Window voltage detector, 400 mV, two open-drain outputs",Texas Instruments,TPS3700DDCR,SOT-6 (DDC),ORDERABLE,docs/datasheets/power-supply/TPS3700.pdf
298,1,PCS-PWR: 1,TPS3710DDCR,"Voltage detector 400 mV 1 %, open-drain output, 1.8-18 V",Texas Instruments,TPS3710DDCR,SOT-23-6 (DDC),ORDERABLE,docs/datasheets/power-supply/TPS3710.pdf
299,1,PCS-PWR: 1,TPS3710DDCR,"Voltage detector 400 mV, open drain",Texas Instruments,TPS3710DDCR,SOT-6 (DDC),ORDERABLE,docs/datasheets/power-supply/TPS3710.pdf
300,1,PCS-CTL-3W: 1,TPS3828-33DBVR,"Supervisor 2.93 V + watchdog 1.6 s, open-drain reset 200 ms",Texas Instruments,TPS3828-33DBVR,SOT-23-5 (DBV),ORDERABLE,docs/datasheets/power-supply/TPS3823.pdf
301,2,PCS-CTL-3W: 2,TPS54360BDDAR,"Buck 4.5-60 V in, 3.5 A, current mode, EN 1.2 V threshold, 0.8 V 1 % reference",Texas Instruments,TPS54360BDDAR,HSOIC-8 PowerPAD (DDA),ORDERABLE,docs/datasheets/power-supply/TPS54360B.pdf
302,1,PCS-PWR: 1,TPS62130RGTR,"Sync buck 3-17 V in, 3 A, adjustable (VFB 0.8 V)",Texas Instruments,TPS62130RGTR,VQFN-16 3x3 (RGT),ORDERABLE,docs/datasheets/power-supply/TPS62130.pdf
303,1,PCS-CTL-3W: 1,TPS7A2033PDBVR,"LDO 3.3 V 300 mA, +/-1.5 % over line, load, temperature",Texas Instruments,TPS7A2033PDBVR,SOT-23-5 (DBV),ORDERABLE,docs/datasheets/power-supply/TPS7A20.pdf
304,1,PCS-PWR: 1,UCC28C59QDRQ1,"Current-mode PWM controller for SiC, UVLO 16/12.5 V, max duty 48 %, AEC-Q100",Texas Instruments,UCC28C59QDRQ1,SOIC-8 (D),ORDERABLE,docs/datasheets/power-supply/UCC28C58-Q1.pdf
305,6,PCS-PWR: 6,TVT25751KFKG,"Thermally protected varistor 615 VDC, Vc 1240 V @ 150 A, Imax 25 kA, thermal link + monitor lead",Thinking Electronic,TVT25751KFKG,"25 mm disc, 3 leads, potted",ORDERABLE,docs/datasheets/protection/Thinking-TVT-Series.pdf
306,6,PCS-CTL-3W: 6,4 x 10k,"Resistor array 4 x 10k 5 % 1/16 W 50 V, isolated (pull-downs on MCU command lines)",Uniroyal Electronics (UniOhm),4D03WGJ0103T5E,0603x4 concave,ORDERABLE,docs/datasheets/passives-capacitors/UniOhm-resistor-array.pdf
307,60,PCS-PWR: 60,1M,HV chip resistor 1.00 M 0.1 % 25 ppm/K,Viking Tech,ARHV06BTC1004A,1206,ORDERABLE,docs/datasheets/passives-capacitors/Viking-ARHV-A.pdf
308,16,PCS-PWR: 16,124k,HV chip resistor 124 k 0.1 % 25 ppm/K,Viking Tech,ARHV13BTC1243A,1210,ORDERABLE,docs/datasheets/passives-capacitors/Viking-ARHV-A.pdf
309,10,PCS-PWR: 10,BYG10Y-E3/TR,"Avalanche rectifier 1600 V 1.5 A, standard recovery",Vishay,BYG10Y-E3/TR,SMA (DO-214AC),ORDERABLE,docs/datasheets/power-semiconductors/BYG10Y.pdf
310,12,PCS-PWR: 12,BYG23T-M3/TR,"Ultrafast avalanche rectifier 1300 V 1 A trr 75 ns, E_R 5 mJ (DESAT string)",Vishay,BYG23T-M3/TR,SMA (DO-214AC),ORDERABLE,docs/datasheets/power-semiconductors/BYG23T.pdf
311,1,PCS-PWR: 1,CNY65B,"Optocoupler phototransistor, reinforced, VIOTM 12 kV, creepage >= 14 mm: varistor-network monitor",Vishay,CNY65B,DIP-4 HV 600 mil (15.24 mm),ORDERABLE,docs/datasheets/isolation-interface/CNY65.pdf
312,54,PCS-PWR: 54,15R,"Pulse-proof thick film 2512 15.0 ohm 1 %, 1.5 W at 70 C, 500 V (leg damper)",Vishay,CRCW251215R0FKEGHP,2512,ORDERABLE,docs/datasheets/passives-capacitors/CRCW-HP.pdf
313,4,PCS-PWR: 4,10M,"Resistor 10 M 1 % 2512 high-voltage thick film, 3000 V",Vishay,CRHV2512AF10M0FKFB,2512,ORDERABLE,docs/datasheets/passives-capacitors/CRHV.pdf
314,5,PCS-PWR: 5,IRFR9214TRPbF,P-MOSFET -250 V 3.0 ohm: hold-closed high-side switch,Vishay,IRFR9214TRPbF,DPAK (TO-252),ORDERABLE,docs/datasheets/power-semiconductors/IRFR9214.pdf
315,10,PCS-PWR: 10,4.99k,Thin-film resistor 4.99 k 0.1 % 25 ppm/K,Vishay,TNPW12064K99BEEA,1206,ORDERABLE,docs/datasheets/passives-capacitors/TNPW-e3.pdf
316,2,PCS-PWR: 2,VS-8ETU04S-M3,Ultrafast rectifier 400 V 8 A FRED Pt (output),Vishay,VS-8ETU04S-M3,D2PAK (TO-263AB),ORDERABLE,docs/datasheets/power-semiconductors/VS-8ETU04S-M3.pdf
317,5,PCS-PWR: 5,VY1472M63Y5UQ63V0,Y1 capacitor 4.7 nF 500 VAC / 1500 VDC,Vishay,VY1472M63Y5UQ63V0,"disc 16 mm, 10 mm leads",ORDERABLE,docs/datasheets/passives-capacitors/VY1.pdf
318,7,PCS-PWR: 7,20R,"Resistor 20 R 5 % 10 W cemented wirewound, pulse-rated (AUX75 tap, ahead of the fuse)",Vishay Draloric,AC10000002009JAB00,"axial cemented wirewound 10 W, 44 x 8 mm",ORDERABLE,docs/datasheets/passives-capacitors/AC-AC-AT-AC-NI.pdf
319,1,PCS-CTL-3W: 1,CH9121T,"Ethernet-UART transparent bridge, 10/100 MAC + PHY + TCP/IP, 2 UART, VCC33 3.2-3.4 V, -40..85 C",WCH (Nanjing Qinheng),CH9121T,TSSOP-20,ORDERABLE,docs/datasheets/isolation-interface/WCH-CH9121.pdf
320,1,PCS-CTL-3W: 1,150060RS75000,"LED 0603 red 625 nm, VF 2.0 V",Wurth Elektronik,150060RS75000,0603,ORDERABLE,docs/datasheets/passives-capacitors/WE-150060RS75000.pdf
321,1,PCS-CTL-3W: 1,150060VS75000,"LED 0603 bright green 570 nm, VF 2.0 V",Wurth Elektronik,150060VS75000,0603,ORDERABLE,docs/datasheets/passives-capacitors/WE-150060VS75000.pdf
322,2,PCS-PWR: 2,74437368150,"Power inductor 15 uH, ISAT(10%) 5.55 A, 45 mR max",Wurth Elektronik,74437368150,WE-LHMI,ORDERABLE,docs/datasheets/magnetics/WE-74437368150.pdf
323,1,PCS-PWR: 1,74438356022,"Power inductor 2.2 uH, ISAT(10%) 4.05 A, 35 mR max",Wurth Elektronik,74438356022,WE-MAPI 4020,ORDERABLE,docs/datasheets/magnetics/WE-74438356022.pdf
324,48,PCS-PWR: 48,7461057,"PCB HV connection point (ring lug / busbar), M3, 100 A",Wurth Elektronik,7461057,REDCUBE press-fit M3,ORDERABLE,docs/datasheets/connectors/WE-7461057.pdf
325,1,PCS-CTL-3W: 1,X1270WVS-2x10B-9TV01,cTI-20 JTAG header 1.27 mm - HAZARDOUS LIVE: isolated debug probe only (>= 1000 V DC),XKB Connection,X1270WVS-2x10B-9TV01,2x10 1.27 mm SMT,ORDERABLE,docs/datasheets/connectors/XKB-X1270WVS.pdf
326,3,PCS-CTL-3W: 3,X6511WV-03H-C60D30,"Fan header 1x3 2.54 mm, 3 A: 1 +V, 2 0 V, 3 tach (SELV)",XKB Connection,X6511WV-03H-C60D30,1x3 2.54 mm THT,ORDERABLE,docs/datasheets/connectors/XKB-X6511W.pdf
327,1,PCS-CTL-3W: 1,X6521FV-2x08-C85D32,"Board-to-board socket 2x8 2.54 mm, PCS_X contract (gen/interfaces.py), LIVE",XKB Connection,X6521FV-2x08-C85D32,2x8 2.54 mm female THT,ORDERABLE,docs/datasheets/connectors/XKB-X6521F.pdf
328,1,PCS-CTL-3W: 1,X6521FV-2x32-C85D32,"Board-to-board socket 2x32 2.54 mm, PC contract (gen/interfaces.py), LIVE",XKB Connection,X6521FV-2x32-C85D32,2x32 2.54 mm female THT,ORDERABLE,docs/datasheets/connectors/XKB-X6521F.pdf
329,1,PCS-PWR: 1,X9555WV-2x08-6TV01,"Shrouded box header 2x8 2.54 mm: PCS_X contract to the control board (grid voltages, RCM, K_AC2, NTC9), live (250 V, 3 A)",XKB Connection,X9555WV-2x08-6TV01,2x8 2.54 mm box header THT,ORDERABLE,docs/datasheets/connectors/XKB-X9555WV.pdf
330,1,PCS-PWR: 1,X9555WV-2x32-6TV01,"Shrouded box header 2x32 2.54 mm: PC contract to the control board, live (250 V, 3 A, -40..125 C)",XKB Connection,X9555WV-2x32-6TV01,2x32 2.54 mm box header THT,ORDERABLE,docs/datasheets/connectors/XKB-X9555WV.pdf
331,10,PCS-PWR: 10,C3D1U147+M0A,"DC-link PP film 140 uF, 600 VDC (70 C) / 500 VDC (85 C), ESR 3.0 mOhm, Imax 40.2 A (10 kHz, 70 C), 4 pins (split DC link, one half); ORDER tolerance code K (+/-10 %, the 9th character, '+' above): every bus figure uses +10 %",Xiamen Faratronic,C3D1U147+M0A,"4-pin 57 x 65 x 45 mm, P1 52.5 / P2 20.3",ORDERABLE,docs/datasheets/passives-capacitors/Faratronic-C3D.pdf
332,1,PCS-CTL-3W: 1,X322525MOB4SI,"Crystal 25 MHz 12 pF +/-10 ppm, +/-20 ppm -40..85 C, ESR <= 50 ohm (CH9121T)",YXC Crystal Oscillators,X322525MOB4SI,SMD 3225 4-pad,ORDERABLE,docs/datasheets/timing/YXC-X322525MOB4SI.pdf
333,2,PCS-PWR: 2,HCHVF1000-400A-38R,"CHASSIS-MOUNTED aR fuse 400 A 1000 VDC, 50 kA (L/R 2.5 ms), 112 W at In, UL E533379: DC port",Zhejiang HIITIO New Energy,HCHVF1000-400A-38R,"38 mm cartridge, bolted",ORDERABLE,docs/datasheets/protection/HIITIO-HCHVF1000-Series.pdf
334,3,PCS-PWR: 3,10u 450VAC RFQ,"RFQ AC film capacitor MKP 10 uF 10 %, 450 V AC, >= 5 A rms (LCL damping branch C_d)",,,"board, 4-pin",RFQ,
335,2,PCS-PWR: 2,220R RFQ,"CHASSIS-MOUNTED RFQ precharge resistor 220 ohm 5 %, 1000 V DC (1144 V peak), single pulse >= 900 J in 0.15 s (shorted bank to the abort) and >= 280 J at tau 105 ms (bank charge), basic insulation to the housing (2200 V rms)",,,"aluminium housing, M4",RFQ,
336,6,PCS-PWR: 6,25u 450VAC RFQ,"RFQ AC filter capacitor MKP 25 uF 10 %, 450 V AC (rated for the phase-to-midpoint voltage incl. the 150 Hz zero sequence), >= 15 A rms, self-healing, overpressure disconnector (C_f, 2 per phase)",,,"chassis or board, M6 / 4-pin",RFQ,
337,3,PCS-PWR: 3,2R 25W RFQ,"RFQ power resistor 2 ohm 5 %, 25 W in aluminium housing on the heatsink, 1000 V insulation to the housing (LCL damping branch R_d)",,,"aluminium housing, chassis",RFQ,
338,1,PCS-PWR: 1,K1 AC-1 250A RFQ,"CHASSIS-MOUNTED RFQ 3-pole AC contactor (CHINT NXC-225 / Delixi CJX2s-185 class): AC-1 >= 248 A at 400-460 V AC, Ui 1000 V, Uimp 8 kV, 24 V DC coil WITH integrated economiser (contract: pull-in <= 20 W for <= 100 ms, hold <= 4 W), coil-contact Ui >= 1000 V, mechanical life >= 1e6; 2 in series per phase set (relay test)",,,"chassis, 3 main poles M8 + coil connector",RFQ,
339,1,PCS-PWR: 1,K2 AC-1 250A RFQ,"CHASSIS-MOUNTED RFQ 3-pole AC contactor (CHINT NXC-225 / Delixi CJX2s-185 class): AC-1 >= 248 A at 400-460 V AC, Ui 1000 V, Uimp 8 kV, 24 V DC coil WITH integrated economiser (contract: pull-in <= 20 W for <= 100 ms, hold <= 4 W), coil-contact Ui >= 1000 V, mechanical life >= 1e6; 2 in series per phase set (relay test)",,,"chassis, 3 main poles M8 + coil connector",RFQ,
340,1,PCS-PWR: 1,RCM type B RFQ,"RFQ type-B residual-current sensor (fluxgate) around L1-L3 - INTERFACE CONTRACT (pcs_spec residual_current_contract, review R2-13; every figure ASSUMED until the part is chosen): type B: AC to >= 2 kHz, pulsating DC and smooth DC residual current (fluxgate), one sensor around every live conductor; trips in firmware from the analog output (the sensor has no trip relay): continuous residual current >= 1250 mA (10 mA per kVA above 30 kVA, 125 kVA) within 0.3 s; sudden changes 30 mA within 0.30 s / 60 mA within 0.15 s / 150 mA within 0.04 s; DC and AC (rms) alike; range +/-2.0 A, +/-(3 % of reading + 3 mA), DC to 1 kHz; resolution <= 6 mA DC / 30 mA AC; OUT analog voltage, 2.50 V +/-1 % at zero residual current, 1.00 V/A +/-3 % (+/-2.0 A in 0.50-4.50 V), DC to >= 2 kHz (-3 dB), >= 0.25 mA into the control board's 10.0k / 13.0k divider, noise <= 3 mA rms equivalent; diagnostic on OUT, no separate pin: an internal fault (fluxgate oscillator stopped, supply out of range, failed self-check) drives OUT to <= 0.25 V or >= 4.75 V within <= 100 ms - outside the 0.50-4.50 V signal band; firmware: sensor fault -> no connection / controlled stop; TEST TEST, 3.3 V CMOS active high, >= 10 kOhm (RCM_TST from GPIO21 through PCS_X, 100k pull-down on the power board): injects 50 mA DC +/-20 % through the test winding, OUT steps by 50 mV +/-20 % within <= 50 ms; used by the start-up self-test and before every connection; supply 5 V +/-5 % from the power board's +5V, <= 50 mA including start-up (the +5V budget's allocation); aperture L1-L3: 3 bars 25 x 3 mm flat-stacked with 1 mm sleeves (27 x 19 mm, the AC CM choke's fit); the bars are LIVE (V_dc/2 + 375 V x 1.2 against DC-, <= 1050 V DC + the OVC III impulse): bar to sensor electronics through the 1.5 kV rms bar sleeves plus the sensor's own functional insulation, referenced to DC- like the board",,,"chassis or board, aperture for 3 x 250 A",RFQ,
341,1,PCS-PWR: 1,X 2.2u 1300V RFQ,"RFQ X capacitor film 2.2 uF, 1300 VDC at 70 C (1100 V at 85 C), ESR <= 16 mOhm, impulse >= 4.5 kV peak (>= 1.1 x the 3.8 kV pole-pole level of the varistor Y, IC-10; leads at the varistor network), no lifetime surge-count limit below 1000 events",,,"radial film, 27.5 mm pitch",RFQ,
342,1,PCS-PWR: 1,N-C-644025,"CHASSIS nanocrystalline ring core 64/40/25 mm (cased), FLAT-PERMEABILITY grade mu about 30000 at 150 Hz (Shincore SC-1K107-LP class or Yunlu / AT&M flat grade; the standard high-mu 70000 grade is rejected - it saturates with the 150 Hz CM current, spec_port_cm_choke.md rev M2): one turn of BOTH conductors of the port = CM choke for 150 kHz-30 MHz (ARCHITECTURE 8.1); pins = conductors",Qingdao Yunlu (flat-mu grade) / Shincore / AT&M,N-C-644025,"ring 67/37/29 mm cased, on both port conductors",RFQ,docs/datasheets/magnetics/Yunlu-Nanocrystalline-Cores.pdf
