Item,Qty,References,Value,Description,Manufacturer,MPN,Package,Sourcing,Datasheet,DNP
1,2,D201 D501,BAS16,"Switching diode 100 V 215 mA, low leakage",Nexperia,BAS16,SOT-23,ORDERABLE,docs/datasheets/protection/BAS16.pdf,
2,2,D401 D701,BZX84-C15,Zener 15 V 250 mW,Nexperia,BZX84-C15,SOT-23,ORDERABLE,docs/datasheets/protection/BZX84.pdf,
3,3,D402 D702 D704,SMBJ33A,"TVS 33 V unidirectional, relay coil clamp zener",MDD (Microdiode Semiconductor),SMBJ33A,SMB,ORDERABLE,docs/datasheets/protection/MDD-SMBJ-series.pdf,
4,3,D403 D703 D705,S2M-13-F,Rectifier 1000 V 1.5 A,Diodes Inc,S2M-13-F,SMB,ORDERABLE,docs/datasheets/power-semiconductors/S2M.pdf,
5,4,F201 F202 F501 F502,36A gPV 14x51,"Varistor branch fuse CH14x51 gPV 36 A 1000 V DC, 30 kA (L/R 2 ms), pre-arc 450 A2s",ETI,002637115,14x51 cartridge in 2 x CH14-PCB clips,ORDERABLE,docs/datasheets/protection/ETI-Green-Protect.pdf,
6,2,F503 F504,HPE501/000B100-250,"CHASSIS-MOUNTED aR fuse 250 A 1000 VDC, breaks 1.25-50 kA only (partial range), battery port",Hongfa,HPE501/000B100-250,"size 000 square body, M6 bolted",ORDERABLE,docs/datasheets/protection/Hongfa-HPE501-1000Vdc.pdf,
7,2,K401 K701,HFE82V-300C/1000-24-H-C5-1,"CHASSIS-MOUNTED main contactor 300 A 1000 VDC, no polarity, 24 V 6 W coil, no aux contact",Hongfa,HFE82V-300C/1000-24-H-C5-1,"chassis, M6 female + coil connector",ORDERABLE,docs/datasheets/protection/Hongfa-HFE82V-300C.pdf,
8,1,K702,G7L-2A-X DC24,"Precharge relay DPST-NO, poles in series: 25 A @ 1000 VDC normal polarity only, 24 V coil 250 ohm",Omron,G7L-2A-X DC24,PCB relay 52.5x35.5 mm,ORDERABLE,docs/datasheets/protection/G7L-X.pdf,
9,2,Q401 Q701,PMV30ENEAR,N-MOSFET 40 V 4.8 A: coil economiser bypass (pull-in),Nexperia,PMV30ENEAR,SOT-23,ORDERABLE,docs/datasheets/power-semiconductors/Nexperia-PMV30ENEA.pdf,
10,5,Q402 Q702 Q704 Q801 Q802,BSS138BK,N-MOSFET 60 V 360 mA,Nexperia,BSS138BK,SOT-23,ORDERABLE,docs/datasheets/power-semiconductors/BSS138BK.pdf,
11,3,Q403 Q703 Q705,IRFR9214TRPbF,P-MOSFET -250 V 3.0 ohm: hold-closed high-side switch,Vishay,IRFR9214TRPbF,DPAK (TO-252),ORDERABLE,docs/datasheets/power-semiconductors/IRFR9214.pdf,
12,30,R318 R319 R320 R321 R322 R323 R325 R326 R327 R328 R329 R330 R609 R610 R611 R612 R613 R614 R616 R617 R618 R619 R620 R621 R801 R802 R803 R804 R805 R806,1M,HV chip resistor 1.00 M 0.1 % 25 ppm/K,Viking Tech,ARHV06BTC1004A,1206,ORDERABLE,docs/datasheets/passives-capacitors/Viking-ARHV-A.pdf,
13,5,R324 R331 R615 R622 R807,4.99k,Thin-film resistor 4.99 k 0.1 % 25 ppm/K,Vishay,TNPW12064K99BEEA,1206,ORDERABLE,docs/datasheets/passives-capacitors/TNPW-e3.pdf,
14,16,R808 R809 R810 R811 R812 R813 R814 R815 R818 R819 R820 R821 R822 R823 R824 R825,124k,HV chip resistor 124 k 0.1 % 25 ppm/K,Viking Tech,ARHV13BTC1243A,1210,ORDERABLE,docs/datasheets/passives-capacitors/Viking-ARHV-A.pdf,
15,4,RS301 RS302 RS601 RS602,0.2m,Current sense resistor 0.2 mOhm 1 % 12 W (two in parallel),Bourns,CSS2H-3920R-L200F,3920 metal strip,ORDERABLE,docs/datasheets/sensing/CSS2H-3920.pdf,
16,6,RV201 RV202 RV203 RV501 RV502 RV503,TVT25751KFKG,"Thermally protected varistor 615 VDC, Vc 1240 V @ 150 A, Imax 25 kA, thermal link + monitor lead",Thinking Electronic,TVT25751KFKG,"25 mm disc, 3 leads, potted",ORDERABLE,docs/datasheets/protection/Thinking-TVT-Series.pdf,
17,2,U201 U501,CNY65B,"Optocoupler phototransistor, reinforced, VIOTM 12 kV, creepage >= 14 mm: varistor-network monitor",Vishay,CNY65B,DIP-4 HV 600 mil (15.24 mm),ORDERABLE,docs/datasheets/isolation-interface/CNY65.pdf,
18,1,U301,REF3030EAIDBZR,Voltage reference 3.0 V 0.1 % 15 ppm/K (hold threshold),Texas Instruments,REF3030EAIDBZR,SOT-23-3 (DBZ),ORDERABLE,docs/datasheets/sensing/REF3030.pdf,
19,7,U302 U305 U306 U601 U604 U605 U801,OPA2388IDR,"Dual zero-drift RRIO op amp, 10 MHz, 2.5-5.5 V",Texas Instruments,OPA2388IDR,SOIC-8 (D),ORDERABLE,docs/datasheets/sensing/OPA4388.pdf,
20,2,U303 U602,TLV3502AIDCNR,Dual comparator rail-to-rail push-pull: over-current detect for the contactor hold,Texas Instruments,TLV3502AIDCNR,SOT-23-8 (DCN),ORDERABLE,docs/datasheets/sensing/TLV3502.pdf,
21,4,U304 U402 U603 U702,SN74LVC1G32DBVR,Single 2-input OR,Texas Instruments,SN74LVC1G32DBVR,SOT-23-5 (DBV),ORDERABLE,docs/datasheets/isolation-interface/SN74LVC1G32.pdf,
22,2,U401 U701,SN74LVC1G11DBVR,Single 3-input AND,Texas Instruments,SN74LVC1G11DBVR,SOT-23-6 (DBV),ORDERABLE,docs/datasheets/isolation-interface/SN74LVC1G11.pdf,
23,2,U802 U803,CA-IS3417WT,"Isolated 1700 V back-to-back SiC SSR, 50 ohm, opto-compatible input: IMD string switch",Chipanalog,CA-IS3417WT,SOIC12-WB (WT),ORDERABLE,docs/datasheets/isolation-interface/CA-IS3417WT.pdf,
24,8,X201 X202 X203 X204 X501 X502 X503 X504,006710340,Fuse clip CH14-PCB (two per varistor branch fuse),ETI,006710340,PCB clip for 14 mm cartridge,ORDERABLE,docs/datasheets/protection/ETI-Green-Protect.pdf,
25,17,C301 C302 C305 C306 C307 C310 C311 C402 C403 C603 C604 C605 C608 C609 C702 C703 C802,100n 50V,Capacitor 100n 50V X7R 0603,,,0603,GENERIC,,
26,2,C303 C601,470p 50V,Capacitor 470p 5% 50V C0G 0603,,,0603,GENERIC,,
27,2,C304 C602,1n 50V,Capacitor 1n 5% 50V C0G 0603,,,0603,GENERIC,,
28,5,C308 C309 C606 C607 C801,4.7n 50V,Capacitor 4.7n 5% 50V C0G 0603,,,0603,GENERIC,,
29,2,C401 C701,1u 50V,Capacitor 1u 10% 50V X7R 1206,,,1206,GENERIC,,
30,1,J101,PORT-LEAN verification: supplies and controller lines,PORT-LEAN verification: supplies and controller lines,,,verification interface,NOPART,,
31,1,J102,PORT-LEAN verification: port terminals and banks,PORT-LEAN verification: port terminals and banks,,,verification interface,NOPART,,
32,1,LK101,"PE_T link to chassis PE: removable strap, OPEN for the hipot test (IC-23)","PE_T link to chassis PE: removable strap, OPEN for the hipot test (IC-23)",,,2 plated M4 holes + removable strap,NOPART,,
33,1,MH101,PE bond M4 (IMD divider reference),PE bond: plated M4 mounting hole + serrated washer to chassis PE,,,plated M4 hole,NOPART,,
34,1,R101,0R,Resistor 0R 1% 0603 single AGND-GND tie,,,0603,GENERIC,,
35,1,R102,0R,Resistor 0R 1% 2512 controller ground = BUS- (star point),,,2512,GENERIC,,
36,24,R201 R202 R203 R204 R205 R206 R207 R208 R209 R210 R211 R212 R501 R502 R503 R504 R505 R506 R507 R508 R509 R510 R511 R512,82.5k,"Resistor 82.5k 1% 2512 monitor loop, <= 300 V per element in an In surge",,,2512,GENERIC,,
37,2,R213 R513,220k,Resistor 220k 1% 0603 SPD_N high = varistor network open,,,0603,GENERIC,,
38,1,R301,11.8k,Resistor 11.8k 0.1% 0603,,,0603,GENERIC,,
39,2,R302 R303,1.65k,Resistor 1.65k 0.1% 0603,,,0603,GENERIC,,
40,1,R304,14.7k,Resistor 14.7k 0.1% 0603,,,0603,GENERIC,,
41,1,R305,3.57k,Resistor 3.57k 0.1% 0603,,,0603,GENERIC,,
42,2,R306 R308,6.04k,Resistor 6.04k 0.1% 0603,,,0603,GENERIC,,
43,1,R307,8.06k,Resistor 8.06k 0.1% 0603,,,0603,GENERIC,,
44,1,R309,6.49k,Resistor 6.49k 0.1% 0603,,,0603,GENERIC,,
45,8,R310 R312 R314 R316 R601 R603 R605 R607,1.00k,Resistor 1.00k 0.1% 0603,,,0603,GENERIC,,
46,4,R311 R313 R602 R604,30.1k,Resistor 30.1k 0.1% 0603,,,0603,GENERIC,,
47,4,R315 R317 R606 R608,10.0k,Resistor 10.0k 0.1% 0603,,,0603,GENERIC,,
48,8,R401 R402 R403 R404 R701 R702 R703 R704,37.4,"Resistor 37.4 1% 2512 economiser hold resistor, 4 in series = 150 ohm",,,2512,GENERIC,,
49,2,R405 R705,56k,Resistor 56k 1% 0603 pull-in window R_t C_t = 56 ms,,,0603,GENERIC,,
50,2,R406 R706,100k,Resistor 100k 1% 0603 command off while the control board is absent (D-049),,,0603,GENERIC,,
51,3,R407 R707 R719,100k,Resistor 100k 1% 0603 coil off while the logic is unpowered,,,0603,GENERIC,,
52,3,R408 R708 R720,10k,Resistor 10k 1% 0805,,,0805,GENERIC,,
53,3,R409 R709 R721,10k,Resistor 10k 1% 0805 gate-source: off by default,,,0805,GENERIC,,
54,16,R410 R411 R412 R413 R414 R415 R416 R417 R710 R711 R712 R713 R714 R715 R716 R717,73.2k,"Resistor 73.2k 1% 1210 HV thick film, >= 200 V working",,,1210,GENERIC,,
55,1,R718,220R RFQ,"CHASSIS-MOUNTED RFQ precharge resistor 220 ohm 5 %, 1000 V DC (1144 V peak), single pulse >= 900 J in 0.15 s (shorted bank to the abort) and >= 280 J at tau 105 ms (bank charge), basic insulation to the housing (2200 V rms)",,,"aluminium housing, M4",RFQ,,
56,2,R816 R826,330R,Resistor 330R 1% 0805 SSR input 11 mA (IF(ON) 7-30 mA),,,0805,GENERIC,,
57,2,R817 R827,100k,Resistor 100k 1% 0603 string open by default,,,0603,GENERIC,,
