key,mfr,mpn,pkg,ds,pin,name,type
2N7002BK,Nexperia,"2N7002BK,215",SOT-23,docs/datasheets/power-semiconductors/2N7002BK.pdf,1,G,passive
2N7002BK,Nexperia,"2N7002BK,215",SOT-23,docs/datasheets/power-semiconductors/2N7002BK.pdf,2,S,passive
2N7002BK,Nexperia,"2N7002BK,215",SOT-23,docs/datasheets/power-semiconductors/2N7002BK.pdf,3,D,passive
BL24C256A,Shanghai Belling,BL24C256A-PARC,SOP-8,docs/datasheets/controllers/Belling-BL24C256A.pdf,1,A0,input
BL24C256A,Shanghai Belling,BL24C256A-PARC,SOP-8,docs/datasheets/controllers/Belling-BL24C256A.pdf,2,A1,input
BL24C256A,Shanghai Belling,BL24C256A-PARC,SOP-8,docs/datasheets/controllers/Belling-BL24C256A.pdf,3,A2,input
BL24C256A,Shanghai Belling,BL24C256A-PARC,SOP-8,docs/datasheets/controllers/Belling-BL24C256A.pdf,4,GND,power_in
BL24C256A,Shanghai Belling,BL24C256A-PARC,SOP-8,docs/datasheets/controllers/Belling-BL24C256A.pdf,5,SDA,bidirectional
BL24C256A,Shanghai Belling,BL24C256A-PARC,SOP-8,docs/datasheets/controllers/Belling-BL24C256A.pdf,6,SCL,input
BL24C256A,Shanghai Belling,BL24C256A-PARC,SOP-8,docs/datasheets/controllers/Belling-BL24C256A.pdf,7,WP,input
BL24C256A,Shanghai Belling,BL24C256A-PARC,SOP-8,docs/datasheets/controllers/Belling-BL24C256A.pdf,8,VCC,power_in
BZX84C5V1,Nexperia,"BZX84-C5V1,215",SOT-23,docs/datasheets/protection/BZX84.pdf,1,A,passive
BZX84C5V1,Nexperia,"BZX84-C5V1,215",SOT-23,docs/datasheets/protection/BZX84.pdf,2,NC,no_connect
BZX84C5V1,Nexperia,"BZX84-C5V1,215",SOT-23,docs/datasheets/protection/BZX84.pdf,3,K,passive
CA_IS3050W,Chipanalog,CA-IS3050W,SOIC-16 WB (W),docs/datasheets/isolation-interface/CA-IS305x.pdf,1,VCC1,power_in
CA_IS3050W,Chipanalog,CA-IS3050W,SOIC-16 WB (W),docs/datasheets/isolation-interface/CA-IS305x.pdf,2,GND1,power_in
CA_IS3050W,Chipanalog,CA-IS3050W,SOIC-16 WB (W),docs/datasheets/isolation-interface/CA-IS305x.pdf,3,RXD,output
CA_IS3050W,Chipanalog,CA-IS3050W,SOIC-16 WB (W),docs/datasheets/isolation-interface/CA-IS305x.pdf,4,NC,no_connect
CA_IS3050W,Chipanalog,CA-IS3050W,SOIC-16 WB (W),docs/datasheets/isolation-interface/CA-IS305x.pdf,5,NC,no_connect
CA_IS3050W,Chipanalog,CA-IS3050W,SOIC-16 WB (W),docs/datasheets/isolation-interface/CA-IS305x.pdf,6,TXD,input
CA_IS3050W,Chipanalog,CA-IS3050W,SOIC-16 WB (W),docs/datasheets/isolation-interface/CA-IS305x.pdf,7,GND1,power_in
CA_IS3050W,Chipanalog,CA-IS3050W,SOIC-16 WB (W),docs/datasheets/isolation-interface/CA-IS305x.pdf,8,GND1,power_in
CA_IS3050W,Chipanalog,CA-IS3050W,SOIC-16 WB (W),docs/datasheets/isolation-interface/CA-IS305x.pdf,9,GND2,power_in
CA_IS3050W,Chipanalog,CA-IS3050W,SOIC-16 WB (W),docs/datasheets/isolation-interface/CA-IS305x.pdf,10,GND2,power_in
CA_IS3050W,Chipanalog,CA-IS3050W,SOIC-16 WB (W),docs/datasheets/isolation-interface/CA-IS305x.pdf,11,NC,no_connect
CA_IS3050W,Chipanalog,CA-IS3050W,SOIC-16 WB (W),docs/datasheets/isolation-interface/CA-IS305x.pdf,12,CANL,bidirectional
CA_IS3050W,Chipanalog,CA-IS3050W,SOIC-16 WB (W),docs/datasheets/isolation-interface/CA-IS305x.pdf,13,CANH,bidirectional
CA_IS3050W,Chipanalog,CA-IS3050W,SOIC-16 WB (W),docs/datasheets/isolation-interface/CA-IS305x.pdf,14,NC,no_connect
CA_IS3050W,Chipanalog,CA-IS3050W,SOIC-16 WB (W),docs/datasheets/isolation-interface/CA-IS305x.pdf,15,GND2,power_in
CA_IS3050W,Chipanalog,CA-IS3050W,SOIC-16 WB (W),docs/datasheets/isolation-interface/CA-IS305x.pdf,16,VCC2,power_in
CA_IS3082WNX,Chipanalog,CA-IS3082WNX,SOIC-16 WB (W),docs/datasheets/isolation-interface/CA-IS308x.pdf,1,VDDA,power_in
CA_IS3082WNX,Chipanalog,CA-IS3082WNX,SOIC-16 WB (W),docs/datasheets/isolation-interface/CA-IS308x.pdf,2,GNDA,power_in
CA_IS3082WNX,Chipanalog,CA-IS3082WNX,SOIC-16 WB (W),docs/datasheets/isolation-interface/CA-IS308x.pdf,3,RO,output
CA_IS3082WNX,Chipanalog,CA-IS3082WNX,SOIC-16 WB (W),docs/datasheets/isolation-interface/CA-IS308x.pdf,4,RE,input
CA_IS3082WNX,Chipanalog,CA-IS3082WNX,SOIC-16 WB (W),docs/datasheets/isolation-interface/CA-IS308x.pdf,5,DE,input
CA_IS3082WNX,Chipanalog,CA-IS3082WNX,SOIC-16 WB (W),docs/datasheets/isolation-interface/CA-IS308x.pdf,6,DI,input
CA_IS3082WNX,Chipanalog,CA-IS3082WNX,SOIC-16 WB (W),docs/datasheets/isolation-interface/CA-IS308x.pdf,7,GNDA/NC,passive
CA_IS3082WNX,Chipanalog,CA-IS3082WNX,SOIC-16 WB (W),docs/datasheets/isolation-interface/CA-IS308x.pdf,8,GNDA,power_in
CA_IS3082WNX,Chipanalog,CA-IS3082WNX,SOIC-16 WB (W),docs/datasheets/isolation-interface/CA-IS308x.pdf,9,GNDB,power_in
CA_IS3082WNX,Chipanalog,CA-IS3082WNX,SOIC-16 WB (W),docs/datasheets/isolation-interface/CA-IS308x.pdf,10,NC,no_connect
CA_IS3082WNX,Chipanalog,CA-IS3082WNX,SOIC-16 WB (W),docs/datasheets/isolation-interface/CA-IS308x.pdf,11,NC,no_connect
CA_IS3082WNX,Chipanalog,CA-IS3082WNX,SOIC-16 WB (W),docs/datasheets/isolation-interface/CA-IS308x.pdf,12,A,bidirectional
CA_IS3082WNX,Chipanalog,CA-IS3082WNX,SOIC-16 WB (W),docs/datasheets/isolation-interface/CA-IS308x.pdf,13,B,bidirectional
CA_IS3082WNX,Chipanalog,CA-IS3082WNX,SOIC-16 WB (W),docs/datasheets/isolation-interface/CA-IS308x.pdf,14,NC,no_connect
CA_IS3082WNX,Chipanalog,CA-IS3082WNX,SOIC-16 WB (W),docs/datasheets/isolation-interface/CA-IS308x.pdf,15,GNDB,power_in
CA_IS3082WNX,Chipanalog,CA-IS3082WNX,SOIC-16 WB (W),docs/datasheets/isolation-interface/CA-IS308x.pdf,16,VDDB,power_in
CA_IS3820,Chipanalog,CA-IS3820LG,"SOIC-8 WB (G) 5.85x7.5 mm, 8 mm CLR/CPG",docs/datasheets/isolation-interface/CA-IS382x.pdf,1,VDDA,power_in
CA_IS3820,Chipanalog,CA-IS3820LG,"SOIC-8 WB (G) 5.85x7.5 mm, 8 mm CLR/CPG",docs/datasheets/isolation-interface/CA-IS382x.pdf,2,VI1,input
CA_IS3820,Chipanalog,CA-IS3820LG,"SOIC-8 WB (G) 5.85x7.5 mm, 8 mm CLR/CPG",docs/datasheets/isolation-interface/CA-IS382x.pdf,3,VI2,input
CA_IS3820,Chipanalog,CA-IS3820LG,"SOIC-8 WB (G) 5.85x7.5 mm, 8 mm CLR/CPG",docs/datasheets/isolation-interface/CA-IS382x.pdf,4,GNDA,power_in
CA_IS3820,Chipanalog,CA-IS3820LG,"SOIC-8 WB (G) 5.85x7.5 mm, 8 mm CLR/CPG",docs/datasheets/isolation-interface/CA-IS382x.pdf,5,GNDB,power_in
CA_IS3820,Chipanalog,CA-IS3820LG,"SOIC-8 WB (G) 5.85x7.5 mm, 8 mm CLR/CPG",docs/datasheets/isolation-interface/CA-IS382x.pdf,6,VO2,output
CA_IS3820,Chipanalog,CA-IS3820LG,"SOIC-8 WB (G) 5.85x7.5 mm, 8 mm CLR/CPG",docs/datasheets/isolation-interface/CA-IS382x.pdf,7,VO1,output
CA_IS3820,Chipanalog,CA-IS3820LG,"SOIC-8 WB (G) 5.85x7.5 mm, 8 mm CLR/CPG",docs/datasheets/isolation-interface/CA-IS382x.pdf,8,VDDB,power_in
CA_IS3821,Chipanalog,CA-IS3821LG,"SOIC-8 WB (G) 5.85x7.5 mm, 8 mm CLR/CPG",docs/datasheets/isolation-interface/CA-IS382x.pdf,1,VDDA,power_in
CA_IS3821,Chipanalog,CA-IS3821LG,"SOIC-8 WB (G) 5.85x7.5 mm, 8 mm CLR/CPG",docs/datasheets/isolation-interface/CA-IS382x.pdf,2,VI1,input
CA_IS3821,Chipanalog,CA-IS3821LG,"SOIC-8 WB (G) 5.85x7.5 mm, 8 mm CLR/CPG",docs/datasheets/isolation-interface/CA-IS382x.pdf,3,VO2,output
CA_IS3821,Chipanalog,CA-IS3821LG,"SOIC-8 WB (G) 5.85x7.5 mm, 8 mm CLR/CPG",docs/datasheets/isolation-interface/CA-IS382x.pdf,4,GNDA,power_in
CA_IS3821,Chipanalog,CA-IS3821LG,"SOIC-8 WB (G) 5.85x7.5 mm, 8 mm CLR/CPG",docs/datasheets/isolation-interface/CA-IS382x.pdf,5,GNDB,power_in
CA_IS3821,Chipanalog,CA-IS3821LG,"SOIC-8 WB (G) 5.85x7.5 mm, 8 mm CLR/CPG",docs/datasheets/isolation-interface/CA-IS382x.pdf,6,VI2,input
CA_IS3821,Chipanalog,CA-IS3821LG,"SOIC-8 WB (G) 5.85x7.5 mm, 8 mm CLR/CPG",docs/datasheets/isolation-interface/CA-IS382x.pdf,7,VO1,output
CA_IS3821,Chipanalog,CA-IS3821LG,"SOIC-8 WB (G) 5.85x7.5 mm, 8 mm CLR/CPG",docs/datasheets/isolation-interface/CA-IS382x.pdf,8,VDDB,power_in
ESD2CAN24,Texas Instruments,ESD2CAN24DBZRQ1,SOT-23 (DBZ),docs/datasheets/protection/ESD2CAN24-Q1.pdf,1,IO1,passive
ESD2CAN24,Texas Instruments,ESD2CAN24DBZRQ1,SOT-23 (DBZ),docs/datasheets/protection/ESD2CAN24-Q1.pdf,2,IO2,passive
ESD2CAN24,Texas Instruments,ESD2CAN24DBZRQ1,SOT-23 (DBZ),docs/datasheets/protection/ESD2CAN24-Q1.pdf,3,GND,passive
F280039C,Texas Instruments,F280039CSPZR,LQFP-100 (PZ) 14x14 mm,docs/datasheets/controllers/TMS320F28003x.pdf,1,GPIO28,bidirectional
F280039C,Texas Instruments,F280039CSPZR,LQFP-100 (PZ) 14x14 mm,docs/datasheets/controllers/TMS320F28003x.pdf,2,XRSn,open_collector
F280039C,Texas Instruments,F280039CSPZR,LQFP-100 (PZ) 14x14 mm,docs/datasheets/controllers/TMS320F28003x.pdf,3,VDDIO,power_in
F280039C,Texas Instruments,F280039CSPZR,LQFP-100 (PZ) 14x14 mm,docs/datasheets/controllers/TMS320F28003x.pdf,4,VDD,power_in
F280039C,Texas Instruments,F280039CSPZR,LQFP-100 (PZ) 14x14 mm,docs/datasheets/controllers/TMS320F28003x.pdf,5,VSS,power_in
F280039C,Texas Instruments,F280039CSPZR,LQFP-100 (PZ) 14x14 mm,docs/datasheets/controllers/TMS320F28003x.pdf,6,GPIO47,bidirectional
F280039C,Texas Instruments,F280039CSPZR,LQFP-100 (PZ) 14x14 mm,docs/datasheets/controllers/TMS320F28003x.pdf,7,GPIO48,bidirectional
F280039C,Texas Instruments,F280039CSPZR,LQFP-100 (PZ) 14x14 mm,docs/datasheets/controllers/TMS320F28003x.pdf,8,GPIO49,bidirectional
F280039C,Texas Instruments,F280039CSPZR,LQFP-100 (PZ) 14x14 mm,docs/datasheets/controllers/TMS320F28003x.pdf,9,GPIO50,bidirectional
F280039C,Texas Instruments,F280039CSPZR,LQFP-100 (PZ) 14x14 mm,docs/datasheets/controllers/TMS320F28003x.pdf,10,GPIO51,bidirectional
F280039C,Texas Instruments,F280039CSPZR,LQFP-100 (PZ) 14x14 mm,docs/datasheets/controllers/TMS320F28003x.pdf,11,GPIO52,bidirectional
F280039C,Texas Instruments,F280039CSPZR,LQFP-100 (PZ) 14x14 mm,docs/datasheets/controllers/TMS320F28003x.pdf,12,GPIO53,bidirectional
F280039C,Texas Instruments,F280039CSPZR,LQFP-100 (PZ) 14x14 mm,docs/datasheets/controllers/TMS320F28003x.pdf,13,GPIO54,bidirectional
F280039C,Texas Instruments,F280039CSPZR,LQFP-100 (PZ) 14x14 mm,docs/datasheets/controllers/TMS320F28003x.pdf,14,A6,input
F280039C,Texas Instruments,F280039CSPZR,LQFP-100 (PZ) 14x14 mm,docs/datasheets/controllers/TMS320F28003x.pdf,15,B2/C6,input
F280039C,Texas Instruments,F280039CSPZR,LQFP-100 (PZ) 14x14 mm,docs/datasheets/controllers/TMS320F28003x.pdf,16,B3/VDAC,input
F280039C,Texas Instruments,F280039CSPZR,LQFP-100 (PZ) 14x14 mm,docs/datasheets/controllers/TMS320F28003x.pdf,17,A2/B6/C9,input
F280039C,Texas Instruments,F280039CSPZR,LQFP-100 (PZ) 14x14 mm,docs/datasheets/controllers/TMS320F28003x.pdf,18,A3/B9/C7,input
F280039C,Texas Instruments,F280039CSPZR,LQFP-100 (PZ) 14x14 mm,docs/datasheets/controllers/TMS320F28003x.pdf,19,A14/B14/C4,input
F280039C,Texas Instruments,F280039CSPZR,LQFP-100 (PZ) 14x14 mm,docs/datasheets/controllers/TMS320F28003x.pdf,20,A11/B10/C0,input
F280039C,Texas Instruments,F280039CSPZR,LQFP-100 (PZ) 14x14 mm,docs/datasheets/controllers/TMS320F28003x.pdf,21,B12/C2,input
F280039C,Texas Instruments,F280039CSPZR,LQFP-100 (PZ) 14x14 mm,docs/datasheets/controllers/TMS320F28003x.pdf,22,A1/B7/DACB_OUT,input
F280039C,Texas Instruments,F280039CSPZR,LQFP-100 (PZ) 14x14 mm,docs/datasheets/controllers/TMS320F28003x.pdf,23,A0/B15/C15/DACA_OUT,input
F280039C,Texas Instruments,F280039CSPZR,LQFP-100 (PZ) 14x14 mm,docs/datasheets/controllers/TMS320F28003x.pdf,24,VREFHI,input
F280039C,Texas Instruments,F280039CSPZR,LQFP-100 (PZ) 14x14 mm,docs/datasheets/controllers/TMS320F28003x.pdf,25,VREFHI,input
F280039C,Texas Instruments,F280039CSPZR,LQFP-100 (PZ) 14x14 mm,docs/datasheets/controllers/TMS320F28003x.pdf,26,VREFLO,input
F280039C,Texas Instruments,F280039CSPZR,LQFP-100 (PZ) 14x14 mm,docs/datasheets/controllers/TMS320F28003x.pdf,27,VREFLO,input
F280039C,Texas Instruments,F280039CSPZR,LQFP-100 (PZ) 14x14 mm,docs/datasheets/controllers/TMS320F28003x.pdf,28,A12/C5,input
F280039C,Texas Instruments,F280039CSPZR,LQFP-100 (PZ) 14x14 mm,docs/datasheets/controllers/TMS320F28003x.pdf,29,C1,input
F280039C,Texas Instruments,F280039CSPZR,LQFP-100 (PZ) 14x14 mm,docs/datasheets/controllers/TMS320F28003x.pdf,30,B11,input
F280039C,Texas Instruments,F280039CSPZR,LQFP-100 (PZ) 14x14 mm,docs/datasheets/controllers/TMS320F28003x.pdf,31,A7/C3,input
F280039C,Texas Instruments,F280039CSPZR,LQFP-100 (PZ) 14x14 mm,docs/datasheets/controllers/TMS320F28003x.pdf,32,B5,input
F280039C,Texas Instruments,F280039CSPZR,LQFP-100 (PZ) 14x14 mm,docs/datasheets/controllers/TMS320F28003x.pdf,33,VSSA,power_in
F280039C,Texas Instruments,F280039CSPZR,LQFP-100 (PZ) 14x14 mm,docs/datasheets/controllers/TMS320F28003x.pdf,34,VDDA,power_in
F280039C,Texas Instruments,F280039CSPZR,LQFP-100 (PZ) 14x14 mm,docs/datasheets/controllers/TMS320F28003x.pdf,35,A5,input
F280039C,Texas Instruments,F280039CSPZR,LQFP-100 (PZ) 14x14 mm,docs/datasheets/controllers/TMS320F28003x.pdf,36,A4/B8,input
F280039C,Texas Instruments,F280039CSPZR,LQFP-100 (PZ) 14x14 mm,docs/datasheets/controllers/TMS320F28003x.pdf,37,A8,input
F280039C,Texas Instruments,F280039CSPZR,LQFP-100 (PZ) 14x14 mm,docs/datasheets/controllers/TMS320F28003x.pdf,38,A9,input
F280039C,Texas Instruments,F280039CSPZR,LQFP-100 (PZ) 14x14 mm,docs/datasheets/controllers/TMS320F28003x.pdf,39,B4/C8,input
F280039C,Texas Instruments,F280039CSPZR,LQFP-100 (PZ) 14x14 mm,docs/datasheets/controllers/TMS320F28003x.pdf,40,A10/B1/C10,input
F280039C,Texas Instruments,F280039CSPZR,LQFP-100 (PZ) 14x14 mm,docs/datasheets/controllers/TMS320F28003x.pdf,41,B0/C11,input
F280039C,Texas Instruments,F280039CSPZR,LQFP-100 (PZ) 14x14 mm,docs/datasheets/controllers/TMS320F28003x.pdf,42,C14,input
F280039C,Texas Instruments,F280039CSPZR,LQFP-100 (PZ) 14x14 mm,docs/datasheets/controllers/TMS320F28003x.pdf,43,GPIO55,bidirectional
F280039C,Texas Instruments,F280039CSPZR,LQFP-100 (PZ) 14x14 mm,docs/datasheets/controllers/TMS320F28003x.pdf,44,GPIO60,bidirectional
F280039C,Texas Instruments,F280039CSPZR,LQFP-100 (PZ) 14x14 mm,docs/datasheets/controllers/TMS320F28003x.pdf,45,VSS,power_in
F280039C,Texas Instruments,F280039CSPZR,LQFP-100 (PZ) 14x14 mm,docs/datasheets/controllers/TMS320F28003x.pdf,46,VDD,power_in
F280039C,Texas Instruments,F280039CSPZR,LQFP-100 (PZ) 14x14 mm,docs/datasheets/controllers/TMS320F28003x.pdf,47,VDDIO,power_in
F280039C,Texas Instruments,F280039CSPZR,LQFP-100 (PZ) 14x14 mm,docs/datasheets/controllers/TMS320F28003x.pdf,48,B5/GPIO20,bidirectional
F280039C,Texas Instruments,F280039CSPZR,LQFP-100 (PZ) 14x14 mm,docs/datasheets/controllers/TMS320F28003x.pdf,49,B11/GPIO21,bidirectional
F280039C,Texas Instruments,F280039CSPZR,LQFP-100 (PZ) 14x14 mm,docs/datasheets/controllers/TMS320F28003x.pdf,50,GPIO13,bidirectional
F280039C,Texas Instruments,F280039CSPZR,LQFP-100 (PZ) 14x14 mm,docs/datasheets/controllers/TMS320F28003x.pdf,51,GPIO12,bidirectional
F280039C,Texas Instruments,F280039CSPZR,LQFP-100 (PZ) 14x14 mm,docs/datasheets/controllers/TMS320F28003x.pdf,52,GPIO11,bidirectional
F280039C,Texas Instruments,F280039CSPZR,LQFP-100 (PZ) 14x14 mm,docs/datasheets/controllers/TMS320F28003x.pdf,53,GPIO33,bidirectional
F280039C,Texas Instruments,F280039CSPZR,LQFP-100 (PZ) 14x14 mm,docs/datasheets/controllers/TMS320F28003x.pdf,54,GPIO16,bidirectional
F280039C,Texas Instruments,F280039CSPZR,LQFP-100 (PZ) 14x14 mm,docs/datasheets/controllers/TMS320F28003x.pdf,55,GPIO17,bidirectional
F280039C,Texas Instruments,F280039CSPZR,LQFP-100 (PZ) 14x14 mm,docs/datasheets/controllers/TMS320F28003x.pdf,56,GPIO24,bidirectional
F280039C,Texas Instruments,F280039CSPZR,LQFP-100 (PZ) 14x14 mm,docs/datasheets/controllers/TMS320F28003x.pdf,57,GPIO25,bidirectional
F280039C,Texas Instruments,F280039CSPZR,LQFP-100 (PZ) 14x14 mm,docs/datasheets/controllers/TMS320F28003x.pdf,58,GPIO26,bidirectional
F280039C,Texas Instruments,F280039CSPZR,LQFP-100 (PZ) 14x14 mm,docs/datasheets/controllers/TMS320F28003x.pdf,59,GPIO27,bidirectional
F280039C,Texas Instruments,F280039CSPZR,LQFP-100 (PZ) 14x14 mm,docs/datasheets/controllers/TMS320F28003x.pdf,60,TCK,input
F280039C,Texas Instruments,F280039CSPZR,LQFP-100 (PZ) 14x14 mm,docs/datasheets/controllers/TMS320F28003x.pdf,61,GPIO37/TDO,bidirectional
F280039C,Texas Instruments,F280039CSPZR,LQFP-100 (PZ) 14x14 mm,docs/datasheets/controllers/TMS320F28003x.pdf,62,TMS,bidirectional
F280039C,Texas Instruments,F280039CSPZR,LQFP-100 (PZ) 14x14 mm,docs/datasheets/controllers/TMS320F28003x.pdf,63,GPIO35/TDI,bidirectional
F280039C,Texas Instruments,F280039CSPZR,LQFP-100 (PZ) 14x14 mm,docs/datasheets/controllers/TMS320F28003x.pdf,64,GPIO32,bidirectional
F280039C,Texas Instruments,F280039CSPZR,LQFP-100 (PZ) 14x14 mm,docs/datasheets/controllers/TMS320F28003x.pdf,65,GPIO56,bidirectional
F280039C,Texas Instruments,F280039CSPZR,LQFP-100 (PZ) 14x14 mm,docs/datasheets/controllers/TMS320F28003x.pdf,66,GPIO57,bidirectional
F280039C,Texas Instruments,F280039CSPZR,LQFP-100 (PZ) 14x14 mm,docs/datasheets/controllers/TMS320F28003x.pdf,67,GPIO58,bidirectional
F280039C,Texas Instruments,F280039CSPZR,LQFP-100 (PZ) 14x14 mm,docs/datasheets/controllers/TMS320F28003x.pdf,68,GPIO18/X2,bidirectional
F280039C,Texas Instruments,F280039CSPZR,LQFP-100 (PZ) 14x14 mm,docs/datasheets/controllers/TMS320F28003x.pdf,69,GPIO19/X1,bidirectional
F280039C,Texas Instruments,F280039CSPZR,LQFP-100 (PZ) 14x14 mm,docs/datasheets/controllers/TMS320F28003x.pdf,70,VDDIO,power_in
F280039C,Texas Instruments,F280039CSPZR,LQFP-100 (PZ) 14x14 mm,docs/datasheets/controllers/TMS320F28003x.pdf,71,VDD,power_in
F280039C,Texas Instruments,F280039CSPZR,LQFP-100 (PZ) 14x14 mm,docs/datasheets/controllers/TMS320F28003x.pdf,72,VSS,power_in
F280039C,Texas Instruments,F280039CSPZR,LQFP-100 (PZ) 14x14 mm,docs/datasheets/controllers/TMS320F28003x.pdf,73,VREGENZ,input
F280039C,Texas Instruments,F280039CSPZR,LQFP-100 (PZ) 14x14 mm,docs/datasheets/controllers/TMS320F28003x.pdf,74,GPIO8,bidirectional
F280039C,Texas Instruments,F280039CSPZR,LQFP-100 (PZ) 14x14 mm,docs/datasheets/controllers/TMS320F28003x.pdf,75,GPIO4,bidirectional
F280039C,Texas Instruments,F280039CSPZR,LQFP-100 (PZ) 14x14 mm,docs/datasheets/controllers/TMS320F28003x.pdf,76,GPIO3,bidirectional
F280039C,Texas Instruments,F280039CSPZR,LQFP-100 (PZ) 14x14 mm,docs/datasheets/controllers/TMS320F28003x.pdf,77,GPIO2,bidirectional
F280039C,Texas Instruments,F280039CSPZR,LQFP-100 (PZ) 14x14 mm,docs/datasheets/controllers/TMS320F28003x.pdf,78,GPIO1,bidirectional
F280039C,Texas Instruments,F280039CSPZR,LQFP-100 (PZ) 14x14 mm,docs/datasheets/controllers/TMS320F28003x.pdf,79,GPIO0,bidirectional
F280039C,Texas Instruments,F280039CSPZR,LQFP-100 (PZ) 14x14 mm,docs/datasheets/controllers/TMS320F28003x.pdf,80,GPIO40,bidirectional
F280039C,Texas Instruments,F280039CSPZR,LQFP-100 (PZ) 14x14 mm,docs/datasheets/controllers/TMS320F28003x.pdf,81,GPIO23,bidirectional
F280039C,Texas Instruments,F280039CSPZR,LQFP-100 (PZ) 14x14 mm,docs/datasheets/controllers/TMS320F28003x.pdf,82,GPIO41,bidirectional
F280039C,Texas Instruments,F280039CSPZR,LQFP-100 (PZ) 14x14 mm,docs/datasheets/controllers/TMS320F28003x.pdf,83,GPIO22,bidirectional
F280039C,Texas Instruments,F280039CSPZR,LQFP-100 (PZ) 14x14 mm,docs/datasheets/controllers/TMS320F28003x.pdf,84,GPIO7,bidirectional
F280039C,Texas Instruments,F280039CSPZR,LQFP-100 (PZ) 14x14 mm,docs/datasheets/controllers/TMS320F28003x.pdf,85,GPIO44,bidirectional
F280039C,Texas Instruments,F280039CSPZR,LQFP-100 (PZ) 14x14 mm,docs/datasheets/controllers/TMS320F28003x.pdf,86,VSS,power_in
F280039C,Texas Instruments,F280039CSPZR,LQFP-100 (PZ) 14x14 mm,docs/datasheets/controllers/TMS320F28003x.pdf,87,VDD,power_in
F280039C,Texas Instruments,F280039CSPZR,LQFP-100 (PZ) 14x14 mm,docs/datasheets/controllers/TMS320F28003x.pdf,88,VDDIO,power_in
F280039C,Texas Instruments,F280039CSPZR,LQFP-100 (PZ) 14x14 mm,docs/datasheets/controllers/TMS320F28003x.pdf,89,GPIO5,bidirectional
F280039C,Texas Instruments,F280039CSPZR,LQFP-100 (PZ) 14x14 mm,docs/datasheets/controllers/TMS320F28003x.pdf,90,GPIO9,bidirectional
F280039C,Texas Instruments,F280039CSPZR,LQFP-100 (PZ) 14x14 mm,docs/datasheets/controllers/TMS320F28003x.pdf,91,GPIO61,bidirectional
F280039C,Texas Instruments,F280039CSPZR,LQFP-100 (PZ) 14x14 mm,docs/datasheets/controllers/TMS320F28003x.pdf,92,GPIO59,bidirectional
F280039C,Texas Instruments,F280039CSPZR,LQFP-100 (PZ) 14x14 mm,docs/datasheets/controllers/TMS320F28003x.pdf,93,GPIO10,bidirectional
F280039C,Texas Instruments,F280039CSPZR,LQFP-100 (PZ) 14x14 mm,docs/datasheets/controllers/TMS320F28003x.pdf,94,GPIO34,bidirectional
F280039C,Texas Instruments,F280039CSPZR,LQFP-100 (PZ) 14x14 mm,docs/datasheets/controllers/TMS320F28003x.pdf,95,GPIO15,bidirectional
F280039C,Texas Instruments,F280039CSPZR,LQFP-100 (PZ) 14x14 mm,docs/datasheets/controllers/TMS320F28003x.pdf,96,GPIO14,bidirectional
F280039C,Texas Instruments,F280039CSPZR,LQFP-100 (PZ) 14x14 mm,docs/datasheets/controllers/TMS320F28003x.pdf,97,GPIO6,bidirectional
F280039C,Texas Instruments,F280039CSPZR,LQFP-100 (PZ) 14x14 mm,docs/datasheets/controllers/TMS320F28003x.pdf,98,GPIO30,bidirectional
F280039C,Texas Instruments,F280039CSPZR,LQFP-100 (PZ) 14x14 mm,docs/datasheets/controllers/TMS320F28003x.pdf,99,GPIO31,bidirectional
F280039C,Texas Instruments,F280039CSPZR,LQFP-100 (PZ) 14x14 mm,docs/datasheets/controllers/TMS320F28003x.pdf,100,GPIO29,bidirectional
FB300,Guangdong Fenghua Advanced Technology,CBW160808U301T,0603,docs/datasheets/magnetics/Fenghua-CBW.pdf,1,,passive
FB300,Guangdong Fenghua Advanced Technology,CBW160808U301T,0603,docs/datasheets/magnetics/Fenghua-CBW.pdf,2,,passive
J_FAN,XKB Connection,X6511WV-03H-C60D30,1x3 2.54 mm THT,docs/datasheets/connectors/XKB-X6511W.pdf,1,Pin_1,passive
J_FAN,XKB Connection,X6511WV-03H-C60D30,1x3 2.54 mm THT,docs/datasheets/connectors/XKB-X6511W.pdf,2,Pin_2,passive
J_FAN,XKB Connection,X6511WV-03H-C60D30,1x3 2.54 mm THT,docs/datasheets/connectors/XKB-X6511W.pdf,3,Pin_3,passive
J_JTAG,XKB Connection,X1270WVS-2x10B-9TV01,2x10 1.27 mm SMT,docs/datasheets/connectors/XKB-X1270WVS.pdf,1,Pin_1,passive
J_JTAG,XKB Connection,X1270WVS-2x10B-9TV01,2x10 1.27 mm SMT,docs/datasheets/connectors/XKB-X1270WVS.pdf,2,Pin_2,passive
J_JTAG,XKB Connection,X1270WVS-2x10B-9TV01,2x10 1.27 mm SMT,docs/datasheets/connectors/XKB-X1270WVS.pdf,3,Pin_3,passive
J_JTAG,XKB Connection,X1270WVS-2x10B-9TV01,2x10 1.27 mm SMT,docs/datasheets/connectors/XKB-X1270WVS.pdf,4,Pin_4,passive
J_JTAG,XKB Connection,X1270WVS-2x10B-9TV01,2x10 1.27 mm SMT,docs/datasheets/connectors/XKB-X1270WVS.pdf,5,Pin_5,passive
J_JTAG,XKB Connection,X1270WVS-2x10B-9TV01,2x10 1.27 mm SMT,docs/datasheets/connectors/XKB-X1270WVS.pdf,6,Pin_6,passive
J_JTAG,XKB Connection,X1270WVS-2x10B-9TV01,2x10 1.27 mm SMT,docs/datasheets/connectors/XKB-X1270WVS.pdf,7,Pin_7,passive
J_JTAG,XKB Connection,X1270WVS-2x10B-9TV01,2x10 1.27 mm SMT,docs/datasheets/connectors/XKB-X1270WVS.pdf,8,Pin_8,passive
J_JTAG,XKB Connection,X1270WVS-2x10B-9TV01,2x10 1.27 mm SMT,docs/datasheets/connectors/XKB-X1270WVS.pdf,9,Pin_9,passive
J_JTAG,XKB Connection,X1270WVS-2x10B-9TV01,2x10 1.27 mm SMT,docs/datasheets/connectors/XKB-X1270WVS.pdf,10,Pin_10,passive
J_JTAG,XKB Connection,X1270WVS-2x10B-9TV01,2x10 1.27 mm SMT,docs/datasheets/connectors/XKB-X1270WVS.pdf,11,Pin_11,passive
J_JTAG,XKB Connection,X1270WVS-2x10B-9TV01,2x10 1.27 mm SMT,docs/datasheets/connectors/XKB-X1270WVS.pdf,12,Pin_12,passive
J_JTAG,XKB Connection,X1270WVS-2x10B-9TV01,2x10 1.27 mm SMT,docs/datasheets/connectors/XKB-X1270WVS.pdf,13,Pin_13,passive
J_JTAG,XKB Connection,X1270WVS-2x10B-9TV01,2x10 1.27 mm SMT,docs/datasheets/connectors/XKB-X1270WVS.pdf,14,Pin_14,passive
J_JTAG,XKB Connection,X1270WVS-2x10B-9TV01,2x10 1.27 mm SMT,docs/datasheets/connectors/XKB-X1270WVS.pdf,15,Pin_15,passive
J_JTAG,XKB Connection,X1270WVS-2x10B-9TV01,2x10 1.27 mm SMT,docs/datasheets/connectors/XKB-X1270WVS.pdf,16,Pin_16,passive
J_JTAG,XKB Connection,X1270WVS-2x10B-9TV01,2x10 1.27 mm SMT,docs/datasheets/connectors/XKB-X1270WVS.pdf,17,Pin_17,passive
J_JTAG,XKB Connection,X1270WVS-2x10B-9TV01,2x10 1.27 mm SMT,docs/datasheets/connectors/XKB-X1270WVS.pdf,18,Pin_18,passive
J_JTAG,XKB Connection,X1270WVS-2x10B-9TV01,2x10 1.27 mm SMT,docs/datasheets/connectors/XKB-X1270WVS.pdf,19,Pin_19,passive
J_JTAG,XKB Connection,X1270WVS-2x10B-9TV01,2x10 1.27 mm SMT,docs/datasheets/connectors/XKB-X1270WVS.pdf,20,Pin_20,passive
J_KF2,Cixi Kefa Electronic,KF2EDGR-3.81-2P,pluggable 2-pos 3.81 mm R/A,docs/datasheets/connectors/KEFA-KF2EDGR-3.81.pdf,1,Pin_1,passive
J_KF2,Cixi Kefa Electronic,KF2EDGR-3.81-2P,pluggable 2-pos 3.81 mm R/A,docs/datasheets/connectors/KEFA-KF2EDGR-3.81.pdf,2,Pin_2,passive
J_KF4,Cixi Kefa Electronic,KF2EDGR-3.81-4P,pluggable 4-pos 3.81 mm R/A,docs/datasheets/connectors/KEFA-KF2EDGR-3.81.pdf,1,Pin_1,passive
J_KF4,Cixi Kefa Electronic,KF2EDGR-3.81-4P,pluggable 4-pos 3.81 mm R/A,docs/datasheets/connectors/KEFA-KF2EDGR-3.81.pdf,2,Pin_2,passive
J_KF4,Cixi Kefa Electronic,KF2EDGR-3.81-4P,pluggable 4-pos 3.81 mm R/A,docs/datasheets/connectors/KEFA-KF2EDGR-3.81.pdf,3,Pin_3,passive
J_KF4,Cixi Kefa Electronic,KF2EDGR-3.81-4P,pluggable 4-pos 3.81 mm R/A,docs/datasheets/connectors/KEFA-KF2EDGR-3.81.pdf,4,Pin_4,passive
J_KF6,Cixi Kefa Electronic,KF2EDGR-3.81-6P,pluggable 6-pos 3.81 mm R/A,docs/datasheets/connectors/KEFA-KF2EDGR-3.81.pdf,1,Pin_1,passive
J_KF6,Cixi Kefa Electronic,KF2EDGR-3.81-6P,pluggable 6-pos 3.81 mm R/A,docs/datasheets/connectors/KEFA-KF2EDGR-3.81.pdf,2,Pin_2,passive
J_KF6,Cixi Kefa Electronic,KF2EDGR-3.81-6P,pluggable 6-pos 3.81 mm R/A,docs/datasheets/connectors/KEFA-KF2EDGR-3.81.pdf,3,Pin_3,passive
J_KF6,Cixi Kefa Electronic,KF2EDGR-3.81-6P,pluggable 6-pos 3.81 mm R/A,docs/datasheets/connectors/KEFA-KF2EDGR-3.81.pdf,4,Pin_4,passive
J_KF6,Cixi Kefa Electronic,KF2EDGR-3.81-6P,pluggable 6-pos 3.81 mm R/A,docs/datasheets/connectors/KEFA-KF2EDGR-3.81.pdf,5,Pin_5,passive
J_KF6,Cixi Kefa Electronic,KF2EDGR-3.81-6P,pluggable 6-pos 3.81 mm R/A,docs/datasheets/connectors/KEFA-KF2EDGR-3.81.pdf,6,Pin_6,passive
J_PC,XKB Connection,X6521FV-2x32-C85D32,2x32 2.54 mm female THT,docs/datasheets/connectors/XKB-X6521F.pdf,1,Pin_1,passive
J_PC,XKB Connection,X6521FV-2x32-C85D32,2x32 2.54 mm female THT,docs/datasheets/connectors/XKB-X6521F.pdf,2,Pin_2,passive
J_PC,XKB Connection,X6521FV-2x32-C85D32,2x32 2.54 mm female THT,docs/datasheets/connectors/XKB-X6521F.pdf,3,Pin_3,passive
J_PC,XKB Connection,X6521FV-2x32-C85D32,2x32 2.54 mm female THT,docs/datasheets/connectors/XKB-X6521F.pdf,4,Pin_4,passive
J_PC,XKB Connection,X6521FV-2x32-C85D32,2x32 2.54 mm female THT,docs/datasheets/connectors/XKB-X6521F.pdf,5,Pin_5,passive
J_PC,XKB Connection,X6521FV-2x32-C85D32,2x32 2.54 mm female THT,docs/datasheets/connectors/XKB-X6521F.pdf,6,Pin_6,passive
J_PC,XKB Connection,X6521FV-2x32-C85D32,2x32 2.54 mm female THT,docs/datasheets/connectors/XKB-X6521F.pdf,7,Pin_7,passive
J_PC,XKB Connection,X6521FV-2x32-C85D32,2x32 2.54 mm female THT,docs/datasheets/connectors/XKB-X6521F.pdf,8,Pin_8,passive
J_PC,XKB Connection,X6521FV-2x32-C85D32,2x32 2.54 mm female THT,docs/datasheets/connectors/XKB-X6521F.pdf,9,Pin_9,passive
J_PC,XKB Connection,X6521FV-2x32-C85D32,2x32 2.54 mm female THT,docs/datasheets/connectors/XKB-X6521F.pdf,10,Pin_10,passive
J_PC,XKB Connection,X6521FV-2x32-C85D32,2x32 2.54 mm female THT,docs/datasheets/connectors/XKB-X6521F.pdf,11,Pin_11,passive
J_PC,XKB Connection,X6521FV-2x32-C85D32,2x32 2.54 mm female THT,docs/datasheets/connectors/XKB-X6521F.pdf,12,Pin_12,passive
J_PC,XKB Connection,X6521FV-2x32-C85D32,2x32 2.54 mm female THT,docs/datasheets/connectors/XKB-X6521F.pdf,13,Pin_13,passive
J_PC,XKB Connection,X6521FV-2x32-C85D32,2x32 2.54 mm female THT,docs/datasheets/connectors/XKB-X6521F.pdf,14,Pin_14,passive
J_PC,XKB Connection,X6521FV-2x32-C85D32,2x32 2.54 mm female THT,docs/datasheets/connectors/XKB-X6521F.pdf,15,Pin_15,passive
J_PC,XKB Connection,X6521FV-2x32-C85D32,2x32 2.54 mm female THT,docs/datasheets/connectors/XKB-X6521F.pdf,16,Pin_16,passive
J_PC,XKB Connection,X6521FV-2x32-C85D32,2x32 2.54 mm female THT,docs/datasheets/connectors/XKB-X6521F.pdf,17,Pin_17,passive
J_PC,XKB Connection,X6521FV-2x32-C85D32,2x32 2.54 mm female THT,docs/datasheets/connectors/XKB-X6521F.pdf,18,Pin_18,passive
J_PC,XKB Connection,X6521FV-2x32-C85D32,2x32 2.54 mm female THT,docs/datasheets/connectors/XKB-X6521F.pdf,19,Pin_19,passive
J_PC,XKB Connection,X6521FV-2x32-C85D32,2x32 2.54 mm female THT,docs/datasheets/connectors/XKB-X6521F.pdf,20,Pin_20,passive
J_PC,XKB Connection,X6521FV-2x32-C85D32,2x32 2.54 mm female THT,docs/datasheets/connectors/XKB-X6521F.pdf,21,Pin_21,passive
J_PC,XKB Connection,X6521FV-2x32-C85D32,2x32 2.54 mm female THT,docs/datasheets/connectors/XKB-X6521F.pdf,22,Pin_22,passive
J_PC,XKB Connection,X6521FV-2x32-C85D32,2x32 2.54 mm female THT,docs/datasheets/connectors/XKB-X6521F.pdf,23,Pin_23,passive
J_PC,XKB Connection,X6521FV-2x32-C85D32,2x32 2.54 mm female THT,docs/datasheets/connectors/XKB-X6521F.pdf,24,Pin_24,passive
J_PC,XKB Connection,X6521FV-2x32-C85D32,2x32 2.54 mm female THT,docs/datasheets/connectors/XKB-X6521F.pdf,25,Pin_25,passive
J_PC,XKB Connection,X6521FV-2x32-C85D32,2x32 2.54 mm female THT,docs/datasheets/connectors/XKB-X6521F.pdf,26,Pin_26,passive
J_PC,XKB Connection,X6521FV-2x32-C85D32,2x32 2.54 mm female THT,docs/datasheets/connectors/XKB-X6521F.pdf,27,Pin_27,passive
J_PC,XKB Connection,X6521FV-2x32-C85D32,2x32 2.54 mm female THT,docs/datasheets/connectors/XKB-X6521F.pdf,28,Pin_28,passive
J_PC,XKB Connection,X6521FV-2x32-C85D32,2x32 2.54 mm female THT,docs/datasheets/connectors/XKB-X6521F.pdf,29,Pin_29,passive
J_PC,XKB Connection,X6521FV-2x32-C85D32,2x32 2.54 mm female THT,docs/datasheets/connectors/XKB-X6521F.pdf,30,Pin_30,passive
J_PC,XKB Connection,X6521FV-2x32-C85D32,2x32 2.54 mm female THT,docs/datasheets/connectors/XKB-X6521F.pdf,31,Pin_31,passive
J_PC,XKB Connection,X6521FV-2x32-C85D32,2x32 2.54 mm female THT,docs/datasheets/connectors/XKB-X6521F.pdf,32,Pin_32,passive
J_PC,XKB Connection,X6521FV-2x32-C85D32,2x32 2.54 mm female THT,docs/datasheets/connectors/XKB-X6521F.pdf,33,Pin_33,passive
J_PC,XKB Connection,X6521FV-2x32-C85D32,2x32 2.54 mm female THT,docs/datasheets/connectors/XKB-X6521F.pdf,34,Pin_34,passive
J_PC,XKB Connection,X6521FV-2x32-C85D32,2x32 2.54 mm female THT,docs/datasheets/connectors/XKB-X6521F.pdf,35,Pin_35,passive
J_PC,XKB Connection,X6521FV-2x32-C85D32,2x32 2.54 mm female THT,docs/datasheets/connectors/XKB-X6521F.pdf,36,Pin_36,passive
J_PC,XKB Connection,X6521FV-2x32-C85D32,2x32 2.54 mm female THT,docs/datasheets/connectors/XKB-X6521F.pdf,37,Pin_37,passive
J_PC,XKB Connection,X6521FV-2x32-C85D32,2x32 2.54 mm female THT,docs/datasheets/connectors/XKB-X6521F.pdf,38,Pin_38,passive
J_PC,XKB Connection,X6521FV-2x32-C85D32,2x32 2.54 mm female THT,docs/datasheets/connectors/XKB-X6521F.pdf,39,Pin_39,passive
J_PC,XKB Connection,X6521FV-2x32-C85D32,2x32 2.54 mm female THT,docs/datasheets/connectors/XKB-X6521F.pdf,40,Pin_40,passive
J_PC,XKB Connection,X6521FV-2x32-C85D32,2x32 2.54 mm female THT,docs/datasheets/connectors/XKB-X6521F.pdf,41,Pin_41,passive
J_PC,XKB Connection,X6521FV-2x32-C85D32,2x32 2.54 mm female THT,docs/datasheets/connectors/XKB-X6521F.pdf,42,Pin_42,passive
J_PC,XKB Connection,X6521FV-2x32-C85D32,2x32 2.54 mm female THT,docs/datasheets/connectors/XKB-X6521F.pdf,43,Pin_43,passive
J_PC,XKB Connection,X6521FV-2x32-C85D32,2x32 2.54 mm female THT,docs/datasheets/connectors/XKB-X6521F.pdf,44,Pin_44,passive
J_PC,XKB Connection,X6521FV-2x32-C85D32,2x32 2.54 mm female THT,docs/datasheets/connectors/XKB-X6521F.pdf,45,Pin_45,passive
J_PC,XKB Connection,X6521FV-2x32-C85D32,2x32 2.54 mm female THT,docs/datasheets/connectors/XKB-X6521F.pdf,46,Pin_46,passive
J_PC,XKB Connection,X6521FV-2x32-C85D32,2x32 2.54 mm female THT,docs/datasheets/connectors/XKB-X6521F.pdf,47,Pin_47,passive
J_PC,XKB Connection,X6521FV-2x32-C85D32,2x32 2.54 mm female THT,docs/datasheets/connectors/XKB-X6521F.pdf,48,Pin_48,passive
J_PC,XKB Connection,X6521FV-2x32-C85D32,2x32 2.54 mm female THT,docs/datasheets/connectors/XKB-X6521F.pdf,49,Pin_49,passive
J_PC,XKB Connection,X6521FV-2x32-C85D32,2x32 2.54 mm female THT,docs/datasheets/connectors/XKB-X6521F.pdf,50,Pin_50,passive
J_PC,XKB Connection,X6521FV-2x32-C85D32,2x32 2.54 mm female THT,docs/datasheets/connectors/XKB-X6521F.pdf,51,Pin_51,passive
J_PC,XKB Connection,X6521FV-2x32-C85D32,2x32 2.54 mm female THT,docs/datasheets/connectors/XKB-X6521F.pdf,52,Pin_52,passive
J_PC,XKB Connection,X6521FV-2x32-C85D32,2x32 2.54 mm female THT,docs/datasheets/connectors/XKB-X6521F.pdf,53,Pin_53,passive
J_PC,XKB Connection,X6521FV-2x32-C85D32,2x32 2.54 mm female THT,docs/datasheets/connectors/XKB-X6521F.pdf,54,Pin_54,passive
J_PC,XKB Connection,X6521FV-2x32-C85D32,2x32 2.54 mm female THT,docs/datasheets/connectors/XKB-X6521F.pdf,55,Pin_55,passive
J_PC,XKB Connection,X6521FV-2x32-C85D32,2x32 2.54 mm female THT,docs/datasheets/connectors/XKB-X6521F.pdf,56,Pin_56,passive
J_PC,XKB Connection,X6521FV-2x32-C85D32,2x32 2.54 mm female THT,docs/datasheets/connectors/XKB-X6521F.pdf,57,Pin_57,passive
J_PC,XKB Connection,X6521FV-2x32-C85D32,2x32 2.54 mm female THT,docs/datasheets/connectors/XKB-X6521F.pdf,58,Pin_58,passive
J_PC,XKB Connection,X6521FV-2x32-C85D32,2x32 2.54 mm female THT,docs/datasheets/connectors/XKB-X6521F.pdf,59,Pin_59,passive
J_PC,XKB Connection,X6521FV-2x32-C85D32,2x32 2.54 mm female THT,docs/datasheets/connectors/XKB-X6521F.pdf,60,Pin_60,passive
J_PC,XKB Connection,X6521FV-2x32-C85D32,2x32 2.54 mm female THT,docs/datasheets/connectors/XKB-X6521F.pdf,61,Pin_61,passive
J_PC,XKB Connection,X6521FV-2x32-C85D32,2x32 2.54 mm female THT,docs/datasheets/connectors/XKB-X6521F.pdf,62,Pin_62,passive
J_PC,XKB Connection,X6521FV-2x32-C85D32,2x32 2.54 mm female THT,docs/datasheets/connectors/XKB-X6521F.pdf,63,Pin_63,passive
J_PC,XKB Connection,X6521FV-2x32-C85D32,2x32 2.54 mm female THT,docs/datasheets/connectors/XKB-X6521F.pdf,64,Pin_64,passive
L22U,SZ Cjiang Technology,FXL0530-220-M,5.4x5.2x3.0 mm molded,docs/datasheets/magnetics/Cjiang-FXL.pdf,1,1,passive
L22U,SZ Cjiang Technology,FXL0530-220-M,5.4x5.2x3.0 mm molded,docs/datasheets/magnetics/Cjiang-FXL.pdf,2,2,passive
L33U,SZ Cjiang Technology,FXL0840-330-M,8.0x8.0x4.0 mm molded,docs/datasheets/magnetics/Cjiang-FXL.pdf,1,1,passive
L33U,SZ Cjiang Technology,FXL0840-330-M,8.0x8.0x4.0 mm molded,docs/datasheets/magnetics/Cjiang-FXL.pdf,2,2,passive
LED_G,Wurth Elektronik,150060VS75000,0603,docs/datasheets/passives-capacitors/WE-150060VS75000.pdf,1,K,passive
LED_G,Wurth Elektronik,150060VS75000,0603,docs/datasheets/passives-capacitors/WE-150060VS75000.pdf,2,A,passive
LED_R,Wurth Elektronik,150060RS75000,0603,docs/datasheets/passives-capacitors/WE-150060RS75000.pdf,1,K,passive
LED_R,Wurth Elektronik,150060RS75000,0603,docs/datasheets/passives-capacitors/WE-150060RS75000.pdf,2,A,passive
LVC07,Texas Instruments,SN74LVC07APWR,TSSOP-14 (PW),docs/datasheets/isolation-interface/SN74LVC07A.pdf,1,1A,input
LVC07,Texas Instruments,SN74LVC07APWR,TSSOP-14 (PW),docs/datasheets/isolation-interface/SN74LVC07A.pdf,2,1Y,open_collector
LVC07,Texas Instruments,SN74LVC07APWR,TSSOP-14 (PW),docs/datasheets/isolation-interface/SN74LVC07A.pdf,3,2A,input
LVC07,Texas Instruments,SN74LVC07APWR,TSSOP-14 (PW),docs/datasheets/isolation-interface/SN74LVC07A.pdf,4,2Y,open_collector
LVC07,Texas Instruments,SN74LVC07APWR,TSSOP-14 (PW),docs/datasheets/isolation-interface/SN74LVC07A.pdf,5,3A,input
LVC07,Texas Instruments,SN74LVC07APWR,TSSOP-14 (PW),docs/datasheets/isolation-interface/SN74LVC07A.pdf,6,3Y,open_collector
LVC07,Texas Instruments,SN74LVC07APWR,TSSOP-14 (PW),docs/datasheets/isolation-interface/SN74LVC07A.pdf,7,GND,power_in
LVC07,Texas Instruments,SN74LVC07APWR,TSSOP-14 (PW),docs/datasheets/isolation-interface/SN74LVC07A.pdf,8,4Y,open_collector
LVC07,Texas Instruments,SN74LVC07APWR,TSSOP-14 (PW),docs/datasheets/isolation-interface/SN74LVC07A.pdf,9,4A,input
LVC07,Texas Instruments,SN74LVC07APWR,TSSOP-14 (PW),docs/datasheets/isolation-interface/SN74LVC07A.pdf,10,5Y,open_collector
LVC07,Texas Instruments,SN74LVC07APWR,TSSOP-14 (PW),docs/datasheets/isolation-interface/SN74LVC07A.pdf,11,5A,input
LVC07,Texas Instruments,SN74LVC07APWR,TSSOP-14 (PW),docs/datasheets/isolation-interface/SN74LVC07A.pdf,12,6Y,open_collector
LVC07,Texas Instruments,SN74LVC07APWR,TSSOP-14 (PW),docs/datasheets/isolation-interface/SN74LVC07A.pdf,13,6A,input
LVC07,Texas Instruments,SN74LVC07APWR,TSSOP-14 (PW),docs/datasheets/isolation-interface/SN74LVC07A.pdf,14,VCC,power_in
LVC1G123,Texas Instruments,SN74LVC1G123DCUR,VSSOP-8 (DCU),docs/datasheets/isolation-interface/SN74LVC1G123.pdf,1,A,input
LVC1G123,Texas Instruments,SN74LVC1G123DCUR,VSSOP-8 (DCU),docs/datasheets/isolation-interface/SN74LVC1G123.pdf,2,B,input
LVC1G123,Texas Instruments,SN74LVC1G123DCUR,VSSOP-8 (DCU),docs/datasheets/isolation-interface/SN74LVC1G123.pdf,3,~{CLR},input
LVC1G123,Texas Instruments,SN74LVC1G123DCUR,VSSOP-8 (DCU),docs/datasheets/isolation-interface/SN74LVC1G123.pdf,4,GND,power_in
LVC1G123,Texas Instruments,SN74LVC1G123DCUR,VSSOP-8 (DCU),docs/datasheets/isolation-interface/SN74LVC1G123.pdf,5,Q,output
LVC1G123,Texas Instruments,SN74LVC1G123DCUR,VSSOP-8 (DCU),docs/datasheets/isolation-interface/SN74LVC1G123.pdf,6,Cext,passive
LVC1G123,Texas Instruments,SN74LVC1G123DCUR,VSSOP-8 (DCU),docs/datasheets/isolation-interface/SN74LVC1G123.pdf,7,Rext/Cext,passive
LVC1G123,Texas Instruments,SN74LVC1G123DCUR,VSSOP-8 (DCU),docs/datasheets/isolation-interface/SN74LVC1G123.pdf,8,VCC,power_in
LVC1G32,Texas Instruments,SN74LVC1G32DBVR,SOT-23-5 (DBV),docs/datasheets/isolation-interface/SN74LVC1G32.pdf,1,A,input
LVC1G32,Texas Instruments,SN74LVC1G32DBVR,SOT-23-5 (DBV),docs/datasheets/isolation-interface/SN74LVC1G32.pdf,2,B,input
LVC1G32,Texas Instruments,SN74LVC1G32DBVR,SOT-23-5 (DBV),docs/datasheets/isolation-interface/SN74LVC1G32.pdf,3,GND,power_in
LVC1G32,Texas Instruments,SN74LVC1G32DBVR,SOT-23-5 (DBV),docs/datasheets/isolation-interface/SN74LVC1G32.pdf,4,Y,output
LVC1G32,Texas Instruments,SN74LVC1G32DBVR,SOT-23-5 (DBV),docs/datasheets/isolation-interface/SN74LVC1G32.pdf,5,VCC,power_in
NTC_SMD,Murata,NCP15XH103F03RC,0402,docs/datasheets/sensing/Murata-NCP-NTC.pdf,1,,passive
NTC_SMD,Murata,NCP15XH103F03RC,0402,docs/datasheets/sensing/Murata-NCP-NTC.pdf,2,,passive
OSC25,Seiko Epson,X1G0041710033,SMD 2.5x2.0 mm 4-pad,docs/datasheets/timing/Epson-SG-210STF.pdf,1,~{ST},input
OSC25,Seiko Epson,X1G0041710033,SMD 2.5x2.0 mm 4-pad,docs/datasheets/timing/Epson-SG-210STF.pdf,2,GND,power_in
OSC25,Seiko Epson,X1G0041710033,SMD 2.5x2.0 mm 4-pad,docs/datasheets/timing/Epson-SG-210STF.pdf,3,OUT,output
OSC25,Seiko Epson,X1G0041710033,SMD 2.5x2.0 mm 4-pad,docs/datasheets/timing/Epson-SG-210STF.pdf,4,VCC,power_in
REF3030E,Texas Instruments,REF3030EAIDBZR,SOT-23-3 (DBZ),docs/datasheets/sensing/REF3030.pdf,1,IN,power_in
REF3030E,Texas Instruments,REF3030EAIDBZR,SOT-23-3 (DBZ),docs/datasheets/sensing/REF3030.pdf,2,OUT,power_out
REF3030E,Texas Instruments,REF3030EAIDBZR,SOT-23-3 (DBZ),docs/datasheets/sensing/REF3030.pdf,3,GND,power_in
RPACK10K,Uniroyal Electronics (UniOhm),4D03WGJ0103T5E,0603x4 concave,docs/datasheets/passives-capacitors/UniOhm-resistor-array.pdf,1,R1.1,passive
RPACK10K,Uniroyal Electronics (UniOhm),4D03WGJ0103T5E,0603x4 concave,docs/datasheets/passives-capacitors/UniOhm-resistor-array.pdf,2,R2.1,passive
RPACK10K,Uniroyal Electronics (UniOhm),4D03WGJ0103T5E,0603x4 concave,docs/datasheets/passives-capacitors/UniOhm-resistor-array.pdf,3,R3.1,passive
RPACK10K,Uniroyal Electronics (UniOhm),4D03WGJ0103T5E,0603x4 concave,docs/datasheets/passives-capacitors/UniOhm-resistor-array.pdf,4,R4.1,passive
RPACK10K,Uniroyal Electronics (UniOhm),4D03WGJ0103T5E,0603x4 concave,docs/datasheets/passives-capacitors/UniOhm-resistor-array.pdf,5,R4.2,passive
RPACK10K,Uniroyal Electronics (UniOhm),4D03WGJ0103T5E,0603x4 concave,docs/datasheets/passives-capacitors/UniOhm-resistor-array.pdf,6,R3.2,passive
RPACK10K,Uniroyal Electronics (UniOhm),4D03WGJ0103T5E,0603x4 concave,docs/datasheets/passives-capacitors/UniOhm-resistor-array.pdf,7,R2.2,passive
RPACK10K,Uniroyal Electronics (UniOhm),4D03WGJ0103T5E,0603x4 concave,docs/datasheets/passives-capacitors/UniOhm-resistor-array.pdf,8,R1.2,passive
SM712,MDD (Microdiode Semiconductor),SM712,SOT-23,docs/datasheets/protection/MDD-SM712.pdf,1,IO1,passive
SM712,MDD (Microdiode Semiconductor),SM712,SOT-23,docs/datasheets/protection/MDD-SM712.pdf,2,IO2,passive
SM712,MDD (Microdiode Semiconductor),SM712,SOT-23,docs/datasheets/protection/MDD-SM712.pdf,3,GND,passive
SMBJ36A,MDD (Microdiode Semiconductor),SMBJ36A,SMB,docs/datasheets/protection/MDD-SMBJ-series.pdf,1,K,passive
SMBJ36A,MDD (Microdiode Semiconductor),SMBJ36A,SMB,docs/datasheets/protection/MDD-SMBJ-series.pdf,2,A,passive
SMBJ58CA,MDD (Microdiode Semiconductor),SMBJ58CA,SMB,docs/datasheets/protection/MDD-SMBJ-series.pdf,1,A1,passive
SMBJ58CA,MDD (Microdiode Semiconductor),SMBJ58CA,SMB,docs/datasheets/protection/MDD-SMBJ-series.pdf,2,A2,passive
SN74LVC08A,Texas Instruments,SN74LVC08APWR,TSSOP-14 (PW),docs/datasheets/isolation-interface/SN74LVC08A.pdf,1,1A,input
SN74LVC08A,Texas Instruments,SN74LVC08APWR,TSSOP-14 (PW),docs/datasheets/isolation-interface/SN74LVC08A.pdf,2,1B,input
SN74LVC08A,Texas Instruments,SN74LVC08APWR,TSSOP-14 (PW),docs/datasheets/isolation-interface/SN74LVC08A.pdf,3,1Y,output
SN74LVC08A,Texas Instruments,SN74LVC08APWR,TSSOP-14 (PW),docs/datasheets/isolation-interface/SN74LVC08A.pdf,4,2A,input
SN74LVC08A,Texas Instruments,SN74LVC08APWR,TSSOP-14 (PW),docs/datasheets/isolation-interface/SN74LVC08A.pdf,5,2B,input
SN74LVC08A,Texas Instruments,SN74LVC08APWR,TSSOP-14 (PW),docs/datasheets/isolation-interface/SN74LVC08A.pdf,6,2Y,output
SN74LVC08A,Texas Instruments,SN74LVC08APWR,TSSOP-14 (PW),docs/datasheets/isolation-interface/SN74LVC08A.pdf,7,GND,power_in
SN74LVC08A,Texas Instruments,SN74LVC08APWR,TSSOP-14 (PW),docs/datasheets/isolation-interface/SN74LVC08A.pdf,8,3Y,output
SN74LVC08A,Texas Instruments,SN74LVC08APWR,TSSOP-14 (PW),docs/datasheets/isolation-interface/SN74LVC08A.pdf,9,3A,input
SN74LVC08A,Texas Instruments,SN74LVC08APWR,TSSOP-14 (PW),docs/datasheets/isolation-interface/SN74LVC08A.pdf,10,3B,input
SN74LVC08A,Texas Instruments,SN74LVC08APWR,TSSOP-14 (PW),docs/datasheets/isolation-interface/SN74LVC08A.pdf,11,4Y,output
SN74LVC08A,Texas Instruments,SN74LVC08APWR,TSSOP-14 (PW),docs/datasheets/isolation-interface/SN74LVC08A.pdf,12,4A,input
SN74LVC08A,Texas Instruments,SN74LVC08APWR,TSSOP-14 (PW),docs/datasheets/isolation-interface/SN74LVC08A.pdf,13,4B,input
SN74LVC08A,Texas Instruments,SN74LVC08APWR,TSSOP-14 (PW),docs/datasheets/isolation-interface/SN74LVC08A.pdf,14,VCC,power_in
SN74LVC1G74,Texas Instruments,SN74LVC1G74DCUR,VSSOP-8 (DCU),docs/datasheets/isolation-interface/SN74LVC1G74.pdf,1,CLK,input
SN74LVC1G74,Texas Instruments,SN74LVC1G74DCUR,VSSOP-8 (DCU),docs/datasheets/isolation-interface/SN74LVC1G74.pdf,2,D,input
SN74LVC1G74,Texas Instruments,SN74LVC1G74DCUR,VSSOP-8 (DCU),docs/datasheets/isolation-interface/SN74LVC1G74.pdf,3,~{Q},output
SN74LVC1G74,Texas Instruments,SN74LVC1G74DCUR,VSSOP-8 (DCU),docs/datasheets/isolation-interface/SN74LVC1G74.pdf,4,GND,power_in
SN74LVC1G74,Texas Instruments,SN74LVC1G74DCUR,VSSOP-8 (DCU),docs/datasheets/isolation-interface/SN74LVC1G74.pdf,5,Q,output
SN74LVC1G74,Texas Instruments,SN74LVC1G74DCUR,VSSOP-8 (DCU),docs/datasheets/isolation-interface/SN74LVC1G74.pdf,6,~{CLR},input
SN74LVC1G74,Texas Instruments,SN74LVC1G74DCUR,VSSOP-8 (DCU),docs/datasheets/isolation-interface/SN74LVC1G74.pdf,7,~{PRE},input
SN74LVC1G74,Texas Instruments,SN74LVC1G74DCUR,VSSOP-8 (DCU),docs/datasheets/isolation-interface/SN74LVC1G74.pdf,8,VCC,power_in
SS56,MDD (Microdiode Semiconductor),SS56,SMA (DO-214AC),docs/datasheets/power-semiconductors/MDD-SS5x.pdf,1,K,passive
SS56,MDD (Microdiode Semiconductor),SS56,SMA (DO-214AC),docs/datasheets/power-semiconductors/MDD-SS5x.pdf,2,A,passive
TLV9024,Texas Instruments,TLV9024PWR,TSSOP-14 (PW),docs/datasheets/sensing/TLV9024.pdf,1,OUT2,open_collector
TLV9024,Texas Instruments,TLV9024PWR,TSSOP-14 (PW),docs/datasheets/sensing/TLV9024.pdf,2,OUT1,open_collector
TLV9024,Texas Instruments,TLV9024PWR,TSSOP-14 (PW),docs/datasheets/sensing/TLV9024.pdf,3,V+,power_in
TLV9024,Texas Instruments,TLV9024PWR,TSSOP-14 (PW),docs/datasheets/sensing/TLV9024.pdf,4,IN1-,input
TLV9024,Texas Instruments,TLV9024PWR,TSSOP-14 (PW),docs/datasheets/sensing/TLV9024.pdf,5,IN1+,input
TLV9024,Texas Instruments,TLV9024PWR,TSSOP-14 (PW),docs/datasheets/sensing/TLV9024.pdf,6,IN2-,input
TLV9024,Texas Instruments,TLV9024PWR,TSSOP-14 (PW),docs/datasheets/sensing/TLV9024.pdf,7,IN2+,input
TLV9024,Texas Instruments,TLV9024PWR,TSSOP-14 (PW),docs/datasheets/sensing/TLV9024.pdf,8,IN3-,input
TLV9024,Texas Instruments,TLV9024PWR,TSSOP-14 (PW),docs/datasheets/sensing/TLV9024.pdf,9,IN3+,input
TLV9024,Texas Instruments,TLV9024PWR,TSSOP-14 (PW),docs/datasheets/sensing/TLV9024.pdf,10,IN4-,input
TLV9024,Texas Instruments,TLV9024PWR,TSSOP-14 (PW),docs/datasheets/sensing/TLV9024.pdf,11,IN4+,input
TLV9024,Texas Instruments,TLV9024PWR,TSSOP-14 (PW),docs/datasheets/sensing/TLV9024.pdf,12,V-,power_in
TLV9024,Texas Instruments,TLV9024PWR,TSSOP-14 (PW),docs/datasheets/sensing/TLV9024.pdf,13,OUT4,open_collector
TLV9024,Texas Instruments,TLV9024PWR,TSSOP-14 (PW),docs/datasheets/sensing/TLV9024.pdf,14,OUT3,open_collector
TLV9064,Texas Instruments,TLV9064IPWR,TSSOP-14 (PW),docs/datasheets/sensing/TLV9064.pdf,1,OUT1,output
TLV9064,Texas Instruments,TLV9064IPWR,TSSOP-14 (PW),docs/datasheets/sensing/TLV9064.pdf,2,IN1-,input
TLV9064,Texas Instruments,TLV9064IPWR,TSSOP-14 (PW),docs/datasheets/sensing/TLV9064.pdf,3,IN1+,input
TLV9064,Texas Instruments,TLV9064IPWR,TSSOP-14 (PW),docs/datasheets/sensing/TLV9064.pdf,4,V+,power_in
TLV9064,Texas Instruments,TLV9064IPWR,TSSOP-14 (PW),docs/datasheets/sensing/TLV9064.pdf,5,IN2+,input
TLV9064,Texas Instruments,TLV9064IPWR,TSSOP-14 (PW),docs/datasheets/sensing/TLV9064.pdf,6,IN2-,input
TLV9064,Texas Instruments,TLV9064IPWR,TSSOP-14 (PW),docs/datasheets/sensing/TLV9064.pdf,7,OUT2,output
TLV9064,Texas Instruments,TLV9064IPWR,TSSOP-14 (PW),docs/datasheets/sensing/TLV9064.pdf,8,OUT3,output
TLV9064,Texas Instruments,TLV9064IPWR,TSSOP-14 (PW),docs/datasheets/sensing/TLV9064.pdf,9,IN3-,input
TLV9064,Texas Instruments,TLV9064IPWR,TSSOP-14 (PW),docs/datasheets/sensing/TLV9064.pdf,10,IN3+,input
TLV9064,Texas Instruments,TLV9064IPWR,TSSOP-14 (PW),docs/datasheets/sensing/TLV9064.pdf,11,V-,power_in
TLV9064,Texas Instruments,TLV9064IPWR,TSSOP-14 (PW),docs/datasheets/sensing/TLV9064.pdf,12,IN4+,input
TLV9064,Texas Instruments,TLV9064IPWR,TSSOP-14 (PW),docs/datasheets/sensing/TLV9064.pdf,13,IN4-,input
TLV9064,Texas Instruments,TLV9064IPWR,TSSOP-14 (PW),docs/datasheets/sensing/TLV9064.pdf,14,OUT4,output
TPS3828,Texas Instruments,TPS3828-33DBVR,SOT-23-5 (DBV),docs/datasheets/power-supply/TPS3823.pdf,1,~{RESET},open_collector
TPS3828,Texas Instruments,TPS3828-33DBVR,SOT-23-5 (DBV),docs/datasheets/power-supply/TPS3823.pdf,2,GND,power_in
TPS3828,Texas Instruments,TPS3828-33DBVR,SOT-23-5 (DBV),docs/datasheets/power-supply/TPS3823.pdf,3,~{MR},input
TPS3828,Texas Instruments,TPS3828-33DBVR,SOT-23-5 (DBV),docs/datasheets/power-supply/TPS3823.pdf,4,WDI,input
TPS3828,Texas Instruments,TPS3828-33DBVR,SOT-23-5 (DBV),docs/datasheets/power-supply/TPS3823.pdf,5,VDD,power_in
TPS54360B,Texas Instruments,TPS54360BDDAR,HSOIC-8 PowerPAD (DDA),docs/datasheets/power-supply/TPS54360B.pdf,1,BOOT,passive
TPS54360B,Texas Instruments,TPS54360BDDAR,HSOIC-8 PowerPAD (DDA),docs/datasheets/power-supply/TPS54360B.pdf,2,VIN,power_in
TPS54360B,Texas Instruments,TPS54360BDDAR,HSOIC-8 PowerPAD (DDA),docs/datasheets/power-supply/TPS54360B.pdf,3,EN,input
TPS54360B,Texas Instruments,TPS54360BDDAR,HSOIC-8 PowerPAD (DDA),docs/datasheets/power-supply/TPS54360B.pdf,4,RT/CLK,input
TPS54360B,Texas Instruments,TPS54360BDDAR,HSOIC-8 PowerPAD (DDA),docs/datasheets/power-supply/TPS54360B.pdf,5,FB,input
TPS54360B,Texas Instruments,TPS54360BDDAR,HSOIC-8 PowerPAD (DDA),docs/datasheets/power-supply/TPS54360B.pdf,6,COMP,output
TPS54360B,Texas Instruments,TPS54360BDDAR,HSOIC-8 PowerPAD (DDA),docs/datasheets/power-supply/TPS54360B.pdf,7,GND,power_in
TPS54360B,Texas Instruments,TPS54360BDDAR,HSOIC-8 PowerPAD (DDA),docs/datasheets/power-supply/TPS54360B.pdf,8,SW,passive
TPS54360B,Texas Instruments,TPS54360BDDAR,HSOIC-8 PowerPAD (DDA),docs/datasheets/power-supply/TPS54360B.pdf,9,PAD,power_in
