incumbent_mpn,incumbent_mfr,function,boards,qty_pv_p75,qty_dab_d60,incumbent_price_usd,alt_mpn,alt_mfr,alt_country,class,differences,alt_price_usd,lcsc,stock,qualification,barrier_ratings,datasheet,pages,verdict,note
AMC3330DWE,Texas Instruments,"Reinforced isolated amplifier +/-1 V, gain 2, integrated DC/DC: HV divider voltage sense (PV-PORT VA/VAX/VB/VBX + IMD AUX1/AUX2; DAB60 port V/VX x4 + AN1 HOB current x2)",PV-PORT; DAB60,6,6,6.261 (TI 1k); LCSC AMC3330DWER 4.07 @1k,CA-IS1311BG (+ CA-IS3115AW high-side supply per HV node),Chipanalog (Shanghai),CN,FUNCTIONAL,"input -0.1..2.0 V single-ended, 1 GOhm, +/-15 nA (AMC3330 +/-1 V differential); gain 1 (2); no integrated DC/DC: needs VDD1 3.0-5.5 V, IDD1 <= 13.5 mA [DS p9]; gain error +/-0.3 % / +/-40 ppm/C (+/-0.2 %); offset +/-1.5 mV / +/-15 uV/C (+/-0.3 mV); nonlinearity +/-0.08 %; BW 220 kHz min / 275 typ; tPD 2.1 us max; VCMOUT 1.44 V (same); ROUT < 0.2 ohm; fail-safe -2.6..-2.5 V on VDD1 loss/UV/SHTDN (same sense as AMC3330 -2.57 V); CMTI >= 100 kV/us (AMC3330 85 min); SOIC-8 wide body instead of SOIC-16 wide; -40..125 C. Insulation better than AMC3330 on every row: VIMP 9.8 vs 7.7 kV, VIOSM 12.8 vs 10 kV, VISO 5000 vs 4250 Vrms (passes the 4400 Vrms reinforced AC test of IC-03), VIORM 2121 vs 1700 Vpk",0.869 (@100; 0.759 @1k) + CA-IS3115AW 1.912 (@100; 1.700 @1k) shared per HV node,C42370078 (CA-IS1311BG); C20598894 (CA-IS3115AW),"13 (BG); 2 (CA-IS3115AW) - LOW, ask Chipanalog/agent",industrial -40..125 C; JS-001 / JESD22-C101 ESD; no AEC-Q100 on the G/BG (CA-IS1311G-Q1 sampling); maker reliability report not found,"VIORM 2121 Vpk; VIOWM 1500 Vrms / 2121 VDC (TDDB); VIOTM 7070 Vpk; VIMP 9846 Vpk; VIOSM 12800 Vpk (certified, oil); VISO 5000 Vrms; CLR/CPG 8 mm; CTI > 600 (group I); DTI 28 um; VDE 0884-17 reinforced cert 40057278; UL 1577 E511334; CQC24001434134 (GB4943.1 reinforced <= 5000 m); TUV 2253313 (EN 61010-1 / 62368-1)",docs/datasheets/sensing/CA-IS1311x.pdf; docs/datasheets/power-supply/CA-IS3115AW.pdf,"CA-IS1311x v1.06 p2 (ordering, CMTI grades), p4 (pins), p5 (ratings), p6-7 (isolation, certificates), p8-9 (electrical); CA-IS3115AW v1.09 p4-8",ADOPT,"Voltage channels (unipolar): divider bottom 4.99 k -> 10.0 k 0.1 % (6 M + 10 k: 2.0 V = 1202 V keeps the +/-2 V PORT full scale with gain 1), filter 4.7 nF -> 2.2 nF (lag 22 us <= 30 us), INN tie disappears (single-ended VIN to HGND). Terminal-side VAX/VBX read <= 0 for a reversed terminal: the firmware 'terminal in window before precharge' rule already blocks it. PV-PORT IMD: AUX1 = V(PE-BUS-) is >= 0 -> direct; AUX2 = V(PE-A+) is <= 0 -> the bottom resistor (10 k) returns to a ~1.95 V Thevenin source taken from a 2.048 V series reference on the A+ node supply (V_in = 1.95 V + V/601 stays inside -0.1...2.0 V for V = -1100...0 V). DAB AN1 (bipolar HOB signal; the CELL contract +/-2 V on 1.44 V is shared with the PV cells and must not change): HV side VIN = 1.0 V + k'(Uout - Uref) from the existing OPA4388 pair (k' = 2k, offset 0.4 x Uref) and a PELV-side re-centering difference amplifier on DAB60 (gain 2, -1.0 V) restores +/-2 V before the CELL connector and the DC-flux window; fallback: keep the AMC3330 on the two AN1 channels (passes only with the SPD credit, IC-03). High side: one CA-IS3115AW (5 V, >= 240 mA) per HV reference node - PV-PORT: BUS- node (VA, VAX, VB, VBX, AUX1, IA, IB) and A+ node (AUX2); DAB60: the CA-IS3115AW that replaces each UCC12050 also feeds the port V/VX/I amplifiers of that bridge. A shared supply loss puts every amplifier on that node into fail-safe at once: firmware and the port hold logic must treat any fail-safe as a trip (it already does for I). Re-run: port_design divider/lag + OV tolerance, DAB60 design_check (OV comparator band with gain 0.3 %/offset 1.5 mV, response with tPD 2.1 us), insulation audit (rows AMC3330 -> CA-IS1311BG pass at 2000 m; still 8 mm -> 3000/4000 m clearance issue IC-01 unchanged). PIN MAP (CA-IS1311BG, SOIC-8 WB, DS p4): 1 VDD1, 2 VIN, 3 SHTDN (active high, INTERNAL PULL-UP - tie to GND1 or the part sits in shutdown = fail-safe output), 4 GND1, 5 GND2, 6 VOUTN, 7 VOUTP, 8 VDD2. AMC3330 pins that disappear: DCDC_OUT/HLDO_IN/HLDO_OUT/DCDC_HGND/DCDC_IN/DCDC_GND/LDO_OUT/DIAG and their 9 decoupling capacitors; add 100 nF + 1 uF on VDD1-GND1 and VDD2-GND2."
AMC3302DWE,Texas Instruments,"Reinforced isolated amplifier +/-50 mV, gain 41, integrated DC/DC, DIAG: port current shunt (feeds PORT I contract and the contactor hold-closed logic)",PV-PORT; DAB60,2,2,6.578 (TI 1k); LCSC AMC3302DWER 2.25 @1k,"CA-IS1311BG + HV-side zero-drift gain stage (G = 15, +1.0 V offset) on the CA-IS3115AW node",Chipanalog (Shanghai),CN,FUNCTIONAL,"no Asian +/-50 mV isolated amplifier meets the barrier rule today: Chipanalog CA-IS1300G05G (the functional twin: +/-50 mV, gain 41, fail-safe -2.5 V) has VIOSM 8000 Vpk, VIOTM 7070, VIORM 1414 and VDE 'pending' in datasheet v1.05 (the maker's web table lists 12.8 kV = the 1.6x test level); NOVOSENSE NSI1300 only on an old LCSC-hosted sheet without extractable ratings; 2Pai pi8300E is basic. So: shunt +/-64 mV x 15 + 1.000 V -> 0.04..1.96 V into CA-IS1311BG; output 0..2 V with 1.0 V = 0 A (AMC3302: +/-2.05 V, 0 V = 0 A); DIAG recreated on the PELV side by a window comparator on the output (fail-safe -2.5 V = VDD1 loss; > 2.05 V = open Kelvin wire pulled high by 10 M to H5V)","0.869 + ~0.6 (zero-drift op amp, 1.0 V ref share, 0.1 % resistors) + PELV window comparator ~0.3",C42370078,13,as CA-IS1311BG row,"VIORM 2121 Vpk; VIOWM 1500 Vrms / 2121 VDC (TDDB); VIOTM 7070 Vpk; VIMP 9846 Vpk; VIOSM 12800 Vpk (certified, oil); VISO 5000 Vrms; CLR/CPG 8 mm; CTI > 600 (group I); DTI 28 um; VDE 0884-17 reinforced cert 40057278; UL 1577 E511334; CQC24001434134 (GB4943.1 reinforced <= 5000 m); TUV 2253313 (EN 61010-1 / 62368-1)",docs/datasheets/sensing/CA-IS1311x.pdf; docs/datasheets/sensing/CA-IS1300x.pdf (rejected twin),"CA-IS1311x p6-9; CA-IS1300x v1.05 p6-7 (VIOSM 8000, VDE pending)",OPTION,"The AMC3302 FAILS the barrier rule today (VIOSM 6250 V, IC-02), so it must change whatever the sourcing. The hold-closed logic (port.py: |I| > trip AND FB AND DIAG -> HOLD) is safety-chain: its REF3030E networks must subtract the 1.0 V offset, DIAG becomes a comparator output, and the proof-test injection must still reach both channels - port engineer to redesign and re-run sim/port_design.py hold-logic band and the FMEA of the hold function. Cleaner alternative once documented: CA-IS1300G05G with a granted VDE certificate and a datasheet that shows VIMP >= 8 kV / VIOSM >= 10 kV (ask Chipanalog) - then only the high-side supply and a DIAG comparator change. Interim non-Asian fix if neither is ready: TI AMC1302 (VIOSM 8000, no DC/DC) on the CA-IS3115AW node. PIN MAP (CA-IS1311BG, SOIC-8 WB, DS p4): 1 VDD1, 2 VIN, 3 SHTDN (active high, INTERNAL PULL-UP - tie to GND1 or the part sits in shutdown = fail-safe output), 4 GND1, 5 GND2, 6 VOUTN, 7 VOUTP, 8 VDD2. AMC3330 pins that disappear: DCDC_OUT/HLDO_IN/HLDO_OUT/DCDC_HGND/DCDC_IN/DCDC_GND/LDO_OUT/DIAG and their 9 decoupling capacitors; add 100 nF + 1 uF on VDD1-GND1 and VDD2-GND2."
UCC12050DVE,Texas Instruments,"Reinforced isolated DC/DC 5 V -> 5 V 0.5 W: HV-side sensor supply per DAB bridge (HOB, OPA4388, TLV3502, REF, ISO7720F side 1)",DAB60,0,2,3.973 (TI 1k); LCSC UCC12050DVER 8.42,CA-IS3115AW,Chipanalog (Shanghai),CN,DROP-IN,"pin map checked against DAB60 netlist: 1 EN, 2 GNDP, 3 VINP, 13 SEL (= VISO -> 5.0 V, same SEL coding 5.0/5.4/3.3/3.7), 14 VISO, 9-12/15/16 GNDS identical; pin 4 SYNC (tied to GND here) = GNDP; pin 5 SYNC_OK (unused, NC here) = GNDP -> tie pin 5 to GND; pins 6-8 GNDP (GND here). 1.5 W / 240 mA min at 5 V (UCC12050 0.5 W); VISO 4.75-5.25 V; no-load input 4.9 mA typ; CVISO 4.7-1000 uF (10 uF fitted); soft start, hiccup short-circuit, OTP, EN; no SYNC; -40..125 C; MSL 3. Insulation: VIOSM 12.8 kV vs 6.25 kV (the UCC12050 FAILS IC-02, this passes)",1.912 (@100); 1.700 (@1k),C20598894,2 (mirror) - low,industrial -40..125 C; CA-IS3115AW-Q1 (AEC-Q100) in sampling,VIORM 2121 Vpk; VIOWM 1500 Vrms / 2121 VDC; VIOTM 7070 Vpk; VIMP 9846 Vpk; VIOSM 12800 Vpk (certified); VISO 5000 Vrms; CLR/CPG > 8 mm; CTI > 600; DTI > 28 um; CIO 3.5 pF; VDE 0884-17 reinforced 40057278; UL 1577 E511334; CQC23001406424; TUV 2253313,docs/datasheets/power-supply/CA-IS3115AW.pdf,"v1.09 p1 (features), p4 (pins), p5-6 (ratings, isolation), p7 (certificates), p8 (electrical)",ADOPT,"Fixes the UCC12050 insulation FAIL (VIOSM 6250 < 8000). Netlist change: U501/U1001 pin 5 None -> GND. Re-run DAB60 design_check 5 V budget with the CA-IS3115AW efficiency (60 % at 300 mA; light-load curve p11 - read it, the script assumes 45 %) and the insulation audit rows DAB60 U501/U1001. EMI: on-chip transformer converter, no CISPR statement for this part (Chipanalog gives layout advice p17) - include in the EMC pre-scan. The extra 1 W headroom lets this supply also feed the CA-IS1311BG port amplifiers of the same bridge."
ISO7720FDWR,Texas Instruments,"Reinforced dual digital isolator 2/0, default LOW: HV-side OC window trips -> TRIP_N (DAB bridges)",DAB60,0,2,1.040 (TI 1k),"CA-IS3820LW (SOIC16-WB) / CA-IS3820LWW (SOIC16 extra-wide, 15 mm)",Chipanalog (Shanghai),CN,FUNCTIONAL,"CA-IS3820LW: 2/0, default output LOW (L), 150 Mbps, 12 ns tpd typ, 2.5-5.5 V; pinout = ISO7720 DW-16 except pin 7 (ISO7720 GND1, CA-IS3820 NC - harmless) and pin 8 (ISO7720 NC, CA-IS3820 GNDA - must be tied to HGND). Insulation WEAKER on surge: VIOSM 8000 Vpk (tested 12.8 kV) vs ISO7720F VIMP 8000 / VIOSM 12800; VIORM 2121, VIOWM 2121 VDC, VISO 5700 Vrms, 8 mm, CTI > 600 equal or better. The WW package: VIORM 2828 Vpk, VIOWM 2828 VDC, VISO 7500 Vrms, CLR/CPG 15 mm (clears the 3000/4000 m clearance problem IC-01) but its own pinout + EN pins","~1.30 (qty 1, CA-IS3820HW C20598867; L version not in mirror)",not on LCSC mirror (CA-IS3820HW C20598867 is the default-HIGH twin - wrong polarity),,industrial -40..125 C,VIORM 2121 Vpk (WW 2828); VIOWM 1500 Vrms / 2121 VDC (WW 2000 / 2828); VIOTM 8000 Vpk; VIOSM 8000 Vpk (1.6x test); VISO 5700 Vrms (WW 7500); CLR/CPG 8 mm (WW 15 mm); CTI > 600; VDE 0884-17 40057278; UL E511334; CQC23001406424 (W) / CQC24001434134 (G); TUV AK 505918190001,docs/datasheets/isolation-interface/CA-IS382x.pdf,"v1.06 p2 (ordering: L = default low), p4-6 (pins), p9-10 (isolation, certificates)",KEEP,"Saving < 0.5 USD per DAB and the Asian part has less surge margin (8 vs 12.8 kV): keep ISO7720F. OPTION for an altitude claim above 2000 m: CA-IS3820LWW (15 mm) - footprint and pin map change (VDDA 1 / GNDA 2 ...), re-run the insulation audit rows U507/U1007."
TPSI3050QDWZRQ1,Texas Instruments,Reinforced isolated switch driver with power transfer (two-wire from a 24 V DO): SiC gate of the port discharge switch and the IMD test switches,PV-PORT; DAB60,4,2,2.299 (TI 1k),none adoptable (Chipanalog CA-IS3417WT integrated 1700 V SiC SSR noted for the IMD switches),Chipanalog,CN,NONE,"No Asian isolated switch driver with integrated power transfer and a published reinforced rating was found (2Pai 'digital HV isolated switch' family: datasheets behind a registration form - to download by hand). CA-IS3417WT is a different function: opto-emulator input, integrated back-to-back 1700 V SiC, 50 ohm, 50 mA, 1 uA off-leakage, ton/toff < 300 us, made for insulation monitoring - it could replace TPSI3050 + 2 x C2M1000170D in each IMD test string, but VIOSM is 8000 Vpk and its certifications are 'in progress' (v1.00, 2024-04)",,,,CA-IS3417WT: industrial -40..125 C,"CA-IS3417WT: VIORM 2121 Vpk, VIOTM 7070 Vpk, VIOSM 8000 Vpk, VISO 5000 Vrms, CLR/CPG 8 mm, CTI > 600, certificates pending",docs/datasheets/isolation-interface/CA-IS3417WT.pdf,"v1.00 p1 (features), p4 (pins), p5 (ratings), p6 (isolation)",KEEP,"TPSI3050 passes the barrier rule (VIMP 9230, VIOSM 12000, 8.5 mm; coat) - keep. For the port engineer (owner of the IMD switches): CA-IS3417WT would remove 2 x C2M1000170D (17.09 USD each est.) + TPSI3050 per test string once its VDE certificate is granted with VIOSM >= 10 kV; its off-state is 1700 V min, 1 uA max leakage (the IMD baseline calibration already handles IDSS <= 100 uA)."
LA 150-P,LEM,"Closed-loop Hall current transducer 150 A, 1:2000, +/-15 V: PV cell inductor current AN1 (control, CTRL backup trip, local OC window)",PVCELL-25,3,0,15.807,STB-150LA/ZN (aperture version),Sinomags (Anhui Sinomags Technology),CN,FUNCTIONAL,"closed-loop TMR, 5 V single supply (LA 150-P +/-15 V), voltage output Vout/Vref 2.5 V +/- 0.625 V at IPN = 4.167 mV/A (LA: current output, RM 20 ohm -> 10 mV/A); IPM +/-400 A (+/-212); BW -3 dB 300 kHz typ (LA -1 dB 150 kHz; requirement >= 200 kHz); step response 0.3 us typ @90 % (LA tD90 < 0.5 us max; requirement group delay <= 1.04 us) - only TYPICAL values given; accuracy +/-0.8 % IPN at 25 C, +/-1.1 % at 85 C (LA 0.5 % + 0.1 % lin); offset +/-5 mV = 1.2 A (LA IOE 0.1 mA = 0.2 A; firmware re-zeros at idle); Ic 15 mA + IP/1500; aperture ~21 x 12 mm (LA 13.5 x 10) takes the screened lead A; insulation Ud 4 kV, Uw 8 kV, 12.9 mm, CTI 600 (LA: 4.3 kV, 8 kV, 8 mm, basic 1000 V stated) - Sinomags states no insulation class: treat as basic + lead supplementary as today; -40..105 C; HAST 85 C/85 %RH 1000 h",RFQ (not on LCSC mirror),,,-40..105 C; HAST 85/85 1000 h (maker); no AEC,"Ud 4 kV rms 1 min, Uw 8 kV 1.2/50, CLR/CPG 12.9 mm, CTI 600, UL94-V0 (class not stated)",docs/datasheets/sensing/Sinomags-STB-LA-Zx.pdf; docs/datasheets/sensing/CHIPSENSE-CS1V-P00.pdf (second candidate),"STB-LA/Zx Ver 6.4 p2 (isolation), p4 (150 A data), p6 (application circuit), p8 (ZN dimensions, pins 1 Vcc 2 GND 3 Vout 4 Vref 5 NC)",OPTION,"Removes the +/-15 V RS3-2415D per cell (its 71 C full-load limit is a temperature-audit gap) and the +15 V monitor. Circuit changes on PVCELL-25: new footprint/aperture, RM deleted, OPA4322/OPA2322 driver re-scaled from Vout-Vref (gain 2.4 for 10 mV/A), +5 V sensor rail from the cell 24 V (<= 90 mA at 110 A), TPS3710 window moved to 5 V. Re-run gen/pvcell.py design_check 'isense' and OC window (use 0.3 us as typical only - ask Sinomags for a max response and the insulation class), insulation audit row IC-16. Second candidate: CHIPSENSE CS1V 150 P00 (5 V, 200 kHz, response <= 1 us @10 %, basic 1000 V / reinforced 600 V stated, 20 mm) - fits the 1.04 us budget only just. Price both by RFQ."
HOB 130-P,LEM,"Open-loop Hall current transducer 130 A, DC-1 MHz, 5 V, Uref: DAB transformer AC current on the HV side (AN1, local OC window, DC-flux)",DAB60,0,2,26.770,STK-HO/A 130,Sinomags (Anhui Sinomags Technology),CN,FUNCTIONAL,"same pin functions as the HOB-P: 1 +Vc, 2 GND, 3 Vout, 4 Vref, 5 NC, primary 6-9 -> 10-13 (body 35.4 x 25 mm vs HOB 38 x 22 mm: land pattern differs); open-loop TMR, 5 V, Icc 7 mA typ (HOB 26 mA); 6.154 mV/A (8 mV/A); IPM +/-325 A (+/-250); BW 1 MHz -3 dB (same); response 0.2 us @90 % typ (HOB tD90 200 ns); Rout 20 ohm / Rref 16 ohm (30 / 130-300); offset +/-10 mV (HOB 5 mV), drift +/-1.5 % VFS; accuracy +/-1.5 % IPN at 25 C, +/-3 % -40..105 C (HOB 0.75 % + 200 ppm/K); Ud 4 kV, Uw 8 kV, 13.8 mm (HV-side use: functional stress only)",RFQ (not on LCSC mirror),,,-40..105 C; no AEC,"not a barrier here (HV side); Ud 4 kV, Uw 8 kV, 13.8 mm",docs/datasheets/sensing/Sinomags-STK-HO-A.pdf,"Ver1.5 p2 (general), p3 (isolation), p7 (130 A data), p15 (BW, step), p16 (dimensions, pins)",OPTION,"Footprint change; AN1 scaling (OPA4388 A/B resistor values), OC window ladder (REF3030E taps for 6.154 mV/A) and the DC-flux window tolerance must be re-derived in gen/dab60.py with the wider offset/gain spread; firmware flux loop nulls the offset. Lower Icc relieves the HV-side 5 V. Ask Sinomags for max (not typical) response and offset-drift figures before adopting. Price by RFQ."
ISO1042DWR,Texas Instruments,"Isolated CAN FD transceiver 5 Mbps, +/-70 V bus fault: SYS-IO-AUX CANB + MCAN service port, BMU-GW BMS CAN (PELV-FIELD, functional barrier only)",SYS-IO-AUX; BMU-GW,3,3,2.290 (TI 1k); LCSC ISO1042DWR C1848126 2.74 qty 1,"NSI1042-DSWR (candidate, not verified)",NOVOSENSE (Suzhou),CN,NONE,"NSI1042: CAN FD 5 Mbps, 5 kVrms, surge 10 kV, CMTI 150 kV/us, VCC1 2.5-5.5 V, VCC2 4.5-5.5 V, -40..125 C (maker summary via web search) - bus-fault protection level and the SOW-16 pin map NOT checked: datasheet not obtainable (novosns.com serves files only through its web app; part not in the LCSC mirror). Chipanalog CA-IS3050W/3052W (SOIC-16 WB, LCSC C970940/C970941) are classic CAN 1 Mbps - not enough for the CAN FD service port and BMU-GW",,,,,"needed: functional (PELV-FIELD 60 V). Incumbent: reinforced, VIOWM 2121 VDC, VIORM 1500 Vpk, VIOSM 10000 V, VISO 5000 Vrms, CLR/CPG 8.2 mm (insulation report)",,,KEEP,Low value (2.29 USD) and functional isolation only. Download NSI1042 datasheet by hand (novosns.com) and check pin map / bus-fault rating; if pin-compatible it becomes a DROP-IN second source.
ISO1410DWR,Texas Instruments,"Isolated RS-485 half duplex 500 kbps, fail-safe receiver: SYS-IO-AUX SCIA/SCIB, BMU-GW (PELV-FIELD functional)",SYS-IO-AUX; BMU-GW,3,3,2.171 (TI 1k),none verified,,,NONE,"Asian isolated RS-485 parts exist (NOVOSENSE NSI8308x, Chipanalog CA-IS308x, 2Pai pi485x) but no pin-compatible ISO1410 (DW-16) twin with a downloadable full datasheet was confirmed in this pass; 2Pai datasheets sit behind a registration form (to download by hand)",,,,,"needed: functional. Incumbent: reinforced, VIOWM 2121 VDC, VIORM 1500 Vpk, VIOSM 10000 V, VISO 5000 Vrms, CLR/CPG 8.0 mm",,,KEEP,Low value; revisit with the NOVOSENSE / Chipanalog selection guides downloaded by hand.
SN6505BDBVR,Texas Instruments,Push-pull transformer driver 1 A for the isolated field-side 5 V (with WE 760390014 / 750315371 and TPS7A2650),SYS-IO-AUX; BMU-GW,5,5,0.926 (TI 1k),none verified,,,NONE,"A FUNCTIONAL simplification exists in principle - isolated CAN/RS-485 transceivers with integrated isolated power (NOVOSENSE NSiP1042 / NSiP83086, Chipanalog CA-IS3050CU / CA-IS2xxx) would remove SN6505B + transformer + LDO per port - but none of them was verified here (datasheets not obtained, CAN FD and bus-fault ratings unchecked)",,,,,not a barrier itself (transformer is),,,KEEP,Per field port today: SN6505B 0.93 + 760390014 2.02 + TPS7A2650 0.84 = 3.8 USD; an integrated-power transceiver would have to beat ~6 USD (incl. ISO1042/ISO1410) to pay.
ISO1212DBQR,Texas Instruments,"Dual isolated 24 V digital input IEC 61131-2 type 1/3: E-stop A/B, door, smoke, contactor feedback (SAFETY CHAIN)",SYS-IO-AUX,4,4,0.849 (LCSC/TI),none adopted (Chipanalog CA-IS3980P / CA-IS3988P are 8-channel),Chipanalog,CN,NONE,"CA-IS3980P/3988P (SSOP-20, 8 channels, 2500 Vrms, LCSC C5125943 / C5210911 1.47 USD qty 1) put eight inputs in one package - the design deliberately splits E-stop A and E-stop B into different packages and never mixes field grounds in one package (sys_io_aux.py DI_PAIRS); no dual-channel Asian twin with the current-limited type 1/3 input was found",,,,,"needed: functional. Incumbent: basic, VIOWM 566 V, VIORM 566 Vpk, VIOSM 4000 V, VISO 2500 Vrms, CLR/CPG 3.7 mm",,,KEEP,Safety chain (E-stop channels A/B): keep the documented TI part; saving would be < 1 USD per module.
ISO1211DR,Texas Instruments,Isolated 24 V digital input: spare trip loop J801 (safety channel A arming) (SAFETY CHAIN),SYS-IO-AUX,1,1,0.809,none,,,NONE,no single-channel Asian current-limited IEC 61131-2 input isolator found; see ISO1212 row,,,,,"needed: functional. Incumbent: basic, VIOWM 566 V, VIOSM 4000 V, VISO 2500 Vrms (ISO121x sheet)",,,KEEP,Safety chain; < 1 USD.
TPS272C45DRHFR,Texas Instruments,"Dual 45 mOhm 24 V industrial smart high-side switch, adj. ILIM: main-contactor coil and DO outputs (SAFETY CHAIN)",SYS-IO-AUX,4,4,2.640 (TI 1k),none adopted,,,NONE,"Safety chain (feeds contactor coils, per-channel fault). No Asian 24 V-industrial dual high-side switch with adjustable current limit, 48 V abs-max class and a full datasheet was found (NOVOSENSE / SGMICRO high-side switches are 12 V automotive). Saving would be < 5 USD per module.",,,,,,,,KEEP,
TPS16630PWPR,Texas Instruments,"eFuse 60 V 6 A, adj. ILIM, UVLO, OVP, IMON, FLT: SYS-IO-AUX 24 V branch protection (power-path protection)",SYS-IO-AUX,8,8,1.363 (LCSC 1k),none adopted,,,NONE,No Asian 60 V / 6 A eFuse with IMON and adjustable OVP was found with a full datasheet; protection part -> strict. LCSC already gives the TI part at 1.36 USD.,,,,,,,,KEEP,
TPS26600PWPR,Texas Instruments,"eFuse 4.2-60 V, 0.1-2.23 A: CTRL-C2000 input / cell-port branch protection",CTRL-C2000,5,5,1.058 (LCSC 1k),none adopted,,,NONE,As TPS16630: no documented Asian 60 V eFuse twin; protection part.,,,,,,,,KEEP,
LM74700QDBVRQ1,Texas Instruments,Ideal-diode controller 3.2-65 V (24 V ORing with CSD18532),SYS-IO-AUX,2,2,0.372 (LCSC 1k),none adopted,,,NONE,2Pai lists ideal-diode controllers but its datasheets are behind a registration form (to download by hand); 0.37 USD - no case.,,,,,,,,KEEP,
LM74800QDRRRQ1,Texas Instruments,Ideal-diode + load-disconnect controller 3-65 V with UVLO/OV (24 V input),SYS-IO-AUX,1,1,1.300 (est.),none adopted,,,NONE,No documented Asian back-to-back ideal-diode controller with OV/UV cut-off found; input protection.,,,,,,,,KEEP,
TPS3700DDCR,Texas Instruments,Supervisor / window comparator 400 mV (24 V / rail windows) (SAFETY CHAIN),SYS-IO-AUX; CTRL-C2000; PVCELL-25; DAB60,5,5,0.920 (TI 1k),none adopted,,,NONE,"Safety chain (rail windows, reset, hardware watchdog of ECO-04): kept on purpose; Asian supervisors (SGMICRO SGM8xx, 3PEAK TPV7xx) were not qualified here against threshold accuracy over temperature and the watchdog window timing. Saving < 1 USD per part.",,,,,,,,KEEP,
TPS3703A4330DSER,Texas Instruments,"Supervisor / 3.3 V window supervisor 10 ms, MR (CTRL-C2000 reset) (SAFETY CHAIN)",SYS-IO-AUX; CTRL-C2000; PVCELL-25; DAB60,2,2,0.773 (TI 1k),none adopted,,,NONE,"Safety chain (rail windows, reset, hardware watchdog of ECO-04): kept on purpose; Asian supervisors (SGMICRO SGM8xx, 3PEAK TPV7xx) were not qualified here against threshold accuracy over temperature and the watchdog window timing. Saving < 1 USD per part.",,,,,,,,KEEP,
TPS3703F6050DSER,Texas Instruments,Supervisor / UV supervisor 0.47 V (CTRL-C2000) (SAFETY CHAIN),SYS-IO-AUX; CTRL-C2000; PVCELL-25; DAB60,1,1,0.773 (TI 1k),none adopted,,,NONE,"Safety chain (rail windows, reset, hardware watchdog of ECO-04): kept on purpose; Asian supervisors (SGMICRO SGM8xx, 3PEAK TPV7xx) were not qualified here against threshold accuracy over temperature and the watchdog window timing. Saving < 1 USD per part.",,,,,,,,KEEP,
TPS3710DDCR,Texas Instruments,Supervisor / voltage detector 400 mV (cell / port rails) (SAFETY CHAIN),SYS-IO-AUX; CTRL-C2000; PVCELL-25; DAB60,8,4,0.716 (TI 1k),none adopted,,,NONE,"Safety chain (rail windows, reset, hardware watchdog of ECO-04): kept on purpose; Asian supervisors (SGMICRO SGM8xx, 3PEAK TPV7xx) were not qualified here against threshold accuracy over temperature and the watchdog window timing. Saving < 1 USD per part.",,,,,,,,KEEP,
TPS3850G33DRCR,Texas Instruments,Supervisor / 3.3 V window supervisor + window watchdog (ECO-04 independent watchdog) (SAFETY CHAIN),SYS-IO-AUX; CTRL-C2000; PVCELL-25; DAB60,1,1,1.047 (TI 1k),none adopted,,,NONE,"Safety chain (rail windows, reset, hardware watchdog of ECO-04): kept on purpose; Asian supervisors (SGMICRO SGM8xx, 3PEAK TPV7xx) were not qualified here against threshold accuracy over temperature and the watchdog window timing. Saving < 1 USD per part.",,,,,,,,KEEP,
ADS7953SDBTR,Texas Instruments,"16-ch 12-bit 1 MSPS SAR ADC, SPI (SYS-IO-AUX NTC/RTD and housekeeping inputs)",SYS-IO-AUX,1,1,4.044 (TI 1k),none adopted,,,NONE,No pin-compatible Asian 16-channel 12-bit SAR ADC with a full datasheet found (3PEAK / SGMICRO multi-channel SARs have different channel counts and packages; FUNCTIONAL redesign + firmware for 4 USD). Revisit only if SYS-IO-AUX is re-laid.,,,,,,,,KEEP,
DP83822IRHBR,Texas Instruments,10/100 Ethernet PHY MII/RMII (CTRL-C2000),CTRL-C2000,1,1,1.440 (TI 1k),none adopted,,,NONE,"Motorcomm (YT8512 family, 10/100 RMII) is the obvious Asian PHY but needs a footprint, strap and firmware-driver change (firmware is out of scope) and its full datasheet is distributed under NDA - not verified. 1.44 USD.",,,,,,,,KEEP,
LMR36015ARNXR,Texas Instruments,Sync buck 4.2-60 V 1.5 A (cell / port / DAB logic rails),PVCELL-25; PV-PORT; DAB60; SYS-IO-AUX,5,4,1.537 (LCSC 1k),none adopted,,,NONE,"Asian 60 V bucks exist (Silergy, SCT, Joulwatt) but none pin-compatible with the VQFN-HR-12 was verified; a change means a new power stage + EMI re-check per board for ~1 USD.",,,,,,,,KEEP,
LMR38020FDDAR,Texas Instruments,Sync buck 80 V 2 A FPWM (CTRL-C2000 input),CTRL-C2000,1,1,1.672 (TI 1k),none adopted,,,NONE,As LMR36015.,,,,,,,,KEEP,
TPS62130RGTR,Texas Instruments,Sync buck 3-17 V 3 A adj (CTRL-C2000),CTRL-C2000,1,1,0.729 (LCSC 1k),none adopted,,,NONE,Pin-compatible Asian TPS6213x twins not verified; < 1 USD.,,,,,,,,KEEP,
TPS62133RGTR,Texas Instruments,Sync buck 3-17 V 3 A fixed 3.3 V (CTRL-C2000),CTRL-C2000,1,1,0.778 (TI 1k),none adopted,,,NONE,As TPS62130.,,,,,,,,KEEP,
TPS7A2650DRVR,Texas Instruments,LDO 5.0 V 500 mA 18 V in (isolated field-port supply),SYS-IO-AUX,4,4,0.444 (TI 1k),none adopted,,,NONE,Tied to the SN6505B field supply (see SN6505B row); not changed alone.,,,,,,,,KEEP,
TPS7A2033PDBVR,Texas Instruments,LDO 3.3 V 300 mA low noise,CTRL-C2000; SYS-IO-AUX; DAB60,2,4,0.140 (LCSC),none adopted,,,NONE,0.14 USD - no case.,,,,,,,,KEEP,
MCP23S17T-E/SS,Microchip,16-bit SPI I/O expander,SYS-IO-AUX,2,2,0.846 (LCSC 1k),none adopted,,,NONE,No pin-compatible Asian SPI 16-bit expander verified; 0.85 USD.,,,,,,,,KEEP,
FM24CL64B-GTR,Infineon,64 kbit I2C F-RAM (SYS-IO-AUX service / event storage),SYS-IO-AUX,1,1,"0.862 (LCSC 1k, C9829)",MB85RC64TAPNF-G-BDERE1,Fujitsu Semiconductor Memory Solution (now RAMXEED),JP,DROP-IN,"pinout identical (1-3 A0-A2, 4 VSS, 5 SDA, 6 SCL, 7 WP, 8 VDD; SOP-8 = SOIC-8 footprint) [DS p2]; VDD 1.8-3.6 V (2.7-3.65); 3.4 MHz HS mode (1 MHz); endurance 1e13 (1e14); retention 10 y at +85 C, 95 y at +55 C (Fujitsu); -40..+85 C (same); no-polling write like F-RAM",0.740 (@100); 0.643 (@1k),C189804,20175,-40..85 C; maker qualified (Fujitsu FRAM line),,docs/datasheets/controllers/Fujitsu-MB85RC64TA.pdf,"DS501-00044-2v0-E p1 (features), p2 (pins)",ADOPT,No circuit change. Check that the event-log retention target is met by 10 y at 85 C board temperature (compare the FM24CL64B figure).
24LC256T-I/SN,Microchip,"256 kbit I2C EEPROM 400 kHz, hardware WP (CTRL-C2000 configuration storage)",CTRL-C2000,1,1,0.249 (LCSC 1k),BL24C256A-PARC,Shanghai Belling,CN,DROP-IN,"pinout identical (A0-A2, VSS, SDA, SCL, WP, VCC) [DS p1-2]; 1 MHz (400 kHz); 1.7-5.5 V (2.5-5.5); 1 M cycles, 100 y retention (1 M, 200 y); -40..85 C (same); page 64 B (24LC256 64 B)",0.140 (@100); 0.114 (@1k),C90485,28641,-40..85 C; no AEC (Puya P24C256B C5263811 is -40..125 C alternative),,docs/datasheets/controllers/Belling-BL24C256A.pdf,"p1-2 (features, pins)",ADOPT,No circuit change; firmware page size and write time (3-5 ms) compatible - confirm the driver's write-poll timeout.
SN74LVC1G17DBVR,Texas Instruments,"LVC logic: single Schmitt buffer, Ioff (latch/trip logic, input conditioning)",AUX-HV AUX-HV_DAB CTRL-C2000 DAB60 PV-PORT PVCELL-25 SYS-IO-AUX,29,22,0.038 (TI 1k),"74LVC1G17GV,125",Nexperia,"NL (Wingtech, CN-owned)",DROP-IN,"SC-74A (SOT753) = SOT-23-5 land; pins 1 n.c., 2 A, 3 GND, 4 Y, 5 VCC identical; same LVC process family (Nexperia is the original LVC source): 1.65-5.5 V, +/-24 mA, Ioff partial power-down, -40..125 C; tpd within the same max limits class - check the specific tpd/tsu used in the board timing checks",0.0843 (LCSC @1k),C6076,,-40..125 C; -Q100 variants exist,,docs/datasheets/isolation-interface/Nexperia-74LVC1G17.pdf,"p1-4 (features, ordering, pinning)",OPTION,"Second source only (Asian-owned, top-tier logic maker); TI at 1k is cheaper - no saving. For the fault latch keep one approved source per build; do not mix within a board."
SN74LVC1G32DBVR,Texas Instruments,LVC logic: single 2-input OR,DAB60 PV-PORT,6,6,0.030 (TI 1k),"74LVC1G32GV,125",Nexperia,"NL (Wingtech, CN-owned)",DROP-IN,"SOT753 = SOT-23-5 land, JEDEC pinout; same LVC process family (Nexperia is the original LVC source): 1.65-5.5 V, +/-24 mA, Ioff partial power-down, -40..125 C; tpd within the same max limits class - check the specific tpd/tsu used in the board timing checks",0.0749 (LCSC @1k),C12517,,-40..125 C; -Q100 variants exist,,docs/datasheets/isolation-interface/Nexperia-74LVC1G32.pdf,"p1-4 (features, ordering, pinning)",OPTION,"Second source only (Asian-owned, top-tier logic maker); TI at 1k is cheaper - no saving. For the fault latch keep one approved source per build; do not mix within a board."
SN74LVC1G74DCUR,Texas Instruments,"LVC logic: D flip-flop with preset/clear (FAULT LATCH, safety chain)",DAB60 PVCELL-25 SYS-IO-AUX,5,4,0.187 (TI 1k),"74LVC1G74DC,125",Nexperia,"NL (Wingtech, CN-owned)",DROP-IN,"VSSOP-8 (SOT765) = DCU land, JEDEC pinout; same LVC process family (Nexperia is the original LVC source): 1.65-5.5 V, +/-24 mA, Ioff partial power-down, -40..125 C; tpd within the same max limits class - check the specific tpd/tsu used in the board timing checks",0.2094 (LCSC @1k),C503431,,-40..125 C; -Q100 variants exist,,docs/datasheets/isolation-interface/Nexperia-74LVC1G74.pdf,"p1-4 (features, ordering, pinning)",OPTION,"Second source only (Asian-owned, top-tier logic maker); TI at 1k is cheaper - no saving. For the fault latch keep one approved source per build; do not mix within a board."
SN74LVC08APWR,Texas Instruments,LVC logic: quad 2-input AND (trip combining),DAB60 SYS-IO-AUX,2,10,0.117 (TI 1k),"74LVC08APW,118",Nexperia,"NL (Wingtech, CN-owned)",DROP-IN,"TSSOP-14 identical; same LVC process family (Nexperia is the original LVC source): 1.65-5.5 V, +/-24 mA, Ioff partial power-down, -40..125 C; tpd within the same max limits class - check the specific tpd/tsu used in the board timing checks",0.0874 (LCSC @1k),C6053,,-40..125 C; -Q100 variants exist,,docs/datasheets/isolation-interface/Nexperia-74LVC08A.pdf,"p1-4 (features, ordering, pinning)",OPTION,"Second source only (Asian-owned, top-tier logic maker); TI at 1k is cheaper - no saving. For the fault latch keep one approved source per build; do not mix within a board."
SN74LVC244ADWR,Texas Instruments,"LVC logic: octal buffer 3-state, Ioff",CTRL-C2000,3,3,0.259 (TI 1k),"74LVC244AD,118",Nexperia,"NL (Wingtech, CN-owned)",DROP-IN,"SOIC-20 wide identical; same LVC process family (Nexperia is the original LVC source): 1.65-5.5 V, +/-24 mA, Ioff partial power-down, -40..125 C; tpd within the same max limits class - check the specific tpd/tsu used in the board timing checks",0.2359 (LCSC @1k),C548504,,-40..125 C; -Q100 variants exist,,docs/datasheets/isolation-interface/Nexperia-74LVC244A.pdf,"p1-4 (features, ordering, pinning)",OPTION,"Second source only (Asian-owned, top-tier logic maker); TI at 1k is cheaper - no saving. For the fault latch keep one approved source per build; do not mix within a board."
SN74LVC1G08DBVR,Texas Instruments,LVC logic,DAB60 PVCELL-25 SYS-IO-AUX,11,6,0.028 (TI 1k),none adopted,,,NONE,Nexperia 74LVC1G08GV not stocked on the LCSC mirror (GW/SOT353 only - different land); TI at 0.03 USD.,,,,,,,,KEEP,
SN74LVC1G11DBVR,Texas Instruments,LVC logic,DAB60 PV-PORT SYS-IO-AUX,7,7,0.104 (TI 1k),none adopted,,,NONE,Nexperia 74LVC1G11GV not on the mirror; 0.10 USD.,,,,,,,,KEEP,
SN74LVC08ADR,Texas Instruments,LVC logic,PVCELL-25,3,0,0.135 (TI 1k),none adopted,,,NONE,Nexperia 74LVC08AD (SO14) not on the mirror; 74LVC08APW is TSSOP (different land).,,,,,,,,KEEP,
SN74LVC11ADR,Texas Instruments,LVC logic,CTRL-C2000 PVCELL-25,7,4,0.097 (TI 1k),none adopted,,,NONE,"Nexperia 74LVC11 only as TSSOP-14 -Q100 (C548081, 0.23 USD) - different land, dearer.",,,,,,,,KEEP,
OPA4388IPWR,Texas Instruments,Quad zero-drift zero-crossover RRIO op amp 10 MHz (CTRL-C2000 AFE x6; DAB60 HV-side AN1 driver),CTRL-C2000; DAB60,6,8,2.122 (TI 1k),none adopted,,,NONE,"No Asian quad zero-drift op amp with 10 MHz GBW and zero-crossover RRIO input found: LCSC-stocked Asian zero-drift parts are 350 kHz-1.8 MHz (3PEAK TP5532, HGSEMI HGV855x) or rail-to-rail OUTPUT only (Will Semi WS726052, 11.5 MHz). The AFE gain/phase and the DAB timing checks assume the OPA388 figures.",,,,,,,,KEEP,
OPA2388IDR,Texas Instruments,Dual zero-drift RRIO op amp 10 MHz (DAB60 DC-flux and OV paths; overload recovery in the OV timing),CTRL-C2000; DAB60,1,6,1.475 (TI 1k),none adopted,,,NONE,As OPA4388; its 10 us overload recovery is part of the DAB OV response budget.,,,,,,,,KEEP,
OPA4322AIPWR,Texas Instruments,Quad 20 MHz CMOS RRIO op amp (PVCELL-25 AN1 driver after the LA 150-P),PVCELL-25,3,0,0.864,none adopted,,,NONE,"Asian 20-40 MHz RRIO CMOS quads exist (HGSEMI HGV6024, 41 MHz, 3.5 mV) but with 2-3x the offset; the driver is redesigned anyway if the LA 150-P becomes the 5 V Sinomags sensor - choose then.",,,,,,,,KEEP,
OPA2322AIDGKR,Texas Instruments,Dual 20 MHz CMOS RRIO op amp (PVCELL-25 AN1 driver),PVCELL-25,3,0,0.599,none adopted,,,NONE,As OPA4322.,,,,,,,,KEEP,
TLV3502AID,Texas Instruments,Dual 4.5 ns RRIN push-pull comparator (PVCELL-25 local OC window),PVCELL-25,6,0,2.705 (TI 1k); LCSC TLV3502AIDR 1.10 @1k,none adopted,,,NONE,No Asian comparator <= 5 ns with rail-to-rail input and push-pull output found on LCSC (3PEAK/Gainsil parts there are 70 ns+). Buy the TI part through LCSC: TLV3502AIDR C131165 1.10 USD @1k (4497 in stock) instead of 2.71 USD TI list.,,,,,,,,KEEP,
TLV3502AIDCNR,Texas Instruments,"Dual 4.5 ns comparator SOT-23-8 (PV-PORT hold logic OC detect, DAB60 OC/DC windows)",PV-PORT; DAB60,4,8,2.049 (TI 1k); LCSC C48618 1.45 @1k,none adopted,,,NONE,As TLV3502AID; LCSC C48618 is 1.45 USD @1k.,,,,,,,,KEEP,
AM26LV31EIDR,Texas Instruments,"Quad RS-422 line driver 3.3 V 32 MHz (gate-command links CTRL -> cells, matched skew)",CTRL-C2000; PVCELL-25; DAB60,11,10,0.861 (TI 1k),none adopted,,,NONE,No Asian AM26LV31E twin with a full datasheet in the LCSC catalogue mirror; the PWM link skew budget is built on its tsk figures. Second source available from TI's own AM26LV31E variants only.,,,,,,,,KEEP,
AM26LV32EIDR,Texas Instruments,"Quad RS-422 receiver 3.3 V, fail-safe (gate-command links)",CTRL-C2000; PVCELL-25; DAB60,7,5,0.434 (LCSC 1k),none adopted,,,NONE,As AM26LV31E.,,,,,,,,KEEP,
THVD1450DR,Texas Instruments,RS-485 transceiver 50 Mbps with driver enable (CTRL-C2000 EN line + readback),CTRL-C2000,4,4,0.837 (TI 1k),none adopted,,,NONE,50 Mbps half-duplex 3.3 V Asian twins (e.g. 3PEAK TPT75xx) not verified in this pass; 0.84 USD.,,,,,,,,KEEP,
REF5025EID,Texas Instruments,Precision 2.5 V reference 0.025 % 2.5 ppm/C (SYS-IO-AUX ADC),SYS-IO-AUX,1,1,"3.880 (est.); LCSC REF5025AIDGKR 1.09 @1k (A grade, VSSOP)",none adopted,,,NONE,No Asian 2.5 V series reference with <= 3 ppm/C and 0.05 % in the LCSC mirror (only TI/ADI). Note: the A grade (8 ppm/C) is 1/3 the price if the error budget allows.,,,,,,,,KEEP,
REF5025EIDR,Texas Instruments,Precision 2.5 V reference (CTRL-C2000 ADC),CTRL-C2000,1,1,3.140 (est.),none adopted,,,NONE,As REF5025EID.,,,,,,,,KEEP,
REF3030EAIDBZR,Texas Instruments,"3.0 V reference 0.1 % 15 ppm/C (hold-logic thresholds, OC ladders; SAFETY-RELATED thresholds)",PV-PORT; DAB60,4,8,0.600 (est.),none adopted,,,NONE,No documented Asian 0.1 % / 15 ppm/C SOT-23 series reference in the mirror; thresholds of the hold/OC logic - keep.,,,,,,,,KEEP,
REF3025AIDBZR,Texas Instruments,2.5 V reference 0.2 %,SYS-IO-AUX,1,1,0.174 (LCSC),none adopted,,,NONE,0.17 USD - no case.,,,,,,,,KEEP,
REF3020EAIDBZR,Texas Instruments,2.048 V reference 0.1 % (DAB OV comparator),DAB60,0,1,0.450 (est.),none adopted,,,NONE,As REF3030E; OV threshold.,,,,,,,,KEEP,
LM4040AIM3-2.5/NOPB,Texas Instruments,2.5 V shunt reference 0.1 % (PVCELL OC window),PVCELL-25,3,0,0.790 (est.),none adopted,,,NONE,Asian LM4040 clones on LCSC are 0.5-1 % grades; the 0.1 % A grade sets the OC window tolerance.,,,,,,,,KEEP,
LM2903BIDR,Texas Instruments,Dual comparator open collector,SYS-IO-AUX,1,1,0.070 (LCSC),none adopted,,,NONE,0.07 USD - no case.,,,,,,,,KEEP,
TMP1075DR,Texas Instruments,I2C temperature sensor +/-1 C (SYS-IO-AUX board temperature),SYS-IO-AUX,1,1,0.277 (LCSC 1k),none adopted,,,NONE,NOVOSENSE NST175H-QSPR (C917444) is an LM75/TMP175-pinout +/-0.5 C part but costs 0.35 USD @1k - more than the TI part.,,,,,,,,KEEP,
TMUX1208PWR,Texas Instruments,8:1 analog mux 5 V (CTRL-C2000),CTRL-C2000,1,1,0.227 (TI 1k),none adopted,,,NONE,0.23 USD - no case.,,,,,,,,KEEP,
760390014,Wurth Elektronik,"Push-pull transformer 1:1.3 CT:CT for SN6505B field-port supply (2500 VAC, functional)",SYS-IO-AUX,4,4,2.020,none adopted,,,NONE,Tied to the SN6505B field-supply decision (see SN6505B row): an Asian catalogue transformer only makes sense together with a driver change; none verified in this pass (Sunlord / Mingda / CODACA push-pull transformers not checked).,,,,,"needed: functional. Incumbent: VIOWM 566 V (insulation report), 2500 VAC test",,,KEEP,
750315371,Wurth Elektronik,"Push-pull transformer 1:1.1 CT:CT for SN6505B (BMU-GW field supply, AEC-Q200)",BMU-GW,1,1,2.660,none adopted,,,NONE,As 760390014.,,,,,"needed: functional. Incumbent: VIOWM 400 V (insulation report), 2500 VAC test, AEC-Q200",,,KEEP,
1803293,Phoenix Contact,"MC 1.5 3.81 mm 4-pos right-angle PCB header: 4 fan channels (24 V, eFuse limit 3.6 A), DO pairs, isolated-port field terminals, FB inputs, trip loop, NTC11-12",DAB60 SYS-IO-AUX,15,16,0.7208,KF2EDGR-3.81-4P,Cixi Kefa Electronic (KEFA),CN,DROP-IN,"pitch 3.81 / 1 row / right angle / 0.8 mm square pins equal; UL 300 V 8 A = 300 V 8 A; IEC 160 V (III/2) = 160 V (III/2), impulse 2.5 kV = 2.5 kV; IEC current 7 A vs 8 A (our worst case is 3.6 A, the fan-channel eFuse limit); tin plating both; PA66 UL94 V0 vs PBT UL94 V0; operating range -40..+105 C stated vs none stated in the Phoenix extract; solder pin 3.7 vs 3.4 mm, hole 1.4 vs 1.2 mm, body P*3.81+0.80 vs P*3.81+1.39 mm and edge offset differ by about 0.25-0.6 mm (re-check the footprint at layout); pin map: 1..4 in a row, same as the symbol (J_MC4 pins 1-4); mating plug KF2EDGK-3.81-4P (C440860) is UL 300 V 8 A, AWG 28-16, M2 screw 0.2 N.m",0.0838,C441184,30514,"UL/CUL (use group B 300 V 8 A, group D 300 V 10 A) and VDE marks printed on the maker drawing, certificate/file numbers not shown; IEC III/2 160 V 7 A, impulse 2.5 kV; -40..+105 C; PA66 UL94 V0; connector (AEC not applicable)",,docs/datasheets/connectors/KEFA-KF2EDGR-3.81.pdf (header); docs/datasheets/connectors/KEFA-KF2EDGK-3.81.pdf (mating plug),header p1 (drawing and data table); plug p1,ADOPT,"Order the KEFA plug KF2EDGK-3.81-4P (C440860, 0.2093 at 100) with the header; the harness plug is not a BOM line, so the harness drawing must name it. Incumbent is itself on LCSC (C480536, stock 1940, 0.7208 at 100) so supply is not the issue; saving 0.64 USD x 15 = 9.6 USD per PV-P75, 10.2 per DAB-D60. phoenixcontact.com refuses scripted downloads (HTTP 403); the Phoenix sheet now on file is the LCSC-hosted copy of the 2010 catalog extract, which has no operating temperature and no contact numbering, so the temperature-audit gap stays for the incumbent; the alternate has a stated range. Second sources: Kangnex WJ15EDGRC-3.81-04P-14-00A (C7245, 79662 in stock, 0.0583; UL 300 V 8 A, IEC 160 V 7 A, -40..+105 C), Degson 15EDGRC-3.81-04P-14-00A(H) (UL 300 V 8 A, IEC 250 V 7 A, -40..105 C 'depending on derating curve'). To request from KEFA: UL file number and VDE certificate. No pin numbers are printed on any of the sheets; pin 1 is a footprint convention."
1803316,Phoenix Contact,"MC 1.5 3.81 mm 6-pos right-angle header on BMU-GW: BMS field wiring (CAN, RS-485, shield)",BMU-GW,1,1,0.9225,KF2EDGR-3.81-6P,Cixi Kefa Electronic (KEFA),CN,DROP-IN,"pitch 3.81 / 1 row / right angle / 0.8 mm square pins equal; UL 300 V 8 A = 300 V 8 A; IEC 160 V (III/2) = 160 V (III/2), impulse 2.5 kV = 2.5 kV; IEC current 7 A vs 8 A (our worst case is 3.6 A, the fan-channel eFuse limit); tin plating both; PA66 UL94 V0 vs PBT UL94 V0; operating range -40..+105 C stated vs none stated in the Phoenix extract; solder pin 3.7 vs 3.4 mm, hole 1.4 vs 1.2 mm, body P*3.81+0.80 vs P*3.81+1.39 mm and edge offset differ by about 0.25-0.6 mm (re-check the footprint at layout); 6 poles in a row, pins 1..6 as the symbol; signals only (CAN, RS-485, 5 V), currents far below 1 A; mating plug KF2EDGK-3.81-6P (C440862)",0.1066,C441186,10013,"UL/CUL (use group B 300 V 8 A, group D 300 V 10 A) and VDE marks printed on the maker drawing, certificate/file numbers not shown; IEC III/2 160 V 7 A, impulse 2.5 kV; -40..+105 C; PA66 UL94 V0; connector (AEC not applicable)",,docs/datasheets/connectors/KEFA-KF2EDGR-3.81.pdf (header); docs/datasheets/connectors/KEFA-KF2EDGK-3.81.pdf (mating plug),header p1 (same drawing covers 2-24 poles); plug p1,ADOPT,"Incumbent is on LCSC (C480580, 1956 in stock, 0.9225 at 100) - the costed BOM carries 1.40 USD as an estimate, the real LCSC price is lower. Saving 0.82 USD per module. Field-bus connector: the BMS side is outside PELV; check the BMU-GW creepage at layout (drawing gives no creepage; IEC 160 V III/2 equals the incumbent's rating)."
1803358,Phoenix Contact,MC 1.5 3.81 mm 10-pos right-angle header: NTC1-NTC10 inputs and DI field terminals on SYS-IO-AUX,SYS-IO-AUX,3,3,2.30,KF2EDGR-3.81-10P,Cixi Kefa Electronic (KEFA),CN,DROP-IN,"pitch 3.81 / 1 row / right angle / 0.8 mm square pins equal; UL 300 V 8 A = 300 V 8 A; IEC 160 V (III/2) = 160 V (III/2), impulse 2.5 kV = 2.5 kV; IEC current 7 A vs 8 A (our worst case is 3.6 A, the fan-channel eFuse limit); tin plating both; PA66 UL94 V0 vs PBT UL94 V0; operating range -40..+105 C stated vs none stated in the Phoenix extract; solder pin 3.7 vs 3.4 mm, hole 1.4 vs 1.2 mm, body P*3.81+0.80 vs P*3.81+1.39 mm and edge offset differ by about 0.25-0.6 mm (re-check the footprint at layout); 10 poles in a row, pins 1..10 as the symbol (NTC: odd = NTC, even = 0 V; DI: pin n = DIn); signal currents (NTC bias about 0.25 mA, DI 2-3 mA); mating plug KF2EDGK-3.81-10P (C440855)",0.1821,C441179,9690,"UL/CUL (use group B 300 V 8 A, group D 300 V 10 A) and VDE marks printed on the maker drawing, certificate/file numbers not shown; IEC III/2 160 V 7 A, impulse 2.5 kV; -40..+105 C; PA66 UL94 V0; connector (AEC not applicable)",,docs/datasheets/connectors/KEFA-KF2EDGR-3.81.pdf (header); docs/datasheets/connectors/KEFA-KF2EDGK-3.81.pdf (mating plug),header p1; plug p1,ADOPT,"Incumbent price 2.30 is the costed-BOM ESTIMATE (scaled by pole count); the LCSC prices of the 4-pos/6-pos Phoenix parts imply about 1.33 USD at 100 for 10 poles (extrapolated, not a quote), so the saving is 1.15-2.1 USD x 3 per module. Phoenix 1803358 itself is not on the LCSC mirror. The datasheet on file is the 4-pos/6-pos catalog extract of the same series (series-level data)."
691322310014,Wurth Elektronik,"WR-TBL 322 3.81 mm 14-pos right-angle header: control connector DAB60/PV-PORT to SYS-IO-AUX (8 DO lines, FB lines each with GND return, coil returns)",DAB60 PV-PORT,1,1,2.40,KF2EDGR-3.81-14P,Cixi Kefa Electronic (KEFA),CN,DROP-IN,"pitch 3.81, right angle, 0.8 mm pins, depth 9.2 mm and hole 1.4 mm equal; Wurth 10 A / 300 V (cULus) and 10.5 A (VDE) vs KEFA UL 300 V 8 A (B) / 10 A (D), IEC 160 V 7 A; both -40..+105 C, PA66 UL94 V0, tin; coil/DO currents <= 2.3 A per pin; 14 poles within the maker's 2-24 pole range",,,,"UL/CUL (use group B 300 V 8 A, group D 300 V 10 A) and VDE marks printed on the maker drawing, certificate/file numbers not shown; IEC III/2 160 V 7 A, impulse 2.5 kV; -40..+105 C; PA66 UL94 V0; connector (AEC not applicable)",,docs/datasheets/connectors/KEFA-KF2EDGR-3.81.pdf (header); docs/datasheets/connectors/KEFA-KF2EDGK-3.81.pdf (mating plug); incumbent docs/datasheets/connectors/WE-691322310014.pdf,"KEFA p1; Wurth p1 (dimensions, rating table)",OPTION,"The 14-pos KF2EDGR-3.81-14P is not on the LCSC mirror (12-pos C441180 0.2504 and 18-pos exist for WJ15EDGRC, not 14), so it is a catalog / special-order item: confirm the pole count and MOQ with KEFA or use Degson 15EDGRC-3.81-14P-14-00A(H). At the 12-pos price per pole (0.0209) the 14-pos would be about 0.29 USD (extrapolated, not a quote). Incumbent price is the costed-BOM ESTIMATE."
691322110002,Wurth Elektronik,WR-TBL 3221 3.5 mm 2-pos right-angle header: shunt NTC to SYS-IO-AUX NTC input (harness),DAB60 PV-PORT,2,2,0.55,KF2EDGR-3.5-2P,Cixi Kefa Electronic (KEFA),CN,DROP-IN,"pitch 3.5, 2 poles, right angle, 0.8 mm pins, hole 1.4 mm equal; Wurth 10 A / 300 V (cULus), 10.5 A VDE vs KEFA UL 300 V 8 A (B) / 10 A (D), IEC 160 V 7 A; both -40..+105 C, PA66 UL94 V0, tin; NTC bias current is microamps; mating plug KF2EDGK-3.5-2P (C440847, 0.1705 at 100)",0.0389,C441171,8873,"UL/CUL (use group B 300 V 8 A, group D 300 V 10 A) and VDE marks printed on the maker drawing, certificate/file numbers not shown; IEC III/2 160 V 7 A (3.5 mm sheet), impulse 2.5 kV; -40..+105 C; PA66 UL94 V0; connector (AEC not applicable)",,docs/datasheets/connectors/KEFA-KF2EDGR-3.5.pdf; incumbent docs/datasheets/connectors/WE-691322110002.pdf,KEFA p1; Wurth p1,ADOPT,"Signal-level connector, no current or voltage stress in our use (sensor on the heatsink, PELV). Incumbent price is the costed-BOM ESTIMATE (0.55 USD). Plug of the same maker needed in the harness. Plug-side wire range of KF2EDGK-3.5 is AWG 28-16 (3.81 sheet read; 3.5 plug sheet not read)."
1720466,Phoenix Contact,PC 5 7.62 mm 2-pos right-angle header: cabinet 24 V feed A/B into SYS-IO-AUX (fuse 30 A / 60 VDC behind it),SYS-IO-AUX,2,2,1.90,ECH762R-02P,Dinkle Enterprise,TW,DROP-IN,"pitch 7.62, 2 poles, right angle, wave solder, 5.0 mm solder pins; IEC 41 A and 630 V (III/2) / 1000 V (II/2) vs Phoenix 41 A / 630 V (listing values from search snippets, the Phoenix PDF is not on file); UL/CUL 300 V 30 A (group B), 10 A (group D); VDE 1000 V 41 A; impulse 6 kV; -40..+120 C; PBT UL94 V0 group IIIa; tin; finger-protected; pin 0.8 x 1.0 mm, hole 1.5-1.6 mm, width 29 mm, height 14.3 mm (Phoenix 29.25 mm long per snippet); our estimate of the 24 V draw behind this connector is <= about 10 A continuous (4 fan channels, DO supply, gate-drive supply; no design figure exists), 30 A only as fuse-blowing current",,,,"UL/CUL recognized (logo) and VDE approval 1000 V 41 A listed on the maker's web-catalog PDF, certificate numbers not shown; IEC 61984 type; -40..+120 C; CE",,docs/datasheets/connectors/Dinkle-ECH762R.pdf,"p1-3 (data, approvals, drawing)",OPTION,"Footprint equivalence to the Phoenix part is NOT proven: the Phoenix PC 5/2-G-7.62 PDF is not available (HTTP 403 on phoenixcontact.com; Mouser/RS copies refused), and the Dinkle PCB-layout drawing shows two hole rows, so check the drawing before layout. Not stocked on LCSC. Dinkle ECH762R price read only for the 3-pos on smbom.com (0.585 USD at 100+, stock not stated); the 2-pos is AUD 1.10 at 1 on altronics.com.au (not converted). Mating plug: Dinkle EC762 series (keying part ECHK2 listed on the sheet). Degson 5EDGRC-7.62 (32 A, 400 V III/2) is a second Asian source but with a lower rating. Incumbent price is the costed-BOM ESTIMATE."
1720479,Phoenix Contact,"PC 5 7.62 mm 3-pos right-angle header: AUX-HV 24 V feed (30 W bootstrap supply, +24V_HVAUX, GND, PG_HVAUX) on SYS-IO-AUX and AUX-HV J_OUT",AUX-HV AUX-HV_DAB SYS-IO-AUX,2,2,2.60,ECH762R-03P,Dinkle Enterprise,TW,DROP-IN,"pitch 7.62, 3 poles, same data as the 2-pos: IEC 41 A / 630 V (III/2), 1000 V (II/2); UL/CUL 300 V 30 A; VDE 1000 V 41 A; -40..+120 C; here the load is <= 1.25 A (30 W at 24 V), so the rating margin is large; pin map 1 = +24V_HVAUX, 2 = GND, 3 = PG_HVAUX in a row",0.585,,,"UL/CUL recognized (logo) and VDE approval 1000 V 41 A on the maker PDF, certificate numbers not shown; -40..+120 C",,docs/datasheets/connectors/Dinkle-ECH762R.pdf,p1-3,OPTION,"The same footprint caveat as 1720466. Price 0.585 USD at 100+ is from smbom.com (indicative, no stock stated). Because the load is only 1.25 A, a 15 A-class 7.62 mm pluggable would also suffice electrically here (LCSC lists many 15 A 7.62 mm plugs; matching right-angle headers were not checked); the AUX-HV output and the SYS-IO-AUX input must be changed together (cable plug 3-pos). Not recommended to mix makers across the AUX-HV cable."
SSW-140-01-G-D,Samtec,"Socket strip 2x40 2.54 mm on SYS-IO-AUX (J301): SYS contract to CTRL-C2000 (+24V x2, +24V_GD x2, GND, CAN/SPI/I2C, 100BASE-TX MDI, DI/DO, fan PWM/tach)",SYS-IO-AUX,1,1,8.666,X6521FV-2x40-C85D32,XKB Connection,CN,FUNCTIONAL,"pin numbering shown on the XKB drawings: 1,3,5.. in the front row and 2,4,6.. behind (same odd/even scheme as Conn_02x40_Odd_Even); post 6.0 mm vs 5.84 mm, tail 3.0 vs 3.05 mm, plastic 2.5 mm, pin 0.64 mm square, female 8.5 mm tall / pin 3.2 mm; temperature -40..+105 C vs -55..+125 C; plating 1 u-inch gold vs 20 u-inch (SSW -G); CURRENT 3 A per contact (no statement of rise criterion or number of loaded pins) vs Samtec 4.7 A per pin with 2 pins powered. Our loads per pin: +24V_GD 2 pins: continuous 4 x 1.0 A cell ports = 2.0 A/pin, eFuse limit 4.69-5.39 A = up to 2.7 A/pin; +24V 2 pins: eFuse 1.82-2.14 A = 1.07 A/pin. At 85 C ambient with a 30 K rise criterion (assumed) 3 A derates to about 2.4 A, so +24V_GD would run at 80-110 % of the derated rating at the eFuse limit.",1.2104,C2884013,9,"XKB Industrial Precision Co. Ltd (Dongguan), maker drawing with full spec table; no UL file number or AEC statement on the sheet; -40..+105 C, 250 V AC/DC, 3 A AC/DC, 1000 V AC/min, PA6T UL94 V0, 1 u-inch gold, wave solder 255 C 10 s (connector, AEC not applicable)",,"docs/datasheets/connectors/XKB-X6521F.pdf (female); docs/datasheets/connectors/XKB-X6521W.pdf (male, the mate)","X6521F p1 (numbering, spec, 2x01-2x40P); X6521W p1",OPTION,"Needs a schematic/contract change to keep the margin Samtec gave: give +24V_GD a THIRD pin (for example re-assign GND pin 5, next to the +24V_GD pins 3-4; gen/interfaces.py SYS and the CTRL-C2000 / SYS-IO-AUX sheets and their 24V_GD checks change; the GND return still has more than 10 pins) or cap the cell supply; alternatively accept 2.0 A/pin continuous on a 3 A part. Supply is the weak point: only 9 female 2x40 on the JLCPCB-stocked LCSC mirror (male 974); LCSC's own stock was not readable. Saving about 7.5 USD per module for the pair at the work-file prices (8.67 + 5.68 vs 1.21 + 1.50). Second source for the female: BOOMELE 2.54-2*40P (C5304) is only -25..+85 C, rejected for the -30 C cold start. Header and socket are the same maker (XKB sheets name each other: X6521W 'suitable XKB Female X6521F')."
TSW-140-07-G-D,Samtec,"Board-to-board header 2x40 2.54 mm on CTRL-C2000 (J_SYS): SYS contract, mates SSW-140-01-G-D",CTRL-C2000,1,1,5.678,X6521WV-2x40H-C60D30,XKB Connection,CN,FUNCTIONAL,"pin numbering shown on the XKB drawings: 1,3,5.. in the front row and 2,4,6.. behind (same odd/even scheme as Conn_02x40_Odd_Even); post 6.0 mm vs 5.84 mm, tail 3.0 vs 3.05 mm, plastic 2.5 mm, pin 0.64 mm square, female 8.5 mm tall / pin 3.2 mm; temperature -40..+105 C vs -55..+125 C; plating 1 u-inch gold vs 20 u-inch (SSW -G); CURRENT 3 A per contact (no statement of rise criterion or number of loaded pins) vs Samtec 4.7 A per pin with 2 pins powered. Our loads per pin: +24V_GD 2 pins: continuous 4 x 1.0 A cell ports = 2.0 A/pin, eFuse limit 4.69-5.39 A = up to 2.7 A/pin; +24V 2 pins: eFuse 1.82-2.14 A = 1.07 A/pin. Samtec TSW is listed -55..+105 C in gen/data/temp_audit.csv because suffix -G is not defined in the TSW catalog (gold would be +125 C).",1.5016,C725902,974,"XKB Industrial Precision Co. Ltd (Dongguan), maker drawing with full spec table; no UL file number or AEC statement on the sheet; -40..+105 C, 250 V AC/DC, 3 A AC/DC, 1000 V AC/min, PA6T UL94 V0, 1 u-inch gold, wave solder 255 C 10 s (connector, AEC not applicable)",,docs/datasheets/connectors/XKB-X6521W.pdf; mate docs/datasheets/connectors/XKB-X6521F.pdf,X6521W p1; X6521F p1,OPTION,Change header and socket together (pair rule) and see the SSW-140 row for the +24V_GD pin-count change and the female stock risk. XKB sheet in the repo is the 2x05 drawing of the same family (2x01-2x40P in one drawing).
TSW-110-07-G-D,Samtec,SDFM expansion header 2x10 2.54 mm (8 modulators) on CTRL-C2000,CTRL-C2000,1,1,2.162,X6521WV-2x10H-C60D30,XKB Connection,CN,DROP-IN,"pin numbering drawn (1,3,5.. / 2,4,6..); 3 A, 250 V, -40..+105 C, 1 u-inch gold, PA6T UL94 V0 vs Samtec 4.7 A, -55..+125 C; signal-level use only; post 6.0 vs 5.84 mm, tail 3.0 vs 3.05 mm, plastic 2.5 mm, pin 0.64 mm square",0.3498,C706900,664,"XKB Industrial Precision Co. Ltd (Dongguan), maker drawing with full spec table; no UL file number or AEC statement on the sheet; -40..+105 C, 250 V AC/DC, 3 A AC/DC, 1000 V AC/min, PA6T UL94 V0, 1 u-inch gold, wave solder 255 C 10 s (connector, AEC not applicable)",,docs/datasheets/connectors/XKB-X6521W.pdf,p1,ADOPT,"Expansion header for ribbon/test use, no power pins. Saving about 1.8 USD per module. Female partner (not in the BOM) would be X6521FV-2x10-C85D32 (C718226)."
SSW-105-01-G-D,Samtec,"Socket strip 2x5 2.54 mm on SYS-IO-AUX (J302): BMU-GW socket (5V, 3V3, GND, CAN, RS-485)",SYS-IO-AUX,1,1,2.05,X6521FV-2x05-C85D32,XKB Connection,CN,DROP-IN,"pin numbering drawn (1,3,5.. / 2,4,6..); 3 A, 250 V, -40..+105 C, 1 u-inch gold, PA6T UL94 V0 vs Samtec 4.7 A, -55..+125 C; signal-level use only; female 8.5 mm tall, pin 3.2 mm; the 5 V pin carries the BMS-side supply (a fraction of an ampere)",0.2473,C718231,907,"XKB Industrial Precision Co. Ltd (Dongguan), maker drawing with full spec table; no UL file number or AEC statement on the sheet; -40..+105 C, 250 V AC/DC, 3 A AC/DC, 1000 V AC/min, PA6T UL94 V0, 1 u-inch gold, wave solder 255 C 10 s (connector, AEC not applicable)",,docs/datasheets/connectors/XKB-X6521F.pdf; mate docs/datasheets/connectors/XKB-X6521W.pdf,p1,ADOPT,Replace together with TSW-105-07-G-D on BMU-GW (same maker pair). Saving about 1.8 USD per module for the pair at the work-file prices.
TSW-105-07-G-D,Samtec,"Host header 2x5 2.54 mm on BMU-GW, mates the SYS-IO-AUX socket",BMU-GW,1,1,1.086,X6521WV-2x05H-C60D30,XKB Connection,CN,DROP-IN,"pin numbering drawn (1,3,5.. / 2,4,6..); 3 A, 250 V, -40..+105 C, 1 u-inch gold, PA6T UL94 V0 vs Samtec 4.7 A, -55..+125 C; signal-level use only; post 6.0 vs 5.84 mm, tail 3.0 vs 3.05 mm",0.2210,C706895,1291,"XKB Industrial Precision Co. Ltd (Dongguan), maker drawing with full spec table; no UL file number or AEC statement on the sheet; -40..+105 C, 250 V AC/DC, 3 A AC/DC, 1000 V AC/min, PA6T UL94 V0, 1 u-inch gold, wave solder 255 C 10 s (connector, AEC not applicable)",,docs/datasheets/connectors/XKB-X6521W.pdf; mate docs/datasheets/connectors/XKB-X6521F.pdf,p1,ADOPT,Change with SSW-105-01-G-D as a pair. Temp-audit note: the Samtec TSW is on file as -55..+105 C; XKB states -40..+105 C.
TSW-102-07-G-S,Samtec,1x2 2.54 mm service jumper header (fit a shunt only for programming / debug) on PVCELL-25 and SYS-IO-AUX,PVCELL-25 SYS-IO-AUX,4,1,0.235,X6511WV-02H-C60D30,XKB Connection,CN,DROP-IN,"single row 1x2, pins 1-2; 3 A, 250 V, -40..+105 C, 1 u-inch gold, PA6T UL94 V0 vs Samtec 4.7 A (gold) / -55..+105 C as recorded; jumper/shunt use only, no current",0.0345,C706874,5511,"XKB Industrial Precision Co. Ltd (Dongguan), maker drawing with full spec table; no UL file number or AEC statement on the sheet; -40..+105 C, 250 V AC/DC, 3 A AC/DC, 1000 V AC/min, PA6T UL94 V0, 1 u-inch gold, wave solder 255 C 10 s (connector, AEC not applicable)",,docs/datasheets/connectors/XKB-X6511W.pdf,p1,ADOPT,0.2 USD saving per piece x 5 pieces per PV-P75 is small; the point is one maker and an LCSC-stocked part (5511 in stock).
TSW-103-07-G-S,Samtec,"Debug UART header 1x3 2.54 mm, 3.3 V TTL, on CTRL-C2000",CTRL-C2000,1,1,0.325,X6511WV-03H-C60D30,XKB Connection,CN,DROP-IN,"single row 1x3, pins 1-3; 3 A, 250 V, -40..+105 C, 1 u-inch gold vs Samtec 4.7 A; logic-level signals only",0.0713,C706875,11665,"XKB Industrial Precision Co. Ltd (Dongguan), maker drawing with full spec table; no UL file number or AEC statement on the sheet; -40..+105 C, 250 V AC/DC, 3 A AC/DC, 1000 V AC/min, PA6T UL94 V0, 1 u-inch gold, wave solder 255 C 10 s (connector, AEC not applicable)",,docs/datasheets/connectors/XKB-X6511W.pdf,p1,ADOPT,Signal-level; stock 11665.
FTSH-110-01-L-DV-K,Samtec,"cTI-20 JTAG header 2x10 1.27 mm SMT, keyed shroud, on CTRL-C2000 (TI SPRU655 table 13 pinout)",CTRL-C2000,1,1,2.618,X1270WVS-2x10B-9TV01,XKB Connection,CN,DROP-IN,"1.27 mm 2x10 shrouded vertical SMD header with a polarising gap (variant B = 'contains gaps'); numbering drawn: 1,3,5.. lower row, 2,4,6.. upper row, key at the lower edge; XKB 1 A AC/DC, 250 V, 500 V AC withstand, -40..+125 C, nylon-9T UL94 V0, gold flash vs Samtec FTSH 3.4 A, -55..+125 C, LCP, 10 u-inch gold; JTAG currents are milliamps; FTSH '-01' post 3.05 mm mates FFSD cables - the XKB shroud/pad drawing must be compared with the FTSH footprint before layout",0.3108,C5147196,211,XKB maker drawing rev A1 2025-01-06; -40..+125 C; no UL/AEC statement on the sheet,,docs/datasheets/connectors/XKB-X1270WVS.pdf,p1,OPTION,"Footprint not identical to the Samtec part (shroud and pad pattern differ) and only 211 in stock on the mirror, so OPTION. Saving 2.3 USD per module. The XKB 'A' variant (no gaps, C5147208) must NOT be used: JTAG needs the keyed shroud."
61202621621,Wurth Elektronik,"WR-BHD shrouded box header 2x13 2.54 mm: PORT contract (CTRL-C2000 J_PORT, DAB60 and PV-PORT, ribbon 1:1)",CTRL-C2000 DAB60 PV-PORT,2,2,1.0052,X9555WV-2x13-6TV01,XKB Connection,CN,DROP-IN,"pitch 2.54, 2xN shrouded box header, vertical THT, pin 0.64 mm sq; XKB drawing marks pin 1 with a triangle on the housing and prints no numerals (numbering follows the standard odd/even IDC scheme, Conn_02xNN_Odd_Even); XKB 3 A AC/DC, 250 V, 1000 V AC withstand, -40..+125 C (6T/PA9T UL94 V0), gold flash vs Wurth WR-BHD 3 A, 250 V, 600 V AC, -40..+105 C, PBT UL94 V0, gold, 30 mating cycles, UL E323964; body length 40.62 mm (2x13) / 58.40 mm (2x20) vs Wurth 40.68 / 58.46 mm (same pin-to-pin 30.48 / 48.26 mm); no mating-cycle figure on the XKB sheet; PORT contract carries 24 V at 0.7 A for 200 s (battery port) on two pins: 0.35 A/pin, far under 3 A",0.2359,C2884553,9013,XKB maker drawing rev A2 2025-09-15; -40..+125 C; no UL/AEC statement on the sheet (Wurth has UL E323964),,docs/datasheets/connectors/XKB-X9555WV.pdf,"p1 (spec, part-number key, dimension table 2x03-2x32)",ADOPT,"Incumbent price from the costed BOM (Farnell JP 1-pc, JPY 158.5). Saving 0.77 USD x 2 per module. Ribbon-cable IDC sockets are in the harness, not the BOM; any standard 2.54 mm IDC socket mates both."
61204021621,Wurth Elektronik,"WR-BHD shrouded box header 2x20 2.54 mm: CELL contract (CTRL-C2000 x4, DAB60 and PVCELL-25, ribbon 1:1)",CTRL-C2000 DAB60 PVCELL-25,7,6,1.45,X9555WV-2x20-6TV01,XKB Connection,CN,DROP-IN,"pitch 2.54, 2xN shrouded box header, vertical THT, pin 0.64 mm sq; XKB drawing marks pin 1 with a triangle on the housing and prints no numerals (numbering follows the standard odd/even IDC scheme, Conn_02xNN_Odd_Even); XKB 3 A AC/DC, 250 V, 1000 V AC withstand, -40..+125 C (6T/PA9T UL94 V0), gold flash vs Wurth WR-BHD 3 A, 250 V, 600 V AC, -40..+105 C, PBT UL94 V0, gold, 30 mating cycles, UL E323964; body length 40.62 mm (2x13) / 58.40 mm (2x20) vs Wurth 40.68 / 58.46 mm (same pin-to-pin 30.48 / 48.26 mm); no mating-cycle figure on the XKB sheet; CELL contract: +24V/+24V_GD on 2 pins (<= 1.0 A continuous, eFuse 1.49 A) = about 0.75 A/pin, PWM/analog signals otherwise",0.2831,C2884558,1444,XKB maker drawing rev A2 2025-09-15; -40..+125 C; no UL/AEC statement on the sheet (Wurth has UL E323964),,docs/datasheets/connectors/XKB-X9555WV.pdf,p1,ADOPT,"Incumbent price is the costed-BOM ESTIMATE (scaled from the 2x13). Saving 1.17 USD x 7 per PV-P75, x 6 per DAB-D60. The sheet in the repo is the 2x13 drawing; the 2x20 appears in its dimension table (A 48.26, B 56.40, C 58.40). 1444 in stock on the mirror."
CSD18532Q5B,Texas Instruments,"ideal-diode / load-disconnect switch on the 24 V entry: 2 x with LM74700-Q1 (cabinet feeds A/B ORing), 2 x back-to-back with LM74800-Q1 (AUX feed: DGATE ideal diode + HGATE dV/dt-limited inrush switch); 4 per module",SYS-IO-AUX,4,4,1.486,,,,NONE,"best documented Asian 60 V SON/PDFN 5x6 found = Huayi HYG019N06LS1C2 (C7436878, 0.7081 USD, stock 8942): VDS 60=60 V; RDS(on) 1.6 typ/2.2 max at 10 V and 50 A vs 2.5/3.2 at 10 V and 25 A (better); RDS(on) at 4.5 V NOT specified vs 3.3/4.3 mOhm; VGS(th) 1.5/2.4/3.0 V vs 1.5/1.8/2.2 V (WORSE: max +0.8 V, and sys_io_aux VGS_ON 3.0 V at -40 C assumes the TI curve); Qg 79.2 vs 44 nC and Ciss 5044 vs 3900 pF (worse, slower gate charge from LM74700/LM74800 uA-class drive); Tj 175 vs 150 C; pinout S1-3 G4 D5-8 same; no AEC-Q101/reliability statement; EAS 702 mJ at 0.3 mH",,,,"incumbent: none stated for CSD18532Q5B (TI SLPS322E, Tj -55..150 C); candidate: none stated (Huayi V1.1, Tj 175 C)",,docs/datasheets/power-semiconductors/Huayi-HYG019N06LS1C2.pdf,1-3,KEEP,"No Asian 60 V <= 3 mOhm 5x6 part with VGS(th) max <= 2.2 V and a qualification statement found on the LCSC mirror (mirror lists only a subset; Toshiba/ROHM/Renesas 60 V SOP-Advance-class parts to be checked by hand). HXY-suffix parts (DMTH6004LPSQ-13-HXY C48996343, BSC0702LS-HXY C20606289) are clones of other makers' part numbers: not verified. Huayi HYG019N06LS1C2 could serve the 2 LM74700 ORing positions electrically (gate driven to ~10 V) but would put a second MOSFET type on the board for a saving of <= 0.1 USD each against the TI 1000-pc price (0.803 USD); not worth it. LCSC mirror has CSD18532NQ5B (C2862136, 5 pcs) but not CSD18532Q5B, so TI price is TI.com (1.486 at 100, 0.803 at 1000)."
US1M-13-F,Diodes Incorporated,"DESAT blocking string: 3 x US1M in series from DY to the SiC drain on every gate driver (1000 V bus, 1700 V devices)",DAB60 PVCELL-25,36,24,0.0459,US1MH,Taiwan Semiconductor,TW,DROP-IN,"VRRM 1000=1000 V; VF max 1.7=1.7 V at 1 A (VF at ~1 mA not specified by either; Fig.2 curve); IR max 5=5 uA at 25 C; IR max 150 uA at 125 C (incumbent gives only 100 uA at 100 C, no 125 C figure); CJ 10=10 pF typ at 4 V; trr 75=75 ns; IFSM 30=30 A; Tj -55..150 vs -65..150 C; AEC-Q101 qualified (incumbent: no AEC statement); SMA/DO-214AC, cathode band, same land pattern",,,,AEC-Q101 qualified (TSC A2102 p1); Tj -55..+150 C; MSL1,,docs/datasheets/power-semiconductors/TSC-US1xH.pdf,1-3,OPTION,"No schematic change (D2 anode/D1 cathode band unchanged). Not on the LCSC mirror, so no LCSC price: quote via TSC channel before ADOPT. Cheaper LCSC-stocked options NOT recommended: Yangjie US1M C574035 0.0262 USD (S-S1496 Rev1.2: IR 100 uA at 125 C, trr 75 ns, but the sheet gives NO junction capacitance and no qualification; CJ sets the dv/dt displacement current into DX at 57 V/ns), MDD C412437 0.0122 (CJ 15 pF, no hot IR, no qualification), PANJIT US1M_R2_00101 C5118917 0.043 (CJ 17 pF, trr 100 ns). Re-run gdrv.py DESAT check unchanged; VF(1 mA) of the new lot should be bench-read once (trip window uses assumed 0.5-1.0 V per diode)."
BAT54S-7-F,Diodes Incorporated,"26 per PV-P75: ADC input clamp to 3V3A/AGND (CTRL-C2000), PG/tach input clamps (SYS-IO-AUX); dual series Schottky 30 V 200 mA",CTRL-C2000 SYS-IO-AUX,26,26,0.0412,"BAT54S,215",Nexperia,"NL (Wingtech, CN-owned)",DROP-IN,"Same SOT-23 pin table (1 A1, 2 K2, 3 K1;A2) as the repo symbol. VR 30=30 V; IF 200=200 mA; IFRM 300 mA; IFSM 600 mA (tp<10 ms, Nexperia) vs 600 mA (t<1 s, Diodes); VF <=800 mV at 100 mA both, <=240 mV at 0.1 mA and <=320 mV at 1 mA (the BAT54_VF value gdrv.py already takes from the Nexperia sheet); IR <=2 uA at 25 V both; Cd <=10 pF at 1 V both; trr <=5 ns both; Ptot 250 mW (Diodes PD 200 mW); Tamb -55..150 (Diodes TJ -65..150); Nexperia part has no AEC statement in this generic sheet (Diodes: JEDEC-referenced qualification)",0.0389,C47546,6296,Nexperia product data sheet 1 July 2022 (no AEC-Q101 claim for the generic type); Diodes DS11005: qualified to JEDEC standards (as referenced in AEC-Q); Tj 150 C,,docs/datasheets/protection/BAT54S.pdf,1-4 (already on file),ADOPT,"Consolidation onto Nexperia, parts already in the BOM (BAT54, BZX84, 2N7002BK). Price neutral (0.0389 vs 0.0412 at 100); LCSC stock 6296 vs 73933 for the Diodes part (enough for 52 per module pair, check for volume). Do NOT use the cheaper bare 'BAT54S' C408389 (0.0137): it is not Nexperia (3-page generic sheet, maker not stated). Symbol/net map unchanged (catalog key BAT54S, ds BAT54S.pdf already registered); gdrv/ctrl BAT54_VF = (0.10, 0.32) V stays valid because it was read from the Nexperia sheet. Re-point the generators' ds= from BAT54S-Diodes.pdf to BAT54S.pdf."
CDSOT23-SM712,Bourns,"RS-485 asymmetric (-7/+12 V) TVS array on the bus A/B of each isolated ISO1410 port (SCIA/SCIB, BMS port); pins 1,2 = lines, 3 = common",BMU-GW SYS-IO-AUX,3,3,0.3026,SM712,"MDD (Microdiode Semiconductor, Shenzhen)",CN,DROP-IN,"Same SOT-23 pinout (1,2 lines, 3 common; 12 V diode line->3, 7 V diode 3->line). VWM 12/7 = 12/7 V; VBR min 13.3/7.5 = 13.3/7.5 V; IR 1/20 uA = 1/20 uA at VWM; PPK 400 W (8/20 us) = 400 W; IPP 17 = 17 A; VC 20/12 V at 5 A (Bourns 20/12 at 5 A); VC at 17 A 26 V (=26 V) on the 12 V diode but 16 V vs 14 V on the 7 V diode (WORSE by 2 V); CD 75 pF at 0 V (=75) and 45 pF at VWM; ESD +/-8 kV contact, +/-15 kV air (Bourns +/-30 kV max); Tj -55..150 (same); MSL1; Rev 2024A3, 5 pp.; NO qualification statement",0.0703,C502564,186135,"none stated (MDD Rev 2024A3: MSL 1, IEC 61000-4-2/-4/-5 capability only); Tj -55..+150 C",,docs/datasheets/protection/MDD-SM712.pdf,1-2,OPTION,"Saves 0.23 USD x 6 = 1.4 USD per module. Not ADOPT because the sheet has no qualification/reliability statement and the -7 V side clamps 2 V higher at 17 A (16 V vs 14 V): re-check against the ISO1410 bus-pin abs max (ISO1042 is +/-70 V; ISO1410 table 6.1 p5 to be read) and keep the port ESD test margin. Other SM712 listings on the mirror are clones/trading brands with 4-5 p. sheets (DOWO C293966 only 12 A and Tj 125 C; Fuxin C908219; Elecsuper -ES C5199207; Goodwork C21713983; UMW C2687124; MSK C3647083): not verified. Established US makers (Littelfuse SM712-02HTG, Semtech) are not Asian."
ESD2CAN24DBZRQ1,Texas Instruments,"CAN bus ESD/TVS array on every isolated CAN port (CANB module bus, MCAN CAN-FD service port, BMS CAN); pins 1,2 = CANH/CANL, 3 = GND",BMU-GW SYS-IO-AUX,3,3,0.2197,,,,NONE,"Incumbent (SLVSFW5D, AEC-Q101): VRWM +/-24 V; VBR 25.5-35.5 V at 10 mA; VCLAMP 37 V at 5.7 A (8/20 us); ILEAK <= 50 nA; CL 3 pF typ (CAN FD capable); IEC 61000-4-2 +/-30 kV air; Tj -55..150 C. Best Asian-owned candidate = Nexperia PESD1CAN,215 (C15771, 0.0594 USD, stock 87136; same SOT23 1,2 lines/3 common; VRWM 24 V; VBR 25.4-30.3 V at 5 mA): clamp 40 V at 1 A and ~70 V at 3 A (WORSE: ~2x at 3 A), IPP only 3 A (vs 5.7 A), Cd 11 typ/17 max pF (WORSE, 4-6x), sheet on the mirror is the 2008 NXP Rev.04 with no AEC statement",,,,incumbent AEC-Q101; candidate: not stated in the 2008 sheet,,,,KEEP,"No Asian CAN-FD-class TVS with <= 5 pF, VCLAMP <= 40 V at >= 3.5 A and an AEC-Q101 statement found. Mirror-visible CAN parts: Nexperia PESD1CAN (above, classic CAN only), Littelfuse AQ24CANFD-02HTG 11.5 pF (US), onsemi NUP2105L 30 pF (US), clones (-ES, UMW...). The MCAN CAN-FD port needs the low capacitance. The mirror price for the incumbent is 0.2795 USD at 100 (work-file 0.2197 comes from another source). Worth a manual check of Nexperia's current CAN-FD TVS range (nexperia.com refuses plain GET, so its current sheets were not read here)."
3405.0163.24,SCHURTER,0.5 A quick-acting fuse in front of the RECOM RS3-2415D (24 V -> +/-15 V for the LEM LA 150-P current sensors); RECOM requires a fuse; 3 per PV-P75,PVCELL-25,3,0,0.335,AF2-0.50V125TM,AEM Components (Suzhou),CN,FUNCTIONAL,"Rated current 0.5=0.5 A quick-acting; DC rating 125=125 VDC (250 VAC both); breaking capacity DC: Schurter IEC 100 A / UL 200 A at 125 VDC vs AEM 50 A DC (WORSE, from distributor listings, AEM sheet not read) ; melting I2t 0.042 A2s (Schurter, 10 x In) vs 0.1 A2s (AEM listing, WORSE: slower to clear); voltage drop 430 mV typ / 600 max (Schurter); case 3 x 10.1 mm (UMF 250) vs 2410 / 6125 metric = 6.1 x 2.69 mm (footprint change); -55..125 C both; AEC-Q200 for the AF2 series NOT confirmed",,,,"Schurter: VDE 40027880 / 40048753, UL E41599, METI, IEC 60127-4, UL 248-14; AEM AF2: UL/IEC listed per distributor, qualification not read",,,,KEEP,"Fuse sits on a 24 V node (max 26.4 V after the OV cut-off), so 125 VDC is margin, but the DC breaking capacity must cover the prospective fault current at that node (upstream +24V_GD 5 A eFuse vs bare cabinet bus behind the 30 A fuse): not settled, so KEEP. AEM AF2-0.50V125TM would be a footprint-changing OPTION only after that check; its LCSC code/price is not on the mirror (no price row written). Saving would be <= ~0.1 USD per fuse (incumbent 0.335 USD at 2000+, Future Electronics snippet). Conquer SEF 0.6 A 125 V (ceramic, 0.6 A not 0.5 A) was seen on the web search: not equal rating. Hollyland: only large cartridge/NH fuses found."
SMAJ12A,Bourns,"coil turn-off clamp, 24 V DO outputs: SMAJ12A in avalanche + SMAJ36A forward (OUT >= -15.7 V), 8 per module (one per DO output)",SYS-IO-AUX,8,8,0.0422,SMAJ12AH,Taiwan Semiconductor,TW,DROP-IN,"TSC AEC-Q101 series (A2102, 7 pp.) table rows equal the Bourns rows: VRWM 12 V; VBR 13.3-14.7 V at 1 mA; VC 19.9 V at IPP 20.1 A; IR <= 1 uA at VWM; PPPM 400 W 10/1000 us; IFSM 40 A; Tj -55..150 C (same); PD 1 W; VF 3.5 V; DO-214AC (SMA), unidirectional, cathode band; 10 ms pulse capability is a graph (Fig.1/2) in both sheets, compare it by eye before ADOPT",,,,AEC-Q101 qualified (TSC A2102 p1); meets ISO 7637-2 pulses; Tj -55..+150 C,,docs/datasheets/protection/TSC-SMAJxH.pdf,"1-2,4",OPTION,"Price basis in the work file is NOT Bourns: LCSC C113957 is MDD (Microdiode, Shenzhen) SMAJ12A. TSC is not in the LCSC mirror (only TSC SMAJ18A R3G C484000 is, 0.0594 USD at 100), so the TSC price must be quoted; priced LCSC fallback with a documented sheet: Born C152123 0.05 USD at 100 (7-p. sheet, no AEC statement). Use UNIDIRECTIONAL parts only: in the DO coil clamp the SMAJ36A + SMAJ12A series pair relies on the forward conduction of the A-type (a CA part would add a second avalanche voltage). Surge clamp energy check (CLAMP_J 0.5 J, ~150 W at 10 ms, derated to 85 C) must be re-read from the new sheet's pulse curve."
SMAJ36A,Bourns,"coil turn-off clamp, 24 V DO outputs: SMAJ36A blocks +36 V (VBR >= 40 V) in series with SMAJ12A, 8 per module",SYS-IO-AUX,8,8,0.0425,SMAJ36AH,Taiwan Semiconductor,TW,DROP-IN,"TSC AEC-Q101 series (A2102, 7 pp.) table rows equal the Bourns rows: VRWM 36 V; VBR 40.0-44.2 V at 1 mA; VC 58.1 V at IPP 6.9 A; IR <= 1 uA at VWM; PPPM 400 W 10/1000 us; IFSM 40 A; Tj -55..150 C (same); PD 1 W; VF 3.5 V; DO-214AC (SMA), unidirectional, cathode band; 10 ms pulse capability is a graph (Fig.1/2) in both sheets, compare it by eye before ADOPT",,,,AEC-Q101 qualified (TSC A2102 p1); Tj -55..+150 C,,docs/datasheets/protection/TSC-SMAJxH.pdf,"1-2,4",OPTION,"Price basis in the work file is NOT Bourns: LCSC C113967 is MDD (Microdiode, Shenzhen) SMAJ36A. TSC is not in the LCSC mirror (only TSC SMAJ18A R3G C484000 is, 0.0594 USD at 100), so the TSC price must be quoted; priced LCSC fallback with a documented sheet: Born C344015 0.0493 USD at 100. Use UNIDIRECTIONAL parts only: in the DO coil clamp the SMAJ36A + SMAJ12A series pair relies on the forward conduction of the A-type (a CA part would add a second avalanche voltage). Surge clamp energy check (CLAMP_J 0.5 J, ~150 W at 10 ms, derated to 85 C) must be re-read from the new sheet's pulse curve."
BAT54C-7-F,Diodes Incorporated,diode fan-out of the service jumper (SVC_N) and the AUX-HV source inhibit (AUX_INH_N): either low pulls both TEST_A_N and TEST_B_N low so both trip channels latch; 2 per module,SYS-IO-AUX,2,2,0.1136,"BAT54C,215",Nexperia,"NL (Wingtech, CN-owned)",DROP-IN,"Same SOT-23 pin table (1 A1, 2 A2, 3 K1,K2 common cathode) as the repo symbol (sys_io_aux.py cites Diodes DS11005 diagram: same). VR 30 V; IF 200 mA; IFRM 300 mA; IFSM 600 mA; VF <=800 mV at 100 mA; IR <=2 uA at 25 V; Cd <=10 pF; trr <=5 ns; Ptot 250 mW; Tj 150 C: all equal to the Diodes sheet",0.0217,C37704,176230,Nexperia product data sheet 1 July 2022 (no AEC-Q101 claim for the generic type); Tj 150 C,,docs/datasheets/protection/Nexperia-BAT54C.pdf,1-4,ADOPT,"Price 0.0217 vs 0.1136 USD (the Diodes -7-F part is 5x dearer on LCSC): saves 0.19 USD per module. No circuit change; point the BAT54C catalog entry to Nexperia BAT54C,215 and the new datasheet."
SMAJ33A,Bourns,"fan-supply output TVS on each of the 4 TPS16630 fan channels (24 V_OR, OV cut-off 26.4 V), 4 per module",SYS-IO-AUX,4,4,0.0321,SMAJ33AH,Taiwan Semiconductor,TW,DROP-IN,"TSC AEC-Q101 series (A2102, 7 pp.) table rows equal the Bourns rows: VRWM 33 V; VBR 36.7-40.6 V at 1 mA; VC 53.3 V at IPP 7.5 A; IR <= 1 uA at VWM; PPPM 400 W 10/1000 us; IFSM 40 A; Tj -55..150 C (same); PD 1 W; VF 3.5 V; DO-214AC (SMA), unidirectional, cathode band; 10 ms pulse capability is a graph (Fig.1/2) in both sheets, compare it by eye before ADOPT",,,,AEC-Q101 qualified (TSC A2102 p1); Tj -55..+150 C,,docs/datasheets/protection/TSC-SMAJxH.pdf,"1-2,4",OPTION,"Price basis in the work file is NOT Bourns: LCSC C908777 is Goodwork (GK-Goodwork) SMAJ33A. TSC is not in the LCSC mirror (only TSC SMAJ18A R3G C484000 is, 0.0594 USD at 100), so the TSC price must be quoted; priced LCSC fallback with a documented sheet: Born C383696 0.0404 USD at 100. Use UNIDIRECTIONAL parts only: in the DO coil clamp the SMAJ36A + SMAJ12A series pair relies on the forward conduction of the A-type (a CA part would add a second avalanche voltage). Surge clamp energy check (CLAMP_J 0.5 J, ~150 W at 10 ms, derated to 85 C) must be re-read from the new sheet's pulse curve."
MMBT3906-7-F,Diodes Inc,"PNP comparator + PNP latch of the HV-port discharge timer (timer comparator vs DIS_G/2, latch PNP), 4 per module",DAB60 PV-PORT,4,4,0.0269,"MMBT3906,215",Nexperia,"NL (Wingtech, CN-owned)",DROP-IN,"Same SOT-23 pinout 1 B, 2 E, 3 C. VCEO -40=-40 V; VCBO -40 V; VEBO -6 V; IC -200 mA; hFE >=60 at -0.1 mA; ICBO <=-50 nA at -30 V; Ptot 250 mW at 25 C; Tamb -65..150 vs -55..150 C; AEC-Q101 qualified (the -7-F is standard grade)",0.0467,C75549,807,AEC-Q101 qualified (Nexperia 1 September 2023 p1); Tamb -65..+150 C,,docs/datasheets/power-semiconductors/Nexperia-MMBT3906.pdf,1-4,OPTION,"Technically the same consolidation as MMBT3904, but LCSC price is 0.0467 vs 0.0269 USD (+0.08 USD per module) and LCSC stock is only 807: take it together with MMBT3904 if one Nexperia transistor family is wanted. The timer comparator uses VBE and low-current hFE: owner of gen/port.py discharge timer to re-run the 1.8 s check with the Nexperia table."
MMBT3904-7-F,Diodes Inc,"NPN latch of the HV-port discharge timer (collector DIS_SB, base DIS_SG, emitter bus negative), 2 per module",DAB60 PV-PORT,2,2,0.0362,"MMBT3904,215",Nexperia,"NL (Wingtech, CN-owned)",DROP-IN,"Same SOT-23 pinout 1 B, 2 E, 3 C. VCEO 40=40 V; VCBO 60=60 V; VEBO 6=6 V; IC 200=200 mA; hFE >=60/80/100-300/60/30 at 0.1/1/10/50/100 mA (JEDEC 2N3904 table, same as Diodes class); VCEsat <=200 mV (10 mA) / 300 mV (50 mA); VBEsat 650-850 mV (10 mA), <=950 mV (50 mA); ICBO <=50 nA at 30 V; fT >=300 MHz; Cc <=4 pF; Ptot 250 mW at 25 C (Diodes 310 mW min pad); Tamb -65..150 vs -55..150 C; AEC-Q101 qualified (the -7-F is standard grade)",0.0292,C426835,125235,AEC-Q101 qualified (Nexperia 11 April 2024 p1); Tamb -65..+150 C,,docs/datasheets/power-semiconductors/Nexperia-MMBT3904.pdf,1-4,ADOPT,"Consolidation onto Nexperia + AEC-Q101 grade, 0.0292 vs 0.0362 USD. The discharge-timer latch runs at uA-mA base currents: hFE at 0.1 mA >= 60 is guaranteed by the Nexperia sheet; re-read the Diodes table before relying on a tighter figure. Owner of the discharge-timer timing numbers (gen/port.py n['dis_*']) should re-run the check; no schematic change."
SF-2923HC30C-2,Bourns,"input fuse of each 24 V feed (cabinet A, cabinet B, AUX-HV) in front of the ideal-diode FETs and the 1500 W TVS; 3 per module",SYS-IO-AUX,3,3,1.2,,,,NONE,"Incumbent (SinglFuse SF-2923HC-C, 6 pp.): 30 A; 60 VDC; interrupting 300 A at 60 VDC; melting I2t 270 A2s (10 x In); 1.2 mOhm typ; EIA 2923 (7358 metric) ceramic, single blow; clearing 4 h min at 100 % / 60 s max at 250 %; -55..125 C; cUL E198545 (UL 248-14). No Asian part found with 30 A, >= 60 VDC, >= 300 A DC interrupting in a 2923 case: mirror fuse listings show only 1032SF30A (C5183816, 12.5 x 4.5 mm, 72 VDC / 600 A, maker not named in the spec sheet, stock 5) and a DHC45-30A brick fuse (C2937382, Prosemitech, 30 A / 60 V, different package); AEM / Conquer / Walter / Hollyland catalogues give no 2923-size 30 A / 60 VDC part on the web search done (AEM's high-voltage chip series is 2410/1206 up to a few A at 125 VDC)",,,,incumbent: UL 248-14 recognised; AEC-Q200 not stated in the sheet,,,,KEEP,"Protection part on every 24 V entry: not traded for price. Incumbent price 1.20 USD is an ESTIMATE (no LCSC listing; 3.6 USD per module). Hand check list: AEM and Conquer catalogues for a 7358-metric high-current SMD fuse, Littelfuse is not Asian. If a 1.2 mOhm / 30 A fuse is wanted from an Asian maker, the alternative is a different type (e.g. a bolt-on or brick fuse) and a footprint change."
SMCJ33CA,Bourns,"24 V feed surge TVS (bidirectional 1500 W, blocks a -33 V wiring error), one per feed A/B/AUX, 3 per module",SYS-IO-AUX,3,3,0.2262,SMCJ33CA/TR13,Brightking,TW,DROP-IN,"VWM 33=33 V; VBR 36.7-40.6=36.7-40.6 V at 1 mA; VC 53.3=53.3 V at IPP 28.2 vs 28.1 A; IR <= 1 uA at 33 V (same); PPPM 1500 W min 10/1000 us (same); IFSM 200=200 A; Tj -65..150 vs -55..150 C (wider); PM(AV) 6.5 W at TA 50 C vs 5 W at TL 75 C; DO-214AB (SMC), bidirectional; UL E244458; sheet Rev 21-Jul-14 (6 pp., curves incl. pulse rating); NO AEC-Q101 statement. TSC SMCJ33CAH (AEC-Q101, A2102 8 pp.): same VBR/VC (IPPM printed 29 A), PD 5 W at TA 25 C, no LCSC price",0.1108,C310048,27101,UL E244458; no AEC-Q101/JEDEC qualification statement in the sheet; Tj -65..+150 C,,docs/datasheets/protection/Brightking-SMCJ.pdf,1-3,OPTION,"Incumbent price is the 100-pc price of LCSC C224050, which is a LITTELFUSE SMCJ33CA (not Bourns; the BOM unit cost 0.1697 USD @500 uses it); Bourns price not found on the mirror. Brightking C310048 saves ~0.11 USD each (0.68 per module) with the identical table. Prefer the AEC-Q101 TSC SMCJ33CAH if a quote <= ~0.13 USD (TSC datasheet registered: docs/datasheets/protection/TSC-SMCJxH.pdf). TVS stays idle in the design surge (VBR min 36.7 V vs OV cut-off 26.4 V): the swap does not touch the surge-reservoir check. Brightking sheet registered: docs/datasheets/protection/Brightking-SMCJ.pdf."
ZXTP25040DFHTA,Diodes Incorporated,"local Miller-hold PNP emitter follower at each SiC gate (E at gate, B on CLMPI, C into C_VL on the Kelvin pin); 24 per PV-P75; I_M 1.34-2.75 A per device, rule I_M <= ICM/2",PVCELL-25,24,0,0.52,"PBSS5540X,135",Nexperia,"NL (Wingtech, CN-owned)",FUNCTIONAL,"VCEO -40=-40 V; IC -4 vs -3 A; ICM -10 A (tp<=10 ms) vs -9 A; hFE >=150 at 2 A and >=50 at 5 A (VCE -2 V) vs >=30 at 3 A; VCEsat <=340 mV at 4 A/200 mA vs <=220 mV at 3 A/300 mA (WORSE); VBEsat <=1.1 V at 4 A vs <=1.0 V at 3 A (WORSE, adds ~0.1 V to the die gate-source hold check); Cc <=105 pF at VCB -10 V vs Cobo 17.4 pF (6x on the CLMPI node, R_PU x C_node check); VEBO -6 V (shown 6V on LCSC) vs -7 V; pinout SOT89 1 E, 2 C, 3 B (tab C) vs SOT-23 1 B, 2 E, 3 C; AEC-Q101 qualified, Tj 150 C",0.2831,C455078,8000,AEC-Q101 qualified (Nexperia 15 Apr 2020 p1); Tamb -65..+150 C,,docs/datasheets/power-semiconductors/Nexperia-PBSS5540X.pdf,"1-2,6",OPTION,"No SOT-23 Asian PNP reaches the 9 A pulse: Nexperia PBSS5350TH (SOT23, same 1 B/2 E/3 C pinout, AEC-Q101, C551987 0.3433 USD) has only IC 2 A / ICM 3 A, which fails the I_M <= ICM/2 rule (1.34-2.75 A). PBSS5540X needs a SOT89 symbol/footprint (E=1, C=2/tab, B=3) and a re-run of gdrv.py design_check with ZXTP = hFE(3 A) >= ~100 (interpolated, not specified at 3 A), vbe_sat 1.1, vce_sat 0.34, cobo 105 pF; headroom (hdrm >= vce_sat), v_die <= 1.0 V and R_PU x C_node <= tau_on/2 are the checks that can fail. Saving est. 24 x (0.52-0.283) = 5.7 USD per PV-P75 (incumbent price is an ESTIMATE from the sister part ZXTP23015CFH, no real quote). Keep ZXTP25040DFH until the re-run passes."
CSM2F-8518-L100J01,Bourns,"port current shunt 100 uOhm (IA/IB, AMC3302 +/-50 mV; hold-closed interlock 382-441 A)",DAB60 PV-PORT,2,2,16.57,ARCS8518DL100A9,Changsha Resi Electronics (RESI / C&B Electronics Shenzhen),CN,FUNCTIONAL,"same 8518 body 85x18x3 mm, 60 mm hole pitch, Mn-Cu e-beam type; 100 uOhm 36 W (rated current 600 A) = ; tolerance 0.5 % vs 5 % (better); TCR on the pin variant 100 ppm/K (+20..+175 C) / 150 ppm/K (-55..+20 C) vs 125 ppm/K on test points (alloy < 50); thermal EMF < 0.5 vs < 1.5 uV/K (better); L < 3 nH; current coefficient < 7 ppm/A (Bourns: not stated); range -55..+175 C (TCR/derating) vs -40..+170 C; load life 1000 h +/-1.0 % = ; thermal shock 1000 cyc +/-0.5 % vs +/-1.0 %; HTE 170 C 1000 h +/-1.0 % vs +/-1.5 %; 85/85 +/-0.5 % = ; BOLT HOLES 2 x 7.0 mm vs 8.3 mm (M6 instead of M8); sense pins at other positions; pulse energy only as a curve (p3, not read numerically) - Bourns states no number either",9.99,C494643 (ARCS8518DL100A9L; not in mirror),,"'Automotive-grade' + maker test table (p2: thermal shock, STOL 5xP 5 s, HTE, 85/85, shock, vibration, load life); NO explicit AEC-Q200 statement in the sheet (DigiKey lists AEC-Q200); -55..+175 C",,docs/datasheets/sensing/RESI-ARCS8518.pdf,1-3,ADOPT,"pin map: 1/2 = bolt terminals, 3/4 = the two sense pins (A9 'PIN' structure) - schematic unchanged; MECHANICAL: M6 bolts (7.0 mm holes) and new sense-pin positions for the busbar / sense-lead design (busbar not yet drawn); price 9.99 USD is the DigiKey 25-pc tier (100-pc tier not shown, so <= 9.99) vs Bourns 19.24 at 25 / 16.57 at 100; re-run sim/port_design.py with SH_TOL 0.005, SH_TCR 150e-6 (worst side), SH_EMF 0.5e-6: hold band narrows, compensated error ~0.84 % (A_TCR_RES 50 ppm/K residual still to be characterised on samples); J-grade (5 %) code ARCS8518JL100A9 exists if cheaper"
TNPV12061M00BEEA,Vishay,HV divider top element 1.00 M (6 per divider into AMC3330; VA/VAX/VB/VBX/AUX1/AUX2; some strings HV-PE),DAB60 PV-PORT,36,24,0.9436,ARHV06BTC1004A,Viking Tech,TW,DROP-IN,"1206 both; 1.00 M 0.1 % 25 ppm/K = ; Umax 700 V = ; overload/pulse: single pulse 2 x Umax 10/700 us (IEC 61000-4-5) and periodic overload 2 x Umax 1000 cyc, dR 0.1 % = TNPV tests 8.2/8.4; RCWV = sqrt(P x R) = 500 V at 1 M (TNPV general mode 520 V); VCR < 1.5 vs < 1 ppm/V (+0.008 % at 1000 V); life 1000 h at 70 C dR 0.1 % vs 0.05 % (TNPV also 0.3 % at 225 000 h; Viking states no long-term figure); 85/85 biased dR 0.25 % vs 0.1 %; -55..+155 C vs -55..+125/155 C; body 3.05x1.55 vs 3.2x1.6 mm, electrode gap >= 1.66 mm worst case (not stated as a minimum; TNPV To >= 2.0 mm) vs <= 1.0 mm needed (217 V, PD2 board) and 0.5 mm clearance for the 1300 V impulse share; land pattern gap 2.0 mm",,not on LCSC mirror,,"AEC-Q200 qualified (p1), automotive grade (marking A); -55..+155 C",,docs/datasheets/passives-capacitors/Viking-ARHV-A.pdf,"1-3, 6",OPTION,"technically equal for the divider and the HV-PE strings (insulation audit: 217 V working, 1300 V impulse share per element vs 700 V / 1400 V); NO public price and not on LCSC - get a quote, adopt if below the TNPV (0.94 USD at 100 on LCSC); part existence confirmed on viking.com.tw product page; on adoption add the MPN to sim/insulation.py ELEMENTS (umax 700, upulse 1400, gap 2.0) and re-run it; port_design TNPV_* constants stay (VCR 1.5e-6). Rejected: Yageo VT1206 (Taiwan, sheet V.2 2025-04-18: 613 V max, 500 V at 1 M, no pulse and no VCR rating, range ends 1.5 M); Susumu RGV3216P-1004-B-T5 (Japan, 700 V, life 0.05 % at 85 C, but no pulse and no VCR rating -> not verified for the port-side strings). LCSC/JLC stock no other Asian HV thin film >= 300 V (mirror scan of all E24 values 100 k-3 M, 1206/1210/2010/2512). Work file price 0.777 was GBP at qty 1 (Farnell); the LCSC 100-pc price is used"
VY1472M63Y5UQ63V0,Vishay,"Y1 4.7 nF pole-PE (HV-PE basic; audit credits reinforced Y1, 1500 V DC, 8 kV, 8.4 mm)",DAB60 PV-PORT,4,4,0.3432,CY1472ME1IEF49H2A2 (rejected),Dongguan Dersonic Electronic,CN,NONE,"Dersonic: Y1 400 VAC (vs 500 VAC / X1 760 VAC), cUL/VDE/ENEC/CQC to IEC 60384-14, 8 kV Y1 impulse, 10 mm leads, -40..+125 C - but NO DC rating (only 'must not exceed the rated voltage', 400 V~) vs VY1 1500 VDC stated; TDK CD45-E2GA472M-VKA (C156416): Y1 400 VAC / X1 440 VAC, no DC rating, -25 C minimum (< -30 C, PV-20); KEMET ERP610W472MEJ0 (Yageo group): X1 760 / Y1 500 VAC but OBSOLETE, 12.5 mm, 17 mm disc, no DC rating",0.0695,C2761714,47326,"Dersonic: certified Y1 (cUL, VDE, ENEC, CQC; IEC 60384-14 ed.4)","required: pole-PE 1000 V DC (1100 V trip), 6 kV basic (credited reinforced 8 kV), >= 7.1 mm at 4000 m; Dersonic: Y1 8 kV, 4000 VAC test class, DC working voltage NOT stated",,,KEEP,"no Asian Y1 disc with a stated DC rating >= 1100 V found (LCSC 'Safety Capacitors' 10/12.5 mm, 4.7 nF Y1: Dersonic, TDK CD45/CD12, unbranded 70Y10207 with a one-page sheet); keep Vishay VY1 (1500 VDC, p1). Saving would only be ~0.27 USD x 4 per module. Could become an OPTION if Dersonic confirms a DC working voltage >= 1100 V in writing (VDE report). Incumbent price: costed BOM 0.3432 USD (work-file 0.26 is GBP at 250+)"
ASDMB-25.000MHZ-XC-T,Abracon,"DP83822 25 MHz reference clock (needs +/-100 ppm, tr/tf <= 8 ns, 40-60 %)",CTRL-C2000,2,2,1.72,SG-210STF 25.000000MHz Y (X1G004171005900),Seiko Epson,JP,DROP-IN,"2.5 x 2.0 mm 4-pad both; pins 1 ST-bar (H or open = enable; tied to +3V3 as drawn), 2 GND, 3 OUT, 4 VCC = ASDMB 1 ST, 2 GND, 3 OUT, 4 VDD; +/-50 ppm incl. temperature, supply, load = ; Y code -40..+105 C = (L code -40..+85 C); 1.60-3.63 V; tr/tf 3.5 ns max (at 1.8 V, 15 pF) vs 3.0 ns; symmetry 45-55 % = ; ICC 2.2 mA vs 7-15 mA; quartz SPXO vs MEMS (shock/vibration behaviour differs; no figure compared)",0.3547,C70560 (L code only),9636,Epson spec SGxxxxCAN_E_Ver2.16; no AEC-Q100/Q200 statement read,,docs/datasheets/timing/Epson-SG-210STF.pdf,"1-3 (spec, pins), code table SG-210STF",OPTION,"Y code (-40..+105 C, same as the incumbent's X option) is not on LCSC - quote needed; the stocked L code (C70560, 0.3547 USD) is acceptable if the CTRL-C2000 local ambient stays <= 85 C (project rule -30..+85 C is met, the 20 K margin of the incumbent is lost). Saving ~1.37 USD x 2 per module vs the 1.72 USD estimate. YXC OT252025MJBA4SL (CN) and SX2M25.000M20F30TNN sheets on LCSC are image-only (not readable here)"
50ZLH1000MEFC16X25,Rubycon,SYS-IO-AUX 24 V bulk electrolytic 1000 uF 50 V,SYS-IO-AUX,2,2,1.062661,50ZLH1000MEFC16X25,Rubycon,JP,ALREADY-ASIAN,same part (LCSC check only),0.4572,C700867,5808,"Rubycon ZLH: -40..+105 C (Rubycon-ZLH.pdf p1, on file)",,docs/datasheets/passives-capacitors/Rubycon-ZLH.pdf,1,KEEP,"exact MPN stocked on LCSC at 0.4572 USD (100) vs 1.0627 USD (RS UK 500+, costed BOM): price-source update, not an alternate (-1.21 USD per module). Cheaper Asian 1000 uF 50 V 16x25 parts exist (e.g. Aishi ERS1HM102L25OT 0.2963) but were not qualified here"
50ZLH100MEFC8X11.5,Rubycon,PVCELL-25 100 uF 50 V electrolytic,PVCELL-25,3,0,0.25,50ZLH100MEFC8X11.5,Rubycon,JP,ALREADY-ASIAN,same part (LCSC check only),0.1012,C109393,25738,"Rubycon ZLH: -40..+105 C, 8000 h at 105 C (LCSC listing)",,docs/datasheets/passives-capacitors/Rubycon-ZLH.pdf,1,KEEP,exact MPN stocked on LCSC at 0.1012 USD (100) vs the 0.25 USD costed-BOM estimate: price-source update
TNPV12062M00BEEA,Vishay,"discharge-MOSFET gate bias string 5 x 2.00 M (bus -> DIS_G, 10 M; not a measurement path)",DAB60 PV-PORT,10,10,0.9989,FVF06FT-2004,Prosperity Dielectrics (PDC),TW,DROP-IN,"1206 both, 2 pins; 2.00 M; max RCWV 800 V (707 V at 2 M) vs TNPV Umax 700 V; overload 1600 V vs pulse 1400 V; 0.25 W both; -55..+155 C vs -55..+125 C; tolerance 1 % vs 0.1 %, TCR 100 vs 25 ppm/K, life 1000 h at 125 C dR <= 3 % vs 0.05 % - precision does NOT matter here: element 200 V nominal / 260 V (1.3 share) / 286 V transient vs 0.5 x 707 V; internal string, no impulse share (insulation audit); gap need 1.6 mm (PD2 board, 260 V) vs FVF06 body gap >= 1.7 mm and 1206 pads; thick film",0.0143,C2909496,5 (JLC mirror),"AEC-Q200 reliability table (p7-8); the AEC-Q200 ordering code is FVF06FT-2004-M (suffix M, p4)",,docs/datasheets/passives-capacitors/PDC-FVF.pdf,"2-4, 7-8",ADOPT,"saving 0.985 USD x 10 = 9.85 USD per PV-P75 and per DAB-D60 (vs LCSC TNPV 0.9989; 7.86 vs the BOM estimate 0.80); checks to re-run: bias current +/-4 % (1 % + drift) -> Miller energy 107 mJ +4 % and latch-holding current (23 uA vs 1.3 uA) in sim/port_design.py; add FVF06FT-2004 to sim/insulation.py ELEMENTS (umax 800, upulse 1600, gap 1.7) and re-run; JLC stock only 5 - order the -M code via PDC distribution (LCSC sells the standard code); Viking ARHV06BTC2004A is the precision DROP-IN if ever needed (no price)"
TNPV1210124KBEEA,Vishay,124 k strings: PV-PORT IMD test string 8 x 124 k HV-PE (16) and PVCELL-25 bank bleeders 8 x 124 k (48),PV-PORT PVCELL-25,64,0,0.80,ARHV13BTC1243A,Viking Tech,TW,DROP-IN,1210 both; 124 k 0.1 % 25 ppm/K = ; Umax 1000 V = ; overload 2000 V; single pulse 2 x Umax 10/700 us = TNPV test; 1/3 W vs 0.33 W (general mode) = ; VCR < 1.5 vs < 1 ppm/V; life 1000 h dR 0.1 % vs 0.05 %; -55..+155 C; electrode gap >= 1.75 mm worst case vs 0.7 mm needed (162 V); IMD impulse share 975 V (777 V with SPD) vs 2000 V; hipot share 506 V vs 1000 V,,not on LCSC mirror,,AEC-Q200 qualified (p1); -55..+155 C,,docs/datasheets/passives-capacitors/Viking-ARHV-A.pdf,"1-3, 6",OPTION,"incumbent price = costed-BOM ESTIMATE 0.80 (no TNPV1210 124 k listing on LCSC). ARHV13 has no public price - quote needed. BIGGER LEVER (FUNCTIONAL, for the PV engineer): the 48 PVCELL-25 bleeders need no precision (gen/pvcell.py checks element V <= 0.5 Umax, P <= derated P at an 85 C board, 60 V in <= 300 s). Options: (a) PDC FVF06FT-1243(-M) 1206 HV thick film (800 V, AEC-Q200): 137.5 V and 152 mW at 1100 V vs 400 V / 206 mW (0.25 W derated 70->155 C), but 199 mW with one element shorted (3 % margin) and 124 k not listed on LCSC; (b) UniOhm HV06W4F1303T5E 130 k 500 V (LCSC C2779067, 0.0085 USD, JLC stock 429): value change -> 1.04 M, t60 279 -> 292 s (target 300), 145 mW / 166 mW one-shorted - datasheet not yet read. Either saves ~0.78 USD x 48 = ~37 USD per PV-P75; package 1210 -> 1206 (footprints not assigned, D-003); re-run gen/pvcell.py (TNPV constants) and sim/insulation.py ELEMENTS. PV-PORT IMD string (16) keeps 0.1 % (IMD error uses TNPV_TOL)"
TNPW12064K99BEEA,Vishay,"HV divider bottom 4.99 k (0.83 V full scale, ratio element with the 6 x 1 M top)",DAB60 PV-PORT,6,4,0.6931,RT1206BRD074K99L,Yageo,TW,FUNCTIONAL,"1206 both; 4.99 k 0.1 % 25 ppm/K = (TCR budget 25+25 ppm/K unchanged); 0.25 W vs 0.4 W (dissipation < 0.2 mW); 200 V (voltage irrelevant, < 1 V); -55..+155 C vs -55..+175 C; life 1000 h at 70 C limit +/-(0.5 % + 0.05 R) vs <= 0.05 % (TNPW: 0.3 % at 225 000 h) - 10x looser guarantee; no AEC-Q200 (RT is the commercial series; Yageo AT is the AEC-Q200 one) vs AEC-Q200",0.0624,C870775,13816,"maker test table IEC 60115-1 (life, damp heat, TC, STOL); not AEC-Q200; -55..+155 C",,docs/datasheets/passives-capacitors/Yageo-RT.pdf,4-8,OPTION,"no wiring change; the shortfall is the guaranteed drift: a bottom-resistor drift moves the VA/VB gain 1:1, and sim/port_design.py divider() has no drift term (RSS after cal 0.41 %, limit 1 %) - accept only with a 0.5 % drift term or periodic recalibration; saving 0.63 USD x 6 = 3.8 USD per PV-P75, x 4 = 2.5 USD per DAB-D60 vs the LCSC TNPW price (0.14 USD/part vs the BOM estimate 0.20). Susumu RG3216P-4991-B-T5 / Panasonic ERA-8AEB4991V (Japan, AEC-Q200) not found in stock on LCSC"
742792641,Wurth Elektronik,Ethernet PHY ferrite beads +3V3 -> ETH_AVD and ETH_AVD -> ETH_CT (tens of mA),CTRL-C2000,2,2,0.08,CBW160808U301T,Guangdong Fenghua Advanced Technology,CN,DROP-IN,"0603 both, 2 pins (non-polar); 300 R +/-25 % at 100 MHz = ; rated current 1.2 A vs 1.5 A (load: magnetics 22 mA + DP83822 AVD, block note 'ferrite drop < 4 mV') ; RDC 0.20 vs 0.15 R (drop < 15 mV at 70 mA); -55..+125 C incl. self-heating = ; Zmax/curve not compared",0.0116,C139179,52510,maker sheet (31 p.): -55..+125 C incl. surface rise; rated current = 40 K rise; no AEC-Q200 statement read,,docs/datasheets/magnetics/Fenghua-CBW.pdf,"1-3, (row CBW160808U301T), operating-temperature table",ADOPT,saving 0.068 USD x 2 per module vs the 0.08 USD estimate; EMC behaviour of the bead not re-checked (optional EMC part)
74437368150,Wurth Elektronik,"CTRL-C2000 LMR38020 24 V -> 5 V 2 A buck inductor 15 uH (peak 1.62 A, IHS-LIMIT >= 2.6 A)",CTRL-C2000,1,1,2.6,FXL1040-150-M,SZ Cjiang Technology,CN,FUNCTIONAL,15 uH +/-20 % = ; DCR 45 mOhm (catalog value) vs 45 max; Isat 5.6 typ / 7.0 max A at -30 % L vs WE Isat 5.55 A at -10 % / 11.8 A at -30 % (still > the LMR38020 current limit); Irms 5.6-6.5 A vs 5.7 A; -55..+125 C vs -40..+125 C; body 11.5 x 10 mm class '1040' vs WE-LHMI 1040 (different land),0.22,C475916,15895,"maker reliability table (catalog sec. 9: thermal shock 1000 cyc, 85/85 1000 h, HTS/LTS 1000 h, dL <= 10 %); not AEC-Q200",,docs/datasheets/magnetics/Cjiang-FXL.pdf,"notes after the FXL tables (Isat/Irms definitions, -55..+125 C); FXL1040 table; sec. 9 reliability",OPTION,"package field change only (footprints not assigned, D-003); re-check the LMR38020 block note (L at the current limit with the -30 % Isat definition); saving ~2.38 USD per module vs the 2.60 USD estimate"
74438356022,Wurth Elektronik,CTRL-C2000 TPS62133 / TPS62130 2.5 MHz buck inductors 2.2 uH,CTRL-C2000,2,2,0.55,FXL0530-2R2-M,SZ Cjiang Technology,CN,FUNCTIONAL,"2.2 uH +/-20 % = ; DCR 29 vs 35 mOhm max (better); Isat 5.6 typ / 7.5 max A at -30 % L vs 4.05 A at -10 % / 7.9 A at -30 %; Irms 6.4-7.0 vs 6.2 A; -55..+125 C; body 5.4 x 5.2 mm vs 4.0 x 4.0 mm (WE-MAPI 4020); WE part is AEC-Q200 grade 1, FXL is not",0.116,C177247,58343,maker reliability table (catalog sec. 9); not AEC-Q200,,docs/datasheets/magnetics/Cjiang-FXL.pdf,FXL0530 table; notes; sec. 9,OPTION,larger body; TPS6213x needs L 1-4.7 uH class and Isat above its switch current limit - check against SLVSAG7F before adoption; 4x4 mm Asian parts on LCSC are either Coilcraft (US) or Sunlord SWPA4030S2R2NT whose LCSC sheet is image-only (unreadable here); saving ~0.43 USD x 2 per module
74439346100,Wurth Elektronik,"LMR36015 400 kHz bucks 10 uH: PV-PORT/DAB60 +3V3S (<= 0.34 A), PVCELL-25 +3V3, DAB60 5 V, SYS-IO-AUX 5 V (<= 0.99 A)",DAB60 PV-PORT PVCELL-25 SYS-IO-AUX,5,4,1.6,FXL0630-100-M,SZ Cjiang Technology,CN,FUNCTIONAL,10 uH +/-20 % = ; DCR 68 vs 29.15 mOhm max (68 mW at 1 A); Isat 4.9 typ / 5.5 max A at -30 % L vs 5.05 A at -10 %; Irms 3.8-4.5 A vs 5 A; -55..+125 C vs -40..+125 C; body 7.0 x 6.6 mm vs WE-XHMI 6060,0.0811,C167223,378242,maker reliability table (catalog sec. 9); not AEC-Q200,,docs/datasheets/magnetics/Cjiang-FXL.pdf,FXL0630 table; notes; sec. 9,OPTION,"loads are <= 1 A so the margin is large; re-check Isat against the LMR36015 high-side current limit; saving ~1.52 USD x 5 (PV-P75) / x 4 (DAB-D60) vs the 1.60 USD estimate. BOM DATA ERROR found: gen/port.py 'WE_L10U' gives pkg 'SMD 4040' for 74439346100, which is the 6060 size (WE datasheet p1; gen/sys_io_aux.py says WE-XHMI 6060) - flows into PV-PORT, PVCELL-25 and DAB60 BOMs"
