key,unit_cost_usd,basis,confidence
class:mlcc_0402_x7r_10v_le1u,0.0038,"GENERIC class rule, reel price of a typical equivalent. LCSC C5448871 TCC0402X7R105K6R3AT (0402); US$0.0038 at 1500+; read 2026-10-04 via the jlcsearch mirror of LCSC, price breaks in prices.csv",high
class:mlcc_0402_x7r_16v_le100n,0.0047,"GENERIC class rule, reel price of a typical equivalent. LCSC C1525 CL05B104KO5NNNC (0402); US$0.0047 at 3000+; read 2026-10-04 via the jlcsearch mirror of LCSC, price breaks in prices.csv",high
class:mlcc_0603_c0g_50v_le100n,0.0282,"GENERIC class rule, reel price of a typical equivalent. LCSC C576818 CC0603JRNPO9BN472 (0603); US$0.0282 at 4000+; example is 4.7 nF; read 2026-10-04 via the jlcsearch mirror of LCSC, price breaks in prices.csv",high
class:mlcc_0603_c0g_50v_le1n,0.0055,"GENERIC class rule, reel price of a typical equivalent. LCSC C14665 CC0603JRNPO9BN101 (0603); US$0.0055 at 4000+; example is 100 pF; read 2026-10-04 via the jlcsearch mirror of LCSC, price breaks in prices.csv",high
class:mlcc_0603_x7r_100v_le100n,0.0111,"GENERIC class rule, reel price of a typical equivalent. LCSC C113803 CC0603KRX7R0BB104 (0603); US$0.0111 at 4000+; read 2026-10-04 via the jlcsearch mirror of LCSC, price breaks in prices.csv",high
class:mlcc_0603_x7r_16v_le100n,0.0092,"GENERIC class rule, reel price of a typical equivalent. LCSC C14663 CC0603KRX7R9BB104 (0603); US$0.0092 at 4000+; example is rated 50 V (the 16 V part is not dearer); read 2026-10-04 via the jlcsearch mirror of LCSC, price breaks in prices.csv",high
class:mlcc_0603_x7r_16v_le10u,0.0163,"GENERIC class rule, reel price of a typical equivalent. LCSC C43922 0603B225K160NT (0603); US$0.0163 at 4000+; example is 2.2 uF 16 V; read 2026-10-04 via the jlcsearch mirror of LCSC, price breaks in prices.csv",high
class:mlcc_0603_x7r_16v_le1u,0.0158,"GENERIC class rule, reel price of a typical equivalent. LCSC C59782 CL10B105KO8NNNC (0603); US$0.0158 at 4000+; example is 1 uF 16 V; read 2026-10-04 via the jlcsearch mirror of LCSC, price breaks in prices.csv",high
class:mlcc_0603_x7r_25v_le100n,0.0092,"GENERIC class rule, reel price of a typical equivalent. LCSC C14663 CC0603KRX7R9BB104 (0603); US$0.0092 at 4000+; example is rated 50 V; read 2026-10-04 via the jlcsearch mirror of LCSC, price breaks in prices.csv",high
class:mlcc_0603_x7r_25v_le1u,0.016,"GENERIC class rule, reel price of a typical equivalent. LCSC C29936 CL10B105KA8NNNC (0603); US$0.016 at 4000+; example is 1 uF 25 V; read 2026-10-04 via the jlcsearch mirror of LCSC, price breaks in prices.csv",high
class:mlcc_0603_x7r_50v_le100n,0.0092,"GENERIC class rule, reel price of a typical equivalent. LCSC C14663 CC0603KRX7R9BB104 (0603); US$0.0092 at 4000+; read 2026-10-04 via the jlcsearch mirror of LCSC, price breaks in prices.csv",high
class:mlcc_0603_x7r_50v_le1n,0.0043,"GENERIC class rule, reel price of a typical equivalent. LCSC C1588 CL10B102KB8NNNC (0603); US$0.0043 at 4000+; read 2026-10-04 via the jlcsearch mirror of LCSC, price breaks in prices.csv",high
class:mlcc_0603_x7r_50v_le1u,0.0091,"GENERIC class rule, reel price of a typical equivalent. LCSC C64705 CL10B224KB8NNNC (0603); US$0.0091 at 4000+; example is 220 nF; read 2026-10-04 via the jlcsearch mirror of LCSC, price breaks in prices.csv",high
class:mlcc_0805_c0g_50v_le100n,0.1362,"GENERIC class rule, reel price of a typical equivalent. LCSC C97946 GRM31C5C1H104JA01L (1206); US$0.1362 at 4000+; no 0805 C0G >= 10 nF in the LCSC table; example is the 1206 C0G 100 nF 50 V Murata part, price assumed equal; read 2026-10-04 via the jlcsearch mirror of LCSC, price breaks in prices.csv",low
class:mlcc_0805_x7r_10v_gt10u,0.4629,"GENERIC class rule, reel price of a typical equivalent. LCSC C907991 GRM21BZ71A226ME15L (0805); US$0.4629 at 3000+; example is 22 uF 10 V; read 2026-10-04 via the jlcsearch mirror of LCSC, price breaks in prices.csv",high
class:mlcc_0805_x7r_10v_le10u,0.0492,"GENERIC class rule, reel price of a typical equivalent. LCSC C5189822 CS2012X7R106M100NRE (0805); US$0.0492 at 3000+; example is 10 uF 10 V; read 2026-10-04 via the jlcsearch mirror of LCSC, price breaks in prices.csv",high
class:mlcc_0805_x7r_16v_le10u,0.0548,"GENERIC class rule, reel price of a typical equivalent. LCSC C3039694 CL21B106KAYQNNE (0805); US$0.0548 at 4000+; example is 10 uF 25 V; read 2026-10-04 via the jlcsearch mirror of LCSC, price breaks in prices.csv",high
class:mlcc_0805_x7r_25v_le10u,0.0184,"GENERIC class rule, reel price of a typical equivalent. LCSC C7393948 TCC0805X7R335K250FT (0805); US$0.0184 at 3000+; example is 3.3 uF 25 V; read 2026-10-04 via the jlcsearch mirror of LCSC, price breaks in prices.csv",medium
class:mlcc_0805_x7r_25v_le1u,0.0358,"GENERIC class rule, reel price of a typical equivalent. LCSC C28323 CL21B105KBFNNNE (0805); US$0.0358 at 2000+; example is 1 uF 50 V; read 2026-10-04 via the jlcsearch mirror of LCSC, price breaks in prices.csv",high
class:mlcc_0805_x7r_50v_le10u,0.0589,"GENERIC class rule, reel price of a typical equivalent. LCSC C125847 CC0805KKX7R9BB225 (0805); US$0.0589 at 3000+; example is 2.2 uF 50 V; read 2026-10-04 via the jlcsearch mirror of LCSC, price breaks in prices.csv",high
class:mlcc_0805_x7r_50v_le1u,0.0358,"GENERIC class rule, reel price of a typical equivalent. LCSC C28323 CL21B105KBFNNNE (0805); US$0.0358 at 2000+; read 2026-10-04 via the jlcsearch mirror of LCSC, price breaks in prices.csv",high
class:mlcc_1206_c0g_1kv_le1n,0.0253,"GENERIC class rule, reel price of a typical equivalent. LCSC C107173 CC1206JKNPOCBN101 (1206); US$0.0253 at 3000+; example is 100 pF 1 kV; read 2026-10-04 via the jlcsearch mirror of LCSC, price breaks in prices.csv",high
class:mlcc_1206_c0g_2kv_le1n,0.0376,"GENERIC class rule, reel price of a typical equivalent. LCSC C113876 CC1206JKNPODBN101 (1206); US$0.0376 at 3000+; nearest listed part is 100 pF 2 kV C0G 1206 (no 470 pF 2 kV in the table); read 2026-10-04 via the jlcsearch mirror of LCSC, price breaks in prices.csv",medium
class:mlcc_1206_c0g_50v_le100n,0.1362,"GENERIC class rule, reel price of a typical equivalent. LCSC C97946 GRM31C5C1H104JA01L (1206); US$0.1362 at 4000+; example is 100 nF 50 V C0G; read 2026-10-04 via the jlcsearch mirror of LCSC, price breaks in prices.csv",high
class:mlcc_1206_c0g_630v_le1n,0.0253,"GENERIC class rule, reel price of a typical equivalent. LCSC C107178 CC1206JKNPOCBN680 (1206); US$0.0253 at 3000+; example is 68 pF rated 1 kV (BOM asks 500 V); read 2026-10-04 via the jlcsearch mirror of LCSC, price breaks in prices.csv",medium
class:mlcc_1206_x7r_10v_gt10u,0.0682,"GENERIC class rule, reel price of a typical equivalent. LCSC C87996 CL31B226KPHNNNE (1206); US$0.0682 at 4000+; example is 22 uF 10 V; read 2026-10-04 via the jlcsearch mirror of LCSC, price breaks in prices.csv",high
class:mlcc_1206_x7r_16v_gt10u,0.0846,"GENERIC class rule, reel price of a typical equivalent. LCSC C5252682 CS3216X7R226K160NRI (1206); US$0.0846 at 4000+; example is 22 uF 16 V; read 2026-10-04 via the jlcsearch mirror of LCSC, price breaks in prices.csv",high
class:mlcc_1206_x7r_1kv_le100n,0.0254,"GENERIC class rule, reel price of a typical equivalent. LCSC C107198 CC1206KKX7RCBB472 (1206); US$0.0254 at 3000+; example is 4.7 nF 1 kV; read 2026-10-04 via the jlcsearch mirror of LCSC, price breaks in prices.csv",high
class:mlcc_1206_x7r_25v_gt10u,0.0846,"GENERIC class rule, reel price of a typical equivalent. LCSC C5252682 CS3216X7R226K160NRI (1206); US$0.0846 at 4000+; no 22 uF 25 V X7R in 1206 on LCSC; example is the 16 V part; read 2026-10-04 via the jlcsearch mirror of LCSC, price breaks in prices.csv",medium
class:mlcc_1206_x7r_25v_le10u,0.0471,"GENERIC class rule, reel price of a typical equivalent. LCSC C51205 CL31B475KBHNNNE (1206); US$0.0471 at 4000+; example is 4.7 uF rated 50 V (the 25 V part is not dearer); read 2026-10-04 via the jlcsearch mirror of LCSC, price breaks in prices.csv",high
class:mlcc_1206_x7r_50v_le10u,0.0471,"GENERIC class rule, reel price of a typical equivalent. LCSC C51205 CL31B475KBHNNNE (1206); US$0.0471 at 4000+; example is 4.7 uF 50 V; read 2026-10-04 via the jlcsearch mirror of LCSC, price breaks in prices.csv",high
class:mlcc_1206_x7r_50v_le1u,0.0358,"GENERIC class rule, reel price of a typical equivalent. LCSC C1848 CL31B105KBHNNNE (1206); US$0.0358 at 4000+; example is 1 uF 50 V; read 2026-10-04 via the jlcsearch mirror of LCSC, price breaks in prices.csv",high
class:mlcc_1210_c0g_25v_le1u,0.1362,"GENERIC class rule, reel price of a typical equivalent. LCSC C97946 GRM31C5C1H104JA01L (1206); US$0.1362 at 4000+; no 270 nF C0G 1210 on LCSC; price taken as 2 x the 1206 100 nF C0G example (larger value, larger case); read 2026-10-04 via the jlcsearch mirror of LCSC, price breaks in prices.csv",low
class:mlcc_1210_x7r_100v_le10u,0.0604,"GENERIC class rule, reel price of a typical equivalent. LCSC C153036 FS32X225K101EGG (1210); US$0.0604 at 5000+; example is 2.2 uF 100 V; read 2026-10-04 via the jlcsearch mirror of LCSC, price breaks in prices.csv",high
class:mlcc_1210_x7r_16v_gt10u,0.1302,"GENERIC class rule, reel price of a typical equivalent. LCSC C2918511 CS3225X7R226K250NRL (1210); US$0.1302 at 5000+; example is 22 uF 25 V; read 2026-10-04 via the jlcsearch mirror of LCSC, price breaks in prices.csv",medium
class:mlcc_1210_x7r_25v_gt10u,0.1302,"GENERIC class rule, reel price of a typical equivalent. LCSC C2918511 CS3225X7R226K250NRL (1210); US$0.1302 at 5000+; example is 22 uF 25 V; read 2026-10-04 via the jlcsearch mirror of LCSC, price breaks in prices.csv",high
class:mlcc_1210_x7r_25v_le10u,0.1341,"GENERIC class rule, reel price of a typical equivalent. LCSC C39232 CL32B106KAJNNNE (1210); US$0.1341 at 5000+; example is 10 uF 25 V; read 2026-10-04 via the jlcsearch mirror of LCSC, price breaks in prices.csv",high
class:mlcc_1210_x7r_50v_le10u,0.1486,"GENERIC class rule, reel price of a typical equivalent. LCSC C381467 FS32X106K500EGG (1210); US$0.1486 at 5000+; example is 10 uF 50 V; read 2026-10-04 via the jlcsearch mirror of LCSC, price breaks in prices.csv",high
class:mlcc_1812_x7r_2kv_le100n,0.1933,"GENERIC class rule, reel price of a typical equivalent. LCSC C5290328 FV43X223K202EGG (1812); US$0.1933 at 5000+; example is 22 nF 2 kV X7R 1812; read 2026-10-04 via the jlcsearch mirror of LCSC, price breaks in prices.csv",high
class:mlcc_2220_c0g_2kv_le100n,0.6248,"GENERIC class rule, reel price of a typical equivalent. LCSC C1021538 FV55N472J202EGG (2220); US$0.6248 at 1000+; example is 4.7 nF 2 kV (N-type = C0G) 5 %; read 2026-10-04 via the jlcsearch mirror of LCSC, price breaks in prices.csv",high
class:res_0603_0.1pct,0.0039,"GENERIC class rule, reel price of a typical equivalent. LCSC C5126214 FRH0603B1002TS (0603); US$0.0039 at 5000+; 10 kOhm 0.1 %; read 2026-10-04 via the jlcsearch mirror of LCSC, price breaks in prices.csv",high
class:res_0603_0.1pct_10ppm,0.041,"GENERIC class rule, reel price of a typical equivalent. LCSC C190610 ERA3AEB103V (0603); US$0.041 at 5000+; Panasonic ERA-3A thin film 0.1 % 25 ppm/K used as the thin-film reference (10 ppm/K parts are dearer); read 2026-10-04 via the jlcsearch mirror of LCSC, price breaks in prices.csv",medium
class:res_0603_1pct,0.003,"GENERIC class rule, reel price of a typical equivalent. LCSC C2906982 FRC0603F1002TS (0603); US$0.003 at 5000+; 10 kOhm 1 %; read 2026-10-04 via the jlcsearch mirror of LCSC, price breaks in prices.csv",high
class:res_0805_1pct,0.0015,"GENERIC class rule, reel price of a typical equivalent. LCSC C17878 0805W8F976JT5E (0805); US$0.0015 at 5000+; 97.6 Ohm 1 %; read 2026-10-04 via the jlcsearch mirror of LCSC, price breaks in prices.csv",high
class:res_1206_0.1pct,0.0502,"GENERIC class rule, reel price of a typical equivalent. LCSC C784588 RT1206BRD0720RL (1206); US$0.0502 at 5000+; Yageo RT thin film 20 Ohm 0.1 %; read 2026-10-04 via the jlcsearch mirror of LCSC, price breaks in prices.csv",high
class:res_1206_1pct,0.0023,"GENERIC class rule, reel price of a typical equivalent. LCSC C305316 WR12X1581FTL (1206); US$0.0023 at 5000+; 1.58 kOhm 1 %; read 2026-10-04 via the jlcsearch mirror of LCSC, price breaks in prices.csv",high
class:res_1206_1pct_pulse,0.0085,"GENERIC class rule, reel price of a typical equivalent. LCSC C2759213 HP06W2F100JT5E (1206); US$0.0085 at 5000+; pulse-rated 1206 thick film: Uniroyal HP06 high-power series 1 % used as the proxy; read 2026-10-04 via the jlcsearch mirror of LCSC, price breaks in prices.csv",low
class:res_2010_1pct,0.0106,"GENERIC class rule, reel price of a typical equivalent. LCSC C7467392 FRC2010F2201TS (2010); US$0.0106 at 4000+; 2.2 kOhm 1 %; read 2026-10-04 via the jlcsearch mirror of LCSC, price breaks in prices.csv",high
class:res_2512_1pct,0.0258,"GENERIC class rule, reel price of a typical equivalent. LCSC C2934076 FRC2512F4702TS (2512); US$0.0258 at 4000+; 47 kOhm 1 W 1 %; read 2026-10-04 via the jlcsearch mirror of LCSC, price breaks in prices.csv",high
class:res_2512_1pct_pulse,0.1478,"GENERIC class rule, reel price of a typical equivalent. LCSC C2991665 RPL-12K10R0FT (2512); US$0.1478 at 4000+; pulse-rated 2512 thick film: 2 W RPL-12K series used as the proxy; read 2026-10-04 via the jlcsearch mirror of LCSC, price breaks in prices.csv",low
class:res_melf0204_1pct,0.0267,"GENERIC class rule, reel price of a typical equivalent. LCSC C1855852 SMM02040C1001FB000 (MELF-0204); US$0.0267 at 5000+; Vishay-type SMM 0204 MELF 1 kOhm 1 %; read 2026-10-04 via the jlcsearch mirror of LCSC, price breaks in prices.csv",high
heatsink,27,"ESTIMATE: Al mass 4.4 kg (base 150x300x12 mm + 30 fins 60x2x300 mm = 1620 cm3 x 2.70 g/cm3; base and fin thickness are assumed, the BOM gives only 150x300 base, 30 fins x 60 mm) x 4.7 USD/kg (LME aluminium cash 3,109.5 USD/t on 2026-10-02 (westmetall.com) + about 1.6 USD/kg extrusion) = 20.5 + CNC flatness and insulated TO-247 mounting holes 4.0 + anodise 2.5; no quote",low
backflow shutter,1.5,"ESTIMATE: injection-moulded plastic gravity louvre for a 120 mm fan, 2-4 blades; no quote or listing found",low
busbar set@PV-P75,45,"ESTIMATE: 3 tinned copper busbars (A_BUS+, B_BUS+, BUS-) at 15 USD each: Made-in-China listings of custom CNC tinned T2 copper busbars at 14.8-15.7 USD each (infinite.en.made-in-china.com, 2026-10-04). Copper content about 0.73 kg (45 mm2 x 0.6 m x 3 for 135 A at 3 A/mm2) = 10.5 USD at LME copper cash 14,355 USD/t on 2026-10-02 (westmetall.com)",low
busbar set@PV-P100-110,54,"ESTIMATE: 3 tinned copper busbars at 18 USD each, sized for 180 A (60 mm2): scaled from the 15 USD listings of custom tinned copper busbars (infinite.en.made-in-china.com, 2026-10-04); copper content about 1.0 kg = 14 USD at LME copper cash 14,355 USD/t on 2026-10-02 (westmetall.com)",low
busbar set,50,ESTIMATE: fallback when no module-specific busbar row exists; 3 custom tinned copper bars at about 15-18 USD each (Made-in-China listings 2026-10-04),low
cell harness,2.4,"ESTIMATE: 40-way 2.54 mm IDC ribbon assembly: 2 IDC sockets 0.45 each + 0.4 m ribbon 0.5 + assembly 1.0; connector prices are the LCSC class, no quote",low
port harness,1.9,ESTIMATE: 26-way 2.54 mm IDC ribbon assembly: 2 IDC sockets 0.35 each + ribbon 0.35 + assembly 0.85; no quote,low
coil/feedback harness,5.5,ESTIMATE: 14-way pluggable header mate 1.8 + 0.6 m multicore with ferrules 1.5 + assembly 2.2; no quote,low
AUX-HV input harness,5,"ESTIMATE: two port taps, 1.5 kV-rated silicone wire 0.8 m 1.8 + 2 ring lugs 0.8 + 4-pole plug 0.6 + assembly 1.8; no quote",low
AUX-HV input harness@DAB-D60,3.5,"ESTIMATE: DAB feeds AUX-HV from port 1 only: one tap, 1.5 kV-rated wire 0.8 m + 2 lugs + plug + assembly; no quote",low
AUX-HV output harness,1.8,ESTIMATE: 3-way plug-to-plug harness 0.4 m: 2 plugs 0.35 each + wire 0.3 + assembly 0.8; no quote,low
J801 link plug,0.9,ESTIMATE: 4-pole 3.81 mm plug 0.45 + wire link and assembly 0.45,low
CM choke 160 A (CUSTOM),65,"ESTIMATE: nanocrystalline toroid about 0.6 kg finished core 35 + two 160 A copper windings (about 0.3 kg Cu, 4.5 USD at LME copper cash 14,355 USD/t on 2026-10-02 (westmetall.com)) + insulation, case and potting 11 + labour and test 14; no quote",low
CM choke 200 A (CUSTOM),80,"ESTIMATE: as the 160 A choke with a larger core (about 0.8 kg, 45) and 200 A windings (6 USD Cu) + 14 + 15; no quote",low
CM choke*,80,"ESTIMATE: pattern fallback for a future CM choke rating, taken as the 200 A estimate",low
DC terminal + (CUSTOM),8,ESTIMATE: M8 copper stud feed-through 200 A with insulating body and touch cover; no quote or listing found,low
DC terminal - (CUSTOM),8,ESTIMATE: as DC terminal +,low
DC terminal + (CUSTOM)@PV-P100-110,11,ESTIMATE: M10 stud feed-through 250 A with cover (PV-PORT-180); no quote,low
DC terminal - (CUSTOM)@PV-P100-110,11,"ESTIMATE: as DC terminal + (M10, 250 A)",low
L_CELL 224uH (CUSTOM),40.5,"ESTIMATE (sim/magnetics.py design_pv_inductor.json rev M2, design to cost D-044 / D-048): 2 x POCO NPC290026 16 + 0.54 kg solid round enamelled Cu 3.15 mm grade 2 at 18.0 USD/kg + insulation 4.0 + winding/test 7, +10 %; no quote",low
L_CELL*,40.5,"ESTIMATE: pattern fallback for a future L_CELL variant, taken as the 224 uH rev M2 estimate",low
AUX-HV-T1 rev M1,5.9,"ESTIMATE (sim/magnetics.py design_aux_hv_transformer.json rev M1): DMEGC EC34A DMR95 0.40 + ETD34 former 0.35 + TIW-litz 1.20 + wire/foil/tape 0.40 + case and vacuum potting 1.20 + winding 1.20 + PD/hipot test 0.60, +10 %; replaces the rev A0 row; no quote",low
2.12 uH series L (CUSTOM),86,"ESTIMATE (sim/magnetics.py design_dab_series_inductor.json rev M1; the value becomes 5.56 uH): 4 x DMEGC EE80 DMR95 + gapped centre-leg segments 38 + litz 0.05 mm 0.33 kg + housing/potting 16 + labour/test 14, +10 %; no quote",low
Transformer 11:12 (CUSTOM),186,"ESTIMATE (sim/magnetics.py design_dab_transformer.json rev M1): pair of potted units, 4 x DMEGC EE80 DMR95 (2.96 kg at 6.0 USD/kg) + litz 0.05 mm 1.39 kg at 60.0 USD/kg + housings/potting/former 32 + labour and test 36, +10 %; no quote",low
DC-block link (CUSTOM),7,"ESTIMATE: bolted tinned copper link about 20x5x150 mm = 0.13 kg Cu (1.9 at LME copper cash 14,355 USD/t on 2026-10-02 (westmetall.com)) + fabrication and plating 5",low
cold plate,120,"ESTIMATE: friction-stir-welded aluminium liquid cold plate, about 350x200 mm for two GM4 modules + PM114 transformer + series inductor, two G1/4 ports. Made-in-China FSW cold-plate listings 35-120 USD each (qiat-cnc.en.made-in-china.com, 2026-10-04); taken at the top of the range for the size and flatness; no quote",low
220R RST200 RFQ,15,"ESTIMATE: Miba RST 200 aluminium-housed power resistor (2.3-4 kJ pulse, 3 kW for 3 s, 3.5 kV insulation): no price found (Miba publishes none); taken from the 15-20 USD single-piece class of aluminium-housed 200 W wirewound resistors",low
300R RST200 RFQ,15,"ESTIMATE: Miba RST 200 aluminium-housed power resistor (2.3-4 kJ pulse, 3 kW for 3 s, 3.5 kV insulation): no price found (Miba publishes none); taken from the 15-20 USD single-piece class of aluminium-housed 200 W wirewound resistors",low
X 2.2u 1300V RFQ,4.5,"ESTIMATE: same value, voltage and pitch as KEMET C4AQUBU4220A1YJ (DigiKey Austria EUR 2.49 = USD 2.80 at qty 1, ECB 2026-10-02: 1 EUR = 1.1225 USD) plus a premium of about 60 % for the >= 4.5 kV impulse and no surge-count limit specification",low
1.1n 2kV C0G,0.55,"ESTIMATE: 2220 C0G 2 kV 1.1 nF; the nearest listed part is FV55N472J202EGG 4.7 nF 2 kV C0G 2220 at 0.62 USD per 1000+ on LCSC (C1021538), smaller value assumed slightly cheaper",low
13.6R 3W,0.25,"ESTIMATE: 2512 pulse-rated thick film 3 W; LCSC RPL-12K10R0FT 2 W 2512 1 % is 0.148 USD at 4000+ (C2991665), 3 W rating assumed at +70 %",low
47n 1.5kV C0G,5,ESTIMATE: 47 nF C0G >= 1.5 kV in 1812/2220 is a rare high-value C0G part with no LCSC listing; priced as the usual premium class of 4-6 USD each at 1k (no source read),low
3100U00031461,69,"ESTIMATE: Honeywell 3100U-series thermostat, no price for this ordering code; the same series is listed at 69.00 USD (3100U-3-1456) and 275.24 USD (3100U00031460, Master Electronics) as a single piece in web-search results 2026-10-04; the lower value taken",low
3106U,69,"ESTIMATE: Honeywell 3100U-series thermostat, no price for this ordering code; the same series is listed at 69.00 USD (3100U-3-1456) and 275.24 USD (3100U00031460, Master Electronics) as a single piece in web-search results 2026-10-04; the lower value taken",low
VK315M0P10PI31,131,"ESTIMATE: SIKA reed flow switch with factory special set point; the same series VK306M2P10PR21 is listed at about 131 USD net (TME, web-search result 2026-10-04); no quote for the special set point",low
B57703M0103A018,2.5,"ESTIMATE: TDK M703 metal-tag NTC probe 10 k, 200 mm leads; no readable price (LCSC lists the B57703M0103A047 variant, C17489554, without stock); typical list price class 2-3 USD",low
B57703M0103A019,2.8,ESTIMATE: as B57703M0103A018 with 500 mm leads,low
B72210S0300K101,0.07,ESTIMATE: TDK S10K30 varistor; the same-series B72210S0271K101 is 0.0726 USD at 500+ on LCSC (C125511),medium
G7L-2A-X DC24,12.71,"ESTIMATE: no price for the -X variant; DigiKey G7L-2A-BUBJ-CB-IN DC24 is 12.71 USD at 260+, Mouser G7L-2A-P-PV-DC24 is 10.18 USD at 260 (web-search results 2026-10-04)",low
HP10NH1GPV160,123.5,"ESTIMATE: no public price for the Mersen part; Siemens 3NE1224-4 (NH1, gPV, 160 A, 1000 V DC, same class) EUR 110.02 at Buerklin = USD 123.5 (ECB 2026-10-02: 1 EUR = 1.1225 USD), web-search result 2026-10-04; Mersen HP10J160 retails at 377.42 USD and the NH1 gBat 160 A Z1068625 at 679.71 USD in the US (not used: retail)",low
004110760,123.5,"ESTIMATE: ETI NH1 gBat 200 A 1000 V DC fuse link, no public price (ETI publishes none); taken equal to the Siemens NH1 160 A 1000 V DC gPV fuse EUR 110.02 (Buerklin, 2026-10-04)",low
004110762,150,"ESTIMATE: ETI NH2 gBat 250 A 1000 V DC fuse link, no public price; taken at 1.2 x the NH1 estimate",low
004110656,185,"ESTIMATE: ETI NH1XL gBat 200 A 1500 V DC fuse link, no public price; taken at 1.5 x the NH1 1000 V estimate for the higher voltage class",low
HP10NH2GPV200,180,"ESTIMATE: Mersen NH2 gPV 200 A 1000 V DC fuse link, no public price; taken at 1.45 x the NH1 160 A class estimate",low
59.D040,140,"ESTIMATE: Raycap ProTec T2-1500DCGU-3Y DIN-rail DC SPD, no public price found; taken at the DEHNguard 1000 V PV SPD price (EUR 172.75) scaled 0.7",low
outside:pcb_cm2_per_part,0.65,"ASSUMPTION: average board area per mounted part including routing, high-voltage clearance and mounting, 0.65 cm2 (a 100x100 mm industrial board carries about 150 parts); no layout exists (PCB layout is out of scope), so the area of each board is its mounted part count x 0.65 cm2",low
outside:pcb_usd_per_cm2,0.045,"ASSUMPTION: bare 4-layer 1.6 mm board with 1-2 oz copper at about 1000 boards a year from a Chinese fab, 0.035-0.05 USD per cm2 (price class, no quote)",low
outside:smt_placement,0.02,"ASSUMPTION: assembly cost per mounted part, average of SMT points (about 0.01) and through-hole or press-fit parts (about 0.10) at a Chinese EMS house, including paste, reflow and AOI",low
outside:assembly_fixed_per_board,4,"ASSUMPTION: stencil share, programming, ICT fixture share, wash and conformal coat per board",low
outside:enclosure@PV-P75,90,"ASSUMPTION: sheet-metal chassis, covers, air plenum, fan guards, EMC gaskets, nameplate and packaging for the 550x444x133 mm, 30 kg envelope (PV-13): about 7 kg of galvanised steel or aluminium at 4-6 USD/kg fabricated and coated = 35 + hardware, gaskets and guards 25 + packaging 20 + labels 10",low
outside:enclosure@PV-P100-110,100,ASSUMPTION: as PV-P75 with the fourth fan and larger busbar and port hardware,low
outside:enclosure@DAB-D60,110,"ASSUMPTION: chassis and covers as the PV modules plus the coolant manifold, hose barbs, drip tray and cold-plate mounting frame",low
outside:final_assembly_test@PV-P75,55,"ASSUMPTION: final assembly 2 h and functional test, hipot and burn-in 2 h at 8 USD/h = 32, test-equipment share 11, packing 12",low
outside:final_assembly_test@PV-P100-110,60,ASSUMPTION: as PV-P75 with one more cell to fit and test,low
outside:final_assembly_test@DAB-D60,70,ASSUMPTION: as the PV modules plus coolant leak and pressure test and flow calibration,low
ASDMB-25.000MHZ-XC-T,1.72,"ESTIMATE: no listing of the -XC-T option; the same Abracon ASDMB 25.000 MHz family in -LC-T is 1.7164 USD at 1000+ on LCSC (C2650748, mirror 2026-10-04)",medium
SF-2923HC30C-2,1.2,"ESTIMATE: Bourns SF-2923 30 A 60 VDC SMD fuse, no readable price (not on LCSC through the mirror); engineering estimate for a 2923 high-current SMD fuse at 1k",low
ZXTP25040DFHTA,0.52,"ESTIMATE: no listing found; the Diodes PNP ZXTP23015CFHTA (SOT-23, low VCEsat, 3-4.5 A class) is 0.5158 USD at 1000+ on LCSC (C155252, 2026-10-04)",medium
C4AQUBU4330A11J,3.9,"ESTIMATE: no readable price; KEMET C4AQUBU4220A1YJ (2.2 uF, same series and 27.5 mm pitch) is EUR 2.49 = USD 2.80 at qty 1 on DigiKey Austria (ECB 2026-10-02: 1 EUR = 1.1225 USD); 3.3 uF taken at 1.4x",low
2N7002BK,0.0367,"ESTIMATE: same device as 2N7002BK,215 (reel ordering code), 0.0367 USD at 300+ on LCSC (C282405, 2026-10-04)",medium
"BZX84-B16,215",0.0145,"ESTIMATE: no LCSC listing found for this voltage; the 2 % B-series BZX84-B12,215 is 0.0145 USD at 600+ on LCSC (C282540, 2026-10-04), same die size and package",medium
BZX84-B16,0.0145,"ESTIMATE: no LCSC listing found for this voltage; the 2 % B-series BZX84-B12,215 is 0.0145 USD at 600+ on LCSC (C282540, 2026-10-04), same die size and package",medium
BZX84-B22,0.0145,"ESTIMATE: no LCSC listing found for this voltage; the 2 % B-series BZX84-B12,215 is 0.0145 USD at 600+ on LCSC (C282540, 2026-10-04), same die size and package",medium
"BZX84-B6V8,215",0.0145,"ESTIMATE: no LCSC listing found for this voltage; the 2 % B-series BZX84-B12,215 is 0.0145 USD at 600+ on LCSC (C282540, 2026-10-04), same die size and package",medium
1720466,1.9,"ESTIMATE: Phoenix Contact PC 5/2-G-7.62 2-pos header, no price read; the same family 1720576 (PCV 5/2-G-7.62) is listed 1.71-2.96 USD at TME and 2.29-2.79 USD at Arrow (web-search result 2026-10-04)",low
1720479,2.6,"ESTIMATE: 3-pos 7.62 mm header, scaled from the 2-pos estimate (about 1.35x)",low
1803316,1.4,"ESTIMATE: 6-pos 3.81 mm header; the 4-pos 1803293 is GBP 0.684 = USD 0.90 at 100+ (Rapid Electronics UK), scaled by pole count",low
1803358,2.3,"ESTIMATE: 10-pos 3.81 mm header, scaled by pole count from the 4-pos 1803293 (GBP 0.684 at 100+, Rapid Electronics UK)",low
RS3-2415D,5.5,ESTIMATE: no readable price for the RECOM RS3-2415D 3 W regulated DC/DC module; engineering estimate at the usual 4-8 USD class for isolated 3 W modules,low
50ZLH100MEFC8X11.5,0.25,"ESTIMATE: same Rubycon ZLH series as 50ZLH1000MEFC16X25 (GBP 0.805 = USD 1.06 at 500+, RS UK); the 100 uF 8x11.5 mm part taken at about a quarter",low
0090.1001,3,"ESTIMATE: Schurter 1 A 1000 VDC gPV 10x38 mm PCB fuse, no readable price; engineering estimate for a PV-rated cartridge fuse",low
LM4040AIM3-2.5/NOPB,0.79,ESTIMATE: this legacy ordering code is not on ti.com; the same A-grade 0.1 % 2.5 V LM4040A25IDBZR is 0.79 USD at 1ku on ti.com (2026-10-04),medium
LM74800QDRRRQ1,1.3,"ESTIMATE: ti.com product page not found; the smaller LM74700QDBVRQ1 is 0.871 USD at 1ku on ti.com, the back-to-back-FET controller taken at 1.5x",low
REF3030EAIDBZR,0.6,ESTIMATE: E grade not listed on ti.com; REF3030AIDBZT is 0.60 USD and REF3030AIDBZR 0.50 USD at 1ku (ti.com 2026-10-04); the dearer taken,medium
REF3020EAIDBZR,0.45,ESTIMATE: REF3020AIDBZR is 0.378 USD at 1ku on ti.com (2026-10-04); E grade assumed +20 %,medium
REF5025EID,3.88,"ESTIMATE: E grade (0.025 %) not listed on ti.com; the dearest listed grade REF5025ID is 3.876 USD at 1ku (tube, ti.com 2026-10-04)",medium
REF5025EIDR,3.14,"ESTIMATE: E grade not listed on ti.com; REF5025IDR is 3.135 USD at 1ku (reel, ti.com 2026-10-04)",medium
CRCW251215R0FKEGHP,0.14,"ESTIMATE: Vishay CRCW251210R0FKEG (same 2512 series, 10 R) is 0.1102 USD at 500+ on LCSC (C844885); the pulse-proof HP version taken at +25 %",medium
CRHV2512AF10M0FKFB,0.55,"ESTIMATE: Vishay CRHV 2512 high-voltage chip resistor, no readable price; engineering estimate",low
IRFL214TRPbF,0.45,"ESTIMATE: Vishay IRFL214 250 V SOT-223 MOSFET, no LCSC listing found through the mirror or web search; engineering estimate",low
IRFR9214TRPbF,0.65,"ESTIMATE: Vishay IRFR9214 -250 V DPAK P-MOSFET, no LCSC listing found; engineering estimate",low
TNPV12062M00BEEA,0.8,ESTIMATE: same Vishay TNPV 1206 series as TNPV12061M00BEEA (USD 0.785 for 1-1999 pcs in a web-search result; Farnell UK GBP 0.777 at qty 1),medium
TNPV1210124KBEEA,0.8,"ESTIMATE: Vishay TNPV 1210 series; TNPV12101M00BEEA is USD 0.655 at 5000+ (Future Electronics, web-search result 2026-10-04); the 1000-piece price assumed higher",low
TNPW12064K99BEEA,0.2,"ESTIMATE: Vishay TNPW 1206 0.1 % thin film, no readable price; LCSC's Yageo thin-film 1206 0.1 % RT1206BRD0720RL is 0.0502 USD at 5000+, the Vishay part taken at about 4x",low
VS-8ETU04S-M3,1.13,"ESTIMATE: same Vishay D2PAK 8 A FRED Pt family; VS-8ETL06S-M3 is 1.1323 USD at 500+ on LCSC (C506528, 2026-10-04)",medium
C2M1000170D,17.09,"ESTIMATE: LCSC lists the part (C5713500) 'from US$17.0935' but out of stock, so no break table is readable; this single-piece figure is used as a conservative value",low
150060RS75000,0.06,"ESTIMATE: Wurth WL-SMCW 0603 red LED, no readable price; engineering estimate",low
150060VS75000,0.06,"ESTIMATE: Wurth WL-SMCW 0603 green LED, no readable price; engineering estimate",low
434121025816,0.35,"ESTIMATE: Wurth WS-TASV SMD tact switch, no readable price; engineering estimate",low
61204021621,1.45,"ESTIMATE: Wurth WR-BHD 2x20 box header; the 2x13 61202621621 is JPY 158.5 = USD 1.01 at 1 on Farnell Japan, scaled by pin count",low
691322110002,0.55,"ESTIMATE: Wurth WR-TBL 3.5 mm 2-pole pluggable header, no readable price; engineering estimate",low
691322310014,2.4,"ESTIMATE: Wurth WR-TBL 3.81 mm 14-pole pluggable header, no readable price; scaled by pole count from the 2-pole estimate",low
742792641,0.08,"ESTIMATE: Wurth WE-CBF 0603 300 ohm ferrite bead, no readable price; engineering estimate",low
74437368150,2.6,"ESTIMATE: Wurth WE-LHMI 15 uH 5.55 A; the same-series 744373965150 15 uH is DKK 21.24 (about USD 3.3) at qty 1 on Farnell Denmark (web-search result 2026-10-04), 1k price assumed lower",low
74438356022,0.55,"ESTIMATE: Wurth WE-MAPI 4020 2.2 uH, no readable price; engineering estimate",low
74439346100,1.6,"ESTIMATE: Wurth WE-XHMI 6060 10 uH 5 A, no readable price; engineering estimate",low
7461057,1.1,"ESTIMATE: Wurth REDCUBE press-fit M3 terminal 100 A, no readable price; engineering estimate",low
875115655003,0.55,"ESTIMATE: Wurth WCAP-PSLC 100 uF 35 V polymer, no readable price; engineering estimate",low
HP10NH2GPV250,190,"ESTIMATE: Mersen NH2 gPV 250 A 1000 V DC fuse link, no public price; taken at 1.55 x the NH1 160 A class estimate (Siemens 3NE1224-4 EUR 110.02 at Buerklin)",low
C4AQQEW5650A3BJ,12.03,"ESTIMATE: KEMET C4AQ 65 uF 1100 V has the same 57.5x45x65 mm case as the 45 uF 1300 V C4AQUEW5450A3BJ, which is USD 12.03 at 100+ at the broker Dasenic (web-search result 2026-10-04); same price assumed",low
TVT25751KFKG,1.2,"ESTIMATE: Thinking TVT25751 25 mm potted thermally protected varistor with monitor lead; no public price (LCSC mirror, web search 2026-10-04); plain 20 mm varistors are a few tenths of a USD at 1k, thermal link + third lead + potting taken at about +0.8 USD; no quote",low
002637115,6,ESTIMATE: ETI CH14x51 gPV 36 A 1000 V d.c. fuse link (varistor branch fuse); ETI publishes no prices; engineering estimate for a 14x51 PV cartridge at 1k; no quote,low
006710340,0.4,"ESTIMATE: ETI CH14-PCB fuse clip, no price found; engineering estimate for a plated PCB fuse clip",low
KSD301 NO 80C RFQ,0.6,"ESTIMATE: KSD301-class normally-open bimetal thermostat, 80 C, with gold / low-load contacts; generic KSD301 parts are sold at a few tenths of a USD (web listings 2026-10-04, no maker price read); no quote",low
ARHV06BTC1004A,0.25,"ESTIMATE (architect's list gen/data/costfirst_bom.csv, 0.25 USD): Viking RFQ, drop-in for Vishay TNPV12061M00BEEA 1.03 USD (alternates.csv); not on the LCSC mirror (2026-10-04). The first cost model used 0.10 USD (2x the 0.05 USD Yageo RT1206 0.1 % thin-film class); the higher figure is kept because HV thin-film resistors cost more than that class. No quote",low
ARHV13BTC1243A,0.30,"ESTIMATE (architect's list gen/data/costfirst_bom.csv, 0.30 USD): Viking RFQ, drop-in for Vishay TNPV1210124KBEEA 0.80 USD est. (alternates.csv); not on the LCSC mirror (2026-10-04). The first cost model used 0.12 USD (ARHV06 estimate + 20 % for 1210). No quote",low
HPE501/000B100-250,18,"ESTIMATE: Hongfa HPE501 size-000 aR 250 A 1000 V DC square-body fuse, no public price; taken as the cost-first BOM estimate (gen/data/costfirst_bom.csv, Chinese aR class); no quote",low
220R RFQ,4,"ESTIMATE: lean-port precharge resistor, aluminium-housed 200 W wirewound class 220 ohm (cost-first BOM row RXLG class); pulse rating to be confirmed by the RFQ; no quote",low
HFE82V-300C/1000-24-H-C5-1,57.5,"ESTIMATE: no price for the 1000 V / 24 V variant; the same HFE82V-300C is 57.50 USD at 10 in a made-in-china.com listing (indicative, prices.csv) and the 750 V / 12 V variant 63 EUR single at Melchioni; no quote",low
class:res_1210_1pct,0.05,"GENERIC class rule: 1210 1 % high-voltage thick-film chip (bleeder strings, >= 200 V working); Asian HV chip class price as in gen/data/costfirst_bom.csv (no LCSC break read for this value)",low
AUX-T1 75 W (CUSTOM),8.8,ESTIMATE (sim/magnetics.py design_aux75_transformer.json rev M1): DMEGC EC39A DMR95 + TIW-litz SELV + litz P/live + potted case + PD test; no quote,low
Gate-bias transformer*,2.18,"ESTIMATE (sim/magnetics.py design_gdrv_bias_transformer.json rev M1, D-048): DMEGC EP17 DMR44 + custom 5-section bobbin + 4 x 24 t TIW, catalogue/1k 2.18 per phase (one part with 4 secondaries); bobbin tooling about 4000 USD once; no quote",low
NTC 10k lug probe (CUSTOM),0.5,"ESTIMATE: Chinese lug-type 10 k NTC probe with double PTFE leads, made to order (EXSENSE / Shiheng class); architect's list gen/data/costfirst_bom.csv 0.50 USD (Chinese lug NTC class price); no quote",low
PAD AlN 1 mm (CUSTOM),1,"ESTIMATE: AlN ceramic insulator 15.9 x 20.9 mm + overhang, 1.0 mm: sim/out/pv_design/cell_spec.json cost_usd insulators 8.0 USD per cell for 8 pads = 1.00 USD each (Innovacera class); Al2O3 0.635 mm option about 0.25 USD; no quote",low
busbar (CUSTOM),5,"ESTIMATE: copper busbar terminal-to-board for 135 A, 15 USD per 0.6 m bar (Made-in-China custom tinned copper busbar listings 14.8-15.7 USD each, infinite.en.made-in-china.com 2026-10-04) for the 0.2 m piece: 45 mm2 x 0.2 m = 0.08 kg Cu (1.2 USD at LME copper cash 14,355 USD/t on 2026-10-02 (westmetall.com)) + forming, punching, tin plating; matches the architect's list (5.00)",low
busbar (CUSTOM)@PV-P100-110,6,ESTIMATE: as the 135 A busbar with 60 mm2 for 180 A (architect's list: qty 4 at 6.00 USD),low
harness set,2.5,"ESTIMATE: SELV supply lead, coil leads, NTC probe leads and fan leads on one harness: wire and 5 crimped plugs 1.3 + assembly 1.2 (architect's list 2.50); no quote",low
harness set@PV-P100-110,2.8,ESTIMATE: as the PV-P75 harness set with one more fan and NTC lead (architect's list 2.80),low
heatsink 24 x TO-247 (CUSTOM),24.3,"ESTIMATE: one Al extrusion of about 3.6 kg for 24 devices (R_sa <= 0.06 K/W at 400 m3/h, ARCHITECTURE-COSTFIRST section 8): 3.6 kg x 4.7 USD/kg (LME aluminium cash 3,109.5 USD/t on 2026-10-02 (westmetall.com) + about 1.6 USD/kg extrusion) = 16.9 + CNC machining 4.0 = 20.9, plus 24 TO-247 spring clips at 0.10 = 2.4 and G-779-class grease 1.0 (both are inside this BOM line); no quote",low
heatsink 32 x TO-247 (CUSTOM),31.1,"ESTIMATE: one Al extrusion of about 4.8 kg for 32 devices (R_sa <= 0.049 K/W): 4.8 kg x 4.7 USD/kg = 22.6 + machining 4.0 = 26.6, plus 32 spring clips 3.2 and grease 1.3; no quote",low
DC terminal * 135 A (CUSTOM),8,ESTIMATE: M8 copper stud feed-through 200 A with insulating body and touch cover (same estimate as the earlier 'DC terminal + (CUSTOM)'; architect's list 8.00); no quote or listing found,low
DC terminal * 180 A (CUSTOM),11,ESTIMATE: M10 stud feed-through 250 A with cover (same as the earlier PV-PORT-180 estimate); no quote,low
120 mm wire guard,0.3,ESTIMATE: stamped steel finger guard for a 120 mm fan (architect's list 0.30); no listing read,low
PA66 standoff,0.08,ESTIMATE: insulating PA66 board standoff (architect's list 0.08); no listing read,low
N-C-644025,10.9,"ESTIMATE (sim/magnetics.py design_port_cm_choke.json rev M2, D-048): cased flat-mu nanocrystalline ring, 0.27 kg at 20 USD/kg 6.93 + case/insulation 3.5 + labour 1.0, +10 % = 10.9 per ring (one per port); no quote (Yunlu publishes no price)",low
SG2M040170HJ,4.07,"ESTIMATE (sim/out/pv_design/cell_spec.json device_primary.price_source; architect's list 4.07): Sichain RFQ pending, not on LCSC; scaled from SG2M020170HJ 9.74 USD (LCSC, 90+ break, prices.csv) by (20/40)^1.26 = 0.417; the P3M17040K4 (PN Junction, 1700 V 40 mOhm) is 34.18 USD at 1000+ on LCSC for comparison; no qualification statement from Sichain (D-043)",low
IV2Q171R0D7Z,2.5,"ESTIMATE (sim/out/aux_hv_design/aux75_block_cost.csv; architect's list 2.50): InventChip 1700 V 1 Ohm SiC MOSFET, not on LCSC, no public price; die about 1/20 of the SG2M020170HJ (9.74 USD)",low
FCSA3DS456K050H8F9DE3,5.4,"ESTIMATE (architect's list 5.40): Jianghai CBB-type 45 uF 1300 VDC, no Chinese price found; Faratronic C3D1X505KB00C00 0.557 USD scaled by 12.5/19 cm3 steps to this case, +10 %; KEMET C4AQUEW5450A3BJ is 10.87 USD at the broker Dasenic (500+) for the same electrical class",low
FCSA3DS225K050IC90BE3,0.45,"ESTIMATE (architect's list 0.45): Jianghai 2.2 uF 1300 VDC film, 12.5/19 cm3 x Faratronic 0.557 USD + 10 %; KEMET C4AQUBU4220A1YJ is EUR 2.49 at qty 1 (DigiKey Austria)",low
FCSA3DS335K050ID90BE3,1.5,"ESTIMATE (sim/out/aux_hv_design/aux75_block_cost.csv): Jianghai 3.3 uF 1300 VDC film (input surge absorber), scaled from the 2.2 uF estimate",low
STK-HO/A 75,5,"ESTIMATE (architect's list, STK-HO/A 130 RFQ estimate 5.00; the 75 A version assumed equal): Sinomags open-loop sensor, no public price (sim/data/asia_ics.md); about 1/5 of the LEM HOB 130-P (26.77 USD at Mouser SG)",low
PCV1HVF101MB12FV-WE3,0.3,"ESTIMATE (sim/out/aux_hv_design/aux75_block_cost.csv 0.30): Jianghai polymer 100 uF 50 V, not in the mirror; the 35 V sibling PCR1VPF101MF08LL25WP is 0.18 USD at 1000+ on LCSC (C2918318)",low
35ZLH1500MEFC12.5X30,0.27,"ESTIMATE: Rubycon 1500 uF 35 V, this can size not in the mirror; the same value and series in 16x20 mm, 35ZLH1500MEFC16X20, is 0.2734 USD at 1000+ on LCSC (C432340, stock 9)",medium
US1MH,0.0326,"ESTIMATE: Taiwan Semiconductor US1MH (SMA, 1 kV, 75 ns): LCSC lists it from 0.0326 USD (C17442259) but out of stock, so no break table; web-search result 2026-10-04",medium
"BZX84-B20,215",0.0194,"ESTIMATE: no break table for this voltage in the mirror (LCSC lists it, 840 pcs, 0.0428 at qty 1); the same 2 % B-series BZX84-B18,215 is 0.0194 USD at 600+ on LCSC (C208501)",medium
"BZX84-A18,215",0.5821,"ESTIMATE: LCSC lists the 1 % A-series BZX84-A18,215 from 0.5821 USD (web-search result 2026-10-04, single piece); sim/out/aux_hv_design/aux75_block_cost.csv used 0.03",low
CA-IS3820LG,0.45,"ESTIMATE (architect's list, CA-IS3821LW 0.45): Chipanalog reinforced 2-channel digital isolator, not found on LCSC through the mirror or by web search; sibling CA-IS3721LS is listed on LCSC (C5121216)",low
CA-IS3821LG,0.45,ESTIMATE: as CA-IS3820LG (architect's list 0.45),low
FXL0530-220-M,0.0698,ESTIMATE: not in the mirror; the same-series FXL0630-220-M (22 uH) is 0.0698 USD at 500-4499 on LCSC (C177244),medium
FXL0840-330-M,0.1491,"ESTIMATE: not in the mirror; the same-series FXL1040-330-M (33 uH, larger case) is 0.1491 USD at 500-4999 on LCSC (C475918)",medium
X1G0041710033,0.338,ESTIMATE: Epson SG-210STF 25 MHz ordering code not in the mirror; the same package and series X1G0041710035 is 0.3384 USD at 500-999 on LCSC (C70561),medium
X6521FV-2x32-C85D32,1.049,"ESTIMATE: 2x32 socket not in the mirror; the 2x22 X6521FV-2x22-C85D32 is 0.7208 USD at 1000+ on LCSC (C2883995), scaled by 32/22 pins",low
X9555WV-2x32-6TV01,0.416,"ESTIMATE: 2x32 shrouded header not in the mirror; the 2x20 X9555WV-2X20-6TV01 is 0.26 USD at 500 on LCSC (prices.csv), scaled by 32/20 pins",low
AC10000002009JAB00,0.93,"ESTIMATE (sim/out/aux_hv_design/aux75_block_cost.csv): Vishay 20 R 10 W cemented wirewound; the 22 R sibling AC10000002209JAB00 is 0.932 USD (Octopart aggregator, prices.csv)",medium
class:mlcc_1210_x7r_16v_le10u,0.1341,"GENERIC class rule, reel price of a typical equivalent. LCSC C39232 CL32B106KAJNNNE (1210, 10 uF rated 25 V; the 16 V part is not dearer); US$0.1341 at 5000+; read 2026-10-04 via the jlcsearch mirror of LCSC, price breaks in prices.csv",medium
class:mlcc_0603_x7r_10v_le1u,0.0158,"GENERIC class rule, reel price of a typical equivalent. LCSC C59782 CL10B105KO8NNNC (0603, 1 uF 16 V); US$0.0158 at 4000+; read 2026-10-04 via the jlcsearch mirror of LCSC, price breaks in prices.csv",high
class:mlcc_0603_x7r_10v_le10u,0.0163,"GENERIC class rule, reel price of a typical equivalent. LCSC C43922 0603B225K160NT (0603, 2.2 uF 16 V); US$0.0163 at 4000+; read 2026-10-04 via the jlcsearch mirror of LCSC, price breaks in prices.csv",high
class:mlcc_1206_x7r_25v_le1u,0.0358,"GENERIC class rule, reel price of a typical equivalent. LCSC C1848 CL31B105KBHNNNE (1206, 1 uF 50 V); US$0.0358 at 4000+; read 2026-10-04 via the jlcsearch mirror of LCSC, price breaks in prices.csv",high
outside:enclosure@PV-P75-FULL,90,ASSUMPTION: as the earlier PV-P75 row (old platform),low
outside:enclosure@PV-P100-110-FULL,100,ASSUMPTION: as the earlier PV-P100-110 row (old platform),low
outside:enclosure@DAB-D60-FULL,110,ASSUMPTION: as the earlier DAB-D60 row (old platform),low
outside:final_assembly_test@PV-P75-FULL,55,ASSUMPTION: as the earlier PV-P75 row (old platform),low
outside:final_assembly_test@PV-P100-110-FULL,60,ASSUMPTION: as the earlier PV-P100-110 row (old platform),low
outside:final_assembly_test@DAB-D60-FULL,70,ASSUMPTION: as the earlier DAB-D60 row (old platform),low
class:mlcc_1206_x7r_16v_le10u,0.1024,"GENERIC class rule, reel price of a typical equivalent. LCSC C47971 CL31B106KOHNNNE (1206, 10 uF 16 V X7R); US$0.1024 at 4000+; read 2026-10-04 via the jlcsearch mirror of LCSC, price breaks in prices.csv",high
outside:pcb_mult:PV-PWR,3,"ASSUMPTION: the power board is a 6-layer heavy-copper (>= 3 oz) board that costs about 3x per cm2 of a 4-layer 1 oz board (ARCHITECTURE-COSTFIRST.md, 'Two boards, not one'; the architect's own ratio, no fab quote); the 0.045 USD/cm2 of outside:pcb_usd_per_cm2 is the 4-layer price",low
outside:pcb_mult:PV-PWR-4,3,"ASSUMPTION: the power board is a 6-layer heavy-copper (>= 3 oz) board that costs about 3x per cm2 of a 4-layer 1 oz board (ARCHITECTURE-COSTFIRST.md, 'Two boards, not one'; the architect's own ratio, no fab quote); the 0.045 USD/cm2 of outside:pcb_usd_per_cm2 is the 4-layer price",low
C3D1U147+M0A,4.9,"ESTIMATE (sim/out/pcs_design/pcs_costed_bom.csv, the inverter study's DC-link film row): LCSC C3D1X505 0.557 USD @1000 scaled by can volume (architect basis); no quote",low
HCHVF1000-400A-38R,25.0,ESTIMATE (sim/out/pcs_design/pcs_costed_bom.csv 'DC fuse aR 400 A 1000 V DC'): no public price; marketplace anchor 1000 V 350 A semiconductor fuse 25 USD (sim/data/asia_modules.md sec. 7),low
X9555WV-2x08-6TV01,0.104,"ESTIMATE: 2x8 shrouded header not in the mirror; the 2x20 X9555WV-2X20-6TV01 is 0.26 USD at 500 on LCSC (prices.csv), scaled by 8/20 pins",low
ZXTN25040DFHTA,0.52,"ESTIMATE: NPN complement of ZXTP25040DFHTA, taken at that part's estimate (no listing read)",low
L1 120u (CUSTOM)@PCS-P125,126.6,"ESTIMATE (sim/out/pcs_design/pcs_costed_bom.csv LCL L1 row; sim/magnetics.py design_pcs_l1.json cost model, core / conductor USD per kg + labour, catalogue 1k): no quote",low
L2 6u (CUSTOM)@PCS-P125,38.6,ESTIMATE (sim/out/pcs_design/pcs_costed_bom.csv LCL L2 row; sim/magnetics.py design_pcs_l2.json cost model): no quote,low
CM choke (CUSTOM)@PCS-P125,24.8,"ESTIMATE (sim/out/pcs_design/pcs_costed_bom.csv AC CM choke row 26.3 USD less its 3 x Y1 at 0.5, which this BOM prices as VY1 lines; = sim/magnetics.py design_pcs_cm_choke.json 24.8): no quote",low
25u 450VAC RFQ@PCS-P125,3.0,"RFQ ESTIMATE (sim/out/pcs_design/pcs_costed_bom.csv C_f row: 0.12 USD/uF, architect): 25 uF 450 V AC MKP, no quote",low
10u 450VAC RFQ@PCS-P125,1.5,RFQ ESTIMATE: half of the sim/out/pcs_design/pcs_costed_bom.csv damping-branch row (3.0 USD per phase for R_d + C_d),low
2R 25W RFQ@PCS-P125,1.5,RFQ ESTIMATE: half of the sim/out/pcs_design/pcs_costed_bom.csv damping-branch row (3.0 USD per phase for R_d + C_d),low
CS +/-500A RFQ@PCS-P125,6.0,"RFQ ESTIMATE (sim/out/pcs_design/pcs_costed_bom.csv phase-current sensor row, architect, range raised for the 450 A trip): no part with a data sheet found",low
RCM type B RFQ@PCS-P125,10.0,RFQ ESTIMATE (sim/out/pcs_design/pcs_costed_bom.csv residual-current sensor row): no data sheet on file (R-10),low
K1 AC-1 250A RFQ@PCS-P125,45.0,"RFQ ESTIMATE (sim/out/pcs_design/pcs_costed_bom.csv AC contactor row: CHINT NXC-225 / Delixi CJX2s-185 class, no OEM price, R-06)",low
K2 AC-1 250A RFQ@PCS-P125,45.0,"RFQ ESTIMATE (sim/out/pcs_design/pcs_costed_bom.csv AC contactor row, as K1)",low
heatsink section a (CUSTOM)@PCS-P125,23.8,"ESTIMATE (sim/out/pcs_design/pcs_costed_bom.csv THERMAL row: one 150 x 400 mm section per leg, 4.0 kg at 4.7 USD/kg + 5 USD machining, architect basis)",low
heatsink section b (CUSTOM)@PCS-P125,23.8,"ESTIMATE (sim/out/pcs_design/pcs_costed_bom.csv THERMAL row: one 150 x 400 mm section per leg, 4.0 kg at 4.7 USD/kg + 5 USD machining, architect basis)",low
heatsink section c (CUSTOM)@PCS-P125,23.8,"ESTIMATE (sim/out/pcs_design/pcs_costed_bom.csv THERMAL row: one 150 x 400 mm section per leg, 4.0 kg at 4.7 USD/kg + 5 USD machining, architect basis)",low
PAD Al2O3 0.635 mm (CUSTOM)@PCS-P125,0.4,"ESTIMATE (sim/out/pcs_design/pcs_costed_bom.csv POWER row: Al2O3 TO-247 pad + clip + grease, costfirst_pcs_bom.csv)",low
AC terminal L1 250 A (CUSTOM)@PCS-P125,13.0,ESTIMATE: a third of the sim/out/pcs_design/pcs_costed_bom.csv row 'AC terminals (L1-L3 + PE) + busbars' 39 USD (architect),low
AC terminal L2 250 A (CUSTOM)@PCS-P125,13.0,ESTIMATE: a third of the sim/out/pcs_design/pcs_costed_bom.csv row 'AC terminals (L1-L3 + PE) + busbars' 39 USD (architect),low
AC terminal L3 250 A (CUSTOM)@PCS-P125,13.0,ESTIMATE: a third of the sim/out/pcs_design/pcs_costed_bom.csv row 'AC terminals (L1-L3 + PE) + busbars' 39 USD (architect),low
DC terminal B+ 250 A (CUSTOM)@PCS-P125,15.5,ESTIMATE: half of the sim/out/pcs_design/pcs_costed_bom.csv row 'DC terminals M8 + busbars' 31 USD (cost_estimates basis),low
DC terminal B- 250 A (CUSTOM)@PCS-P125,15.5,ESTIMATE: half of the sim/out/pcs_design/pcs_costed_bom.csv row 'DC terminals M8 + busbars' 31 USD (cost_estimates basis),low
outside:enclosure@PCS-P125,120.0,"ASSUMPTION: sheet-metal chassis, covers, air plenum and packaging for the 650 x 700 x 220 mm, 5U envelope of the benchmark PMA0125 (ARCHITECTURE-PCS section 7), scaled from the PV modules' 90-100 USD",low
outside:final_assembly_test@PCS-P125,70.0,"ASSUMPTION: as the PV modules plus the AC port test (relay test, RCM test, grid sync)",low
X6521FV-2x08-C85D32,0.26,"ESTIMATE: 2x8 socket not in the mirror; the 2x22 X6521FV-2x22-C85D32 is 0.7208 USD at 1000+ on LCSC (C2883995), scaled by 8/22 pins",low
