area,item,megarevo_published,ours,verdict,action
scope,Items compared,"Modules only, as the owner instructed: the PMA inverter modules (50-60 / 80-105 / 125-135 kW) and the PMD-75-G3 DC/DC module. Discarded as not in our plans: PMAE / PMDE cabinets, ESSF outdoor cabinets, ESSP containers, MEGA and HEGA 1500 V PCS, the integrated MPS / MPSM hybrids (their MPS MPPT module is a PV-input-only variant sold only inside the MPS), REVO residential units, HMI touch panels, racks, hot-plug drawer connectors and other mechanics (no mechanics in scope, D-003)","PV-P75 / PV-P100 / PV-P110 (DC/DC), PCS-P125 (AC, three-wire) and PCS-P125-4W (AC, four-wire, D-074), DAB-D60 (isolated DC/DC, optional track)",-,register limited to module-level items (D-073)
direction,DC/DC module power flow,"ds PMD-75-G3 V1.0 + PMD web page: 'World's First Bidirectional Buck-Boost Capability'; 250-1000 V and 135 A on both ports, 550-950 V full load","PV-P75: bidirectional four-switch buck-boost, same ports, same full-load window (module_spec, envelope.csv)","match (both bidirectional); unidirectional PV use is a firmware mode (port A current >= 0 with an array, PV-PWR port A declaration)",none; recorded (D-073)
direction,Inverter module power flow,"ds PMA0125/0135 V1.0: max DC current +/-250 A, continuous +/-230 A; charge/discharge switching time < 20 ms","PCS-P125 / PCS-P125-4W: bidirectional +/-250 A port (HFE82V-300C, 400 A aR fuse per pole); charge <-> discharge transfer <= 15.7 ms at SCR 5 (10 ms reference ramp ASSUMED + 5.7 ms current-loop settling; 10.4 ms on a stiff grid), pcs_spec firmware row and sim/out/pcs_control/report.md",match (calculated: <= 15.7 ms against < 20 ms),closed: transfer time in the firmware rows (D-074)
DC/DC,"Published table, 34 rows (power, windows, currents, protections, efficiency, environment, communication, accuracy, standby)",ds PMD-75-G3 V1.0 + PMD web page,"row-by-row in sim/out/compare_megarevo/report.md: 2 better, 24 meets, 3 below (fan rated to -10 C, altitude derating, standby 22.4 W with both contactors held at 1000 V), 5 not assessed (mechanics), 0 pending",tracked by sim/compare_megarevo.py,none here; the BELOW rows carry their remedies in docs/guide/12
DC/DC,Protection response,ds PMD-75-G3 V1.0 + PMD web page: 'ultra-fast protection response <= 3 ms',"hardware trips in microseconds: DESAT gates off 0.42 us after detection, phase over-current 1.52 us, over-voltage 47 us (cell_spec); firmware limits at the control rate",we exceed (calculated),none
DC/DC,Sampling accuracy,ds PMD-75-G3 V1.0 + PMD web page: current / voltage sampling error < 1 %; voltage and current accuracy < 1 % at 100 % Pn,"<= 0.5 % voltage, <= 0.8 % current at 135 A after two-point calibration (design budget, compare report)",match (calculated),none
DC/DC,MPPT accuracy,ds PMD-75-G3 V1.0 + PMD web page: tracking accuracy >= 99.9 %; 'MPPT efficiency up to 99.99 %',"99.95 % static (simulated, control_spec)",match (simulated),none
DC/DC,Operating modes,"ds PMA0125/0135 V1.0 + PMA web page + catalogue 2026 p.62: PQ / CV, small-power diesel generator connection, LVRT / HVRT / AIP, active power quality control, on-grid split-phase power control, parallel operation of modules. PMA manual (MANUAL-NOTES.md pp. 10-11, 30-31): documented modes are on-grid charge / discharge in CV, CC and CP, standby and off-grid constant V/f only; no genset, LVRT / HVRT, anti-islanding, per-phase or droop parameters are published","MPPT, battery CC / CV limits from the BMS, buck / boost / pass-through transitions, reverse (bus to battery) charging, curtailment, insulation test, standby (pv_control firmware requirements); BMS over isolated CAN / RS-485 (PV-14); port roles declared on the control board (D-075): module bus = CAN, BMS = RS-485 or CAN, EMS = Ethernet (option on PV-CTL) or RS-485",match in substance; their nine modes are not enumerated publicly,closed: the inverter's mode rows are pcs_spec's firmware hand-over (D-074); port roles in the control-board design check (D-075)
DC/DC,Altitude,"ds PMD-75-G3 V1.0 + PMD web page: '> 3000 m derating' (full rating to 3,000 m)","2,000 m declared: barrier B1 clearance 8.0 mm (9.2 / 10.4 / 11.9 mm needed at 3,000 / 4,000 / 5,000 m); thermal model PV-P75 86 / 79 / 70 % at 2,000 / 3,000 / 4,000 m and 45 C inlet (module_spec). Option specified (D-075): the 15 mm (WW) isolator set (+1.53 USD consolidated, +3.02 USD part for part, per board) with AUX-T1 >= 9.2 mm and 10.4 kV sea-level impulse and the SELV connectors >= 9.2 mm from live copper, for 3,000 m full / 5,000 m derated; a port-SPD credit would carry the 8 mm parts to 4,000 m but needs an effective protection level <= 4.0 kV, which the drawn SPD does not give (PV-CTL design check)","GAP: 2,000 m declared; the high-altitude option is specified, not fitted","option recorded with its parts and cost (D-075), fitted on demand; the SPD route needs the standard's text (risk B1); the thermal derating stays (D-054 / D-056)"
DC/DC,Family,"ds PMA0125/0135 V1.0 + PMA web page: AC modules 50-60 (3U), 80-105 (3U) and 125-135 kW (5U), 'independent and parallel operation', 'dynamic expansion'. PMA manual (MANUAL-NOTES.md pp. 13, 17-21): up to 14 modules in parallel, 4-bit DIP address, host and last module terminated, module CAN plus three synchronisation pairs (high-frequency carrier and low-frequency sync, needed only on a shared battery); sharing method unpublished","DC/DC: three module sizes (PV-P75, PV-P100, PV-P110; one design with three or four phases) against the one PMD-75-G3; the AC family and paralleling are the PCS row 'Family' (one AC module size, parallel operation over the module CAN as firmware rows, D-074)",we exceed on DC/DC sizes (three against one),none
PCS,Grid type,"ds PMA0125/0135 V1.0: '3W+PE or 3W+N+PE' in one module; off-grid 100 % three-phase unbalanced, 'unbalanced and half-wave loads' (PMA web page). PMA manual (MANUAL-NOTES.md pp. 10, 12, 15): the N terminal is the DC-link midpoint (fig. 3-8, no contactor or fuse), left open on a single module, tied between modules on one battery, never tied to the grid neutral in the documented 3W+PE systems; the 650 V minimum of the 3W+N+PE mode is 2 x 230 V x sqrt 2 (calculated), i.e. a split-capacitor midpoint neutral","both builds drawn (D-074): PCS-P125 = PCS-PWR + PCS-CTL-3W (3W+PE); PCS-P125-4W = PCS-PWR-4W + PCS-CTL-4W (3W+N+PE) with a fourth two-level leg, L_N = the L1 part, a neutral C_f set to the DC midpoint, 4-pole AC contactors (RFQ), a 250 A N terminal. A midpoint neutral on our 409.4 uF film link would put 579 V peak of 50 Hz ripple on each half at rated neutral current; holding it to 5 % (ASSUMED) needs 43.2 mF, about 2,337 / 1,376 USD against the fourth leg's 300 / 243 USD (catalogue / 5k, calculated). 100 % unbalance = one phase at its own tier (45.7 kW continuous per phase); half-wave loads <= 280 A peak per phase (4W design check)","match: closed by a fourth leg, not a midpoint neutral","closed (D-074); the N-leg loop studied (D-077: the off-grid cascade in every mode, worst PM 57 deg, GM 8.7 dB)"
PCS,DC window,ds PMA0125/0135 V1.0: 590-950 V (600-900 V full load) 3W+PE; 650-950 V (680-900 V full load) 3W+N+PE,"3W+PE: 624-950 V operating / 643-900 V full load at 400 V (operating map); 3W+N+PE: mode B (zero sequence on all four legs) 624-950 / 643-900 V, mode A (N leg at 50 %) 724-950 / 746-900 V (PCS-PWR-4W design check)",BELOW on 3W+PE (624 / 643 V against 590 / 600 V); met on 3W+N+PE in mode B (624 / 643 V against 650 / 680 V); AC-02's 600 V figure stays the owner's open requirement item,closed: both windows printed per grid type (D-074); the PCS comparison rates the two DC-window rows BELOW (the worse window)
PCS,AC ratings on-grid,"ds PMA0125/0135 V1.0: 125 kW rated, 150 kVA max, 137 kVA max continuous; 180 A rated, 216 A max, 198 A max continuous; THDi < 3 %; PF > 0.99 adjustable -1..+1; 400 V +/-15 %; 50 / 60 +/-5 Hz. PMA manual (MANUAL-NOTES.md pp. 38, 41-42): 50 +/-2 / 60 +/-2 Hz, PF -1..+1",124.7 kVA rated / 137.2 kVA at 110 % / 149.6 kVA for 2 min (D-074 declarations); 180 A / 198 A continuous / 216 A for 2 min / 259 A for 200 ms (pcs_spec); THDi <= 2.17 % (control-study estimate); PF -1..+1 at full current,"match (their 150 kVA 'max' is the 216 A two-minute tier: 216 A x 400 V x sqrt(3) = 149.6 kVA, calculated)",closed: kVA tiers declared (D-074)
PCS,Off-grid quality,"ds PMA0125/0135 V1.0: voltage accuracy +/-1 %; frequency 50 / 60 +/-0.2 %; THDu < 3 % linear; DC voltage component < 0.5 % Un; output voltage imbalance +/-1 %, 120 +/-1 deg; 100 % unbalance; L-N 220/230/240, L-L 380/400/415 V","VF control study (D-077 / D-079, simulated on the averaged model): voltage accuracy 0.59 % worst-case sum (0.33 % RSS); frequency +/-60 ppm (oscillator + ageing ASSUMED); THDu <= 1.39 % three-wire / 2.11 % four-wire on a linear balanced load with the assembly tolerances (analytical, not switched); DC component 0.56 V (0.24 % Un) against 1.15 V; imbalance +/-0.41 % / 120 +/-0.40 deg (3W), +/-0.76 % / +/-0.052 deg (4W); load steps bounded by the modulation limit, the DC link and the 380 A clamp with load-current feed-forward and an over-voltage deadbeat: 0.43 pu dip / 1.77 pu overshoot at the worst corner, inside the declared envelope (<= 1.9 pu to 0.5 ms, 1.3 pu to 3 ms, 1.1 pu to 20 ms); 100 % unbalance on the four-wire build",match (simulated / calculated; bench and a switched model are the gate),"closed (firmware rows D-074, control study D-077); the DC-component measurement pairing (VG_x and VGN on one ADC module, or nulling at no load) stays open"
PCS,Overload,ds PMA0125/0135 V1.0: <= 110 % continuous; 110-120 % 2 min; > 120 % 200 ms,"198 A continuous / 216 A for 2 min / 259 A for 200 ms (pcs_spec); worst Tj 137 C (2 min) / 162 C (200 ms) at 45 C inlet against 165 / 175 C; at 60 C inlet the 200 ms tier derates to 246 A; the tiers assume devices with R_DS(on) <= 40 mOhm at 25 C (acceptance rule D-078: a lot above it runs the 200 ms and 2 min tiers at 209 A, a firmware parameter)",match,none
PCS,Stabilization accuracy,ds PMA0125/0135 V1.0: DC voltage +/-1 %; DC current +/-2 % of rated,"DC voltage RSS 0.74 % / worst-case sum 1.54 %; DC current RSS 0.95 % / worst-case sum 2.19 % (worst of 600 / 750 / 950 V; re-zero at cold start, 30 K swing ASSUMED; PCS-PWR design check)",match by RSS only (calculated); the worst-case sum is above the published +/-1 % / +/-2 %,closed: statement printed in the PCS checks (D-074); the cheapest guarantee would be VMID on the spare analog pin and a trim against the BMS pack voltage (firmware)
PCS,Operating modes,"ds PMA0125/0135 V1.0 + PMA web page + catalogue 2026 p.62: PQ / CV, small-power diesel generator connection, LVRT / HVRT / AIP, active power quality control, on-grid split-phase power control, parallel operation of modules","pcs_spec firmware hand-over, 30 rows (D-074): PQ / CP / CC / CV / VF / generator-following / standby; LVRT / HVRT profiles (FROM MEMORY), anti-islanding, per-phase power (4W), the N leg, charge <-> discharge <= 15.7 ms, grid-to-island about 150 ms (detection and contactor drop-out ASSUMED), parallel operation over the module CAN; ride-through state with a 380 A per-sample clamp and a stiff-grid derating rule (D-077)",match (specification; rows that restate competitor claims without published parameters are labelled ASSUMED),"closed (D-074, D-077); port roles (D-075)"
PCS,AC-side start-up,"not stated in the datasheet; PMA manual (MANUAL-NOTES.md pp. 10, 24, 28, 32): silent on the control-power source, precharge sequence and black start - only a soft-start block in the DC path and 'close the AC and DC breakers, then log in'; the catalogue systems start from the grid auxiliary","drawn on both builds (D-074): grid tap on the grid side of the contactors, 20 ohm AC10 + Conquer ABB-A 1.60 fuse per phase into 6 x BYG10Y and a diode-OR into the aux (416-651 V DC at 340-460 V AC); AC precharge G7L-2A-X + 220 ohm on PWM16 (K_ACPRE): within 10 V after 0.94 / 0.99 s at 400 V (3W / 4W); grid-start sequence with self-test, relay test and one coil at a time; the insulation monitor's reading valid only with the AC side de-energised; label 'two sources - isolate AC and DC; wait 15 min'; 24.80 / 20.57 USD per module","closed (risk F8); the competitor's documents publish no start-up path, so the choice is ours",closed (D-074)
PCS,Communication,"ds PMA0125/0135 V1.0: Ethernet / RS485 / CAN; BMS RS485 / CAN; EMS RS485 / Ethernet; HMI 10.1 inch / local web / upper computer optional. PMA manual (MANUAL-NOTES.md pp. 13-14, 18-19, 28-29, 33): BMS CAN + BMS RS-485 + BAT_FAULT on one socket, EMS RS-485, two Ethernet ports, module CAN, EPO pair, HMI CAN with a 12 V HMI supply, three sync pairs, PC-tool RS-485 at 9600-8-N-1; Modbus serial and TCP port 502 read from screenshots; no CAN bit rate or register map published","CAN + RS-485 + Ethernet across B1 (D-075): WCH CH9121T UART-to-Ethernet bridge (Modbus TCP, port 502) through a CA-IS3842HW, HanRun HR913550AE RJ45 - fitted on PCS-CTL, footprints only on PV-CTL; port roles: module bus = CAN, BMS = RS-485 or CAN (when not paralleled), EMS = Ethernet or RS-485, service RS-485 at 9600-8-N-1; one Ethernet port, no hardware sync pair; the HMI panel and its 12 V supply are a cabinet accessory (discarded)","match (Ethernet / RS-485 / CAN); not matched: a second Ethernet port, a web server, a hardware sync pair, the 12 V HMI supply",closed (D-075)
PCS,"Fault recorder, remote upgrade","ds PMA0125/0135 V1.0: 'remote upgrade, integrated local fault recorders'. PMA manual (MANUAL-NOTES.md pp. 10, 13, 29, 33): recorder = 100 ms before and after the trigger, 32 channels, several groups stored continuously (count, sample rate and retrieval unpublished); the documented upgrade route is local (PC tool, monitor button); the cloud path carries parameters only","GD25Q32E 4 MB recorder flash in place of the EEPROM (D-075): 71 events of 32 channels x 200 ms at 3.6 kHz beside two firmware images and the calibration (the RAM-limited pre-trigger buffer, 24 kB ASSUMED; 8 events at the full control rate); authenticated dual-image upgrade over Ethernet / RS-485 / CAN, in SERVICE only (R-WS-8/9)",match (calculated sizing; no firmware written),"closed (D-075; firmware rows of pcs_spec, D-074)"
PCS,Protection functions,"PMA web page + ds PMA0125/0135 V1.0: ground-fault monitoring, residual current monitoring, AC relay automatic checking, 'SPD ISO GFCI monitoring', 'fault isolation and fast breaking'. PMA manual (MANUAL-NOTES.md pp. 36-37, 39, 43): 19 alarm entries incl. battery reverse connection, SPD failure, DC and AC relay failure, fan failure, EMS communication failure, DC-bus imbalance; no thresholds or times; DC short circuit = fuses + contactor, AC = current control","relay test VG against VC per phase (and VGN against VA for the N pole); type-B RCM (RFQ, risk F7); insulation monitor on the DC side, its reading valid only with the AC side de-energised (D-074); DC varistor network monitored (MOV_OK); the AC varistors are not monitored (MON leads on test points, risk F10); fan supply monitoring; discrete trip layer with thresholds and times printed (D-050, D-067)","match, except the AC SPD-failure alarm (AC varistors not monitored) and the RCM sensor, still RFQ","open: AC SPD monitoring (risk F10), RCM data sheet (risk F7)"
PCS,"Topology, devices, efficiency","PMA web page: three-level SVPWM, midpoint balance with DC-component adjustment, 'well established industrial IGBT power modules'; ds PMA0125/0135 V1.0: 98.5 % max efficiency; noise < 70 dB","two-level, 36 x 1700 V SiC at 32 kHz (48 on the four-wire build); 98.98 % peak calculated after the turn-off gate resistor of D-078 (98.75 % at the best point inside the 3W+PE window; 98.29 % at 125 kW / 750 V); filter 39 % of the study's BOM (pcs_tradeoff.md); noise 60.8 / 62.0 dB(A) estimated for 3 / 4 fans","we exceed on efficiency; the topology differs by decision; a three-level IGBT variant is not costed (no public Chinese module price, risk A3)","record as the open cost lever, no redesign (D-073)"
PCS,Environment,"ds PMA0125/0135 V1.0: -30..+60 C (> 45 C derating); storage -40..+70 C; max operating altitude 5,000 m (> 3,000 m derating; the catalogue says 4,000 m); OVC DC II / AC III; PD external 3 / internal 2; IP20 power compartment / IP5X control compartment; intelligent forced air. PMA manual (MANUAL-NOTES.md pp. 22-23, 40, 43): airflow >= 189 / 236 / 303 / 398 CFM at 50 / 62.5 / 80 / 105 kW (about 3.8 CFM per kW, calculated), storage humidity 0-100 % non-condensing, derating given only as the two knees (45 C, 3,000 m)","-30..+60 C declared (fans rated -10 C; the PV cold-start rule of D-072 applies, not yet modelled for the PCS); storage -40..+70 C ASSUMED, not audited; altitude 2,000 m (B1 clearance 8.0 mm; the option for 3,000 m full / 5,000 m derated specified, D-075); OVC DC II / AC III and PD external 3 / internal 2 declared (ECO-10); IP is mechanics; airflow 2.11 / 2.82 CFM per kW (3W / 4W) against their 3.8","GAP (altitude, cold side); storage range not audited",altitude option per D-075 (open); a PCS cold-start rule (open); storage range for the temp_audit scope (open)
PCS,Short-circuit coordination,"PMA web page: 'intelligent electrical protection with fault isolation and fast breaking'. PMA manual (MANUAL-NOTES.md pp. 25, 28): recommended breakers DC 1000 Vdc 200 A (50 / 62.5 kW) or 300 A (80 / 105 kW), AC 400 Vac 200 A or 250 A, plus a cable table; no prospective short-circuit current, fuse type, grounding system or RCD type stated","declared (D-074): a bolted leg short from a stiff grid reaches 5,834 A rms and L1 saturates after 0.22 ms, so the current limiter (367 A peak), the phase window and DESAT act first and the upstream protection (>= 250 A, gG 250 A or an MCCB with an instantaneous release, breaking capacity >= the prospective current) has under 2 ms of module-side current; DC side: battery-side protection interrupts 0.97-2.01 kA within 2.5 s, prospective current <= 7.5 kA at the DC terminals",match (declared); the contactors' conditional short-circuit current is an RFQ item,closed (D-074)
PCS,Family,"ds PMA0125/0135 V1.0 + PMA web page: AC modules 50-60 (3U), 80-105 (3U) and 125-135 kW (5U), 'independent and parallel operation', 'dynamic expansion'","one AC module size (PCS-P125, REQUIREMENTS section 8); paralleling on the AC bus is a firmware item (grid following: current sources; grid forming: droop over the module CAN bus)","scope difference: a smaller AC module is a requirements change (owner's call, not done); parallel operation = firmware rows","flagged to the owner (a smaller AC module is a requirements change, D-073); parallel-operation firmware rows (D-074) and port roles (D-075) written"
protection,Hardware trip layer,not listed at module level (current control + fuses),"discrete comparators, latch, PWM gating, dead-time stretch, negative-rail detector (D-050), about 17 USD per module",we exceed (kept by D-050),keep
product,Standards,"catalogue 2026 p.62: EN 50549-1/-2/-10, VDE 4105, GB/T 34120 / 34133, EN 62477-1, EN IEC 61000-6-2 / -6-4. PMA manual (MANUAL-NOTES.md pp. 40-41, 44): EN 50549-1/-10, GB/T 34120 / 34133, EN 62477-1, EN 62109-1/-2, EN IEC 61000-6-2 / -4 (no EN 50549-2, no VDE 4105)","same baseline named (ECO-11, ARCHITECTURE-PCS); standards text not on file (risks B1 / F2); certification out of scope",match in intent,open: the standards' texts to buy (risks B1 / F2); certification out of scope
DAB,Isolated DC/DC module,"none at module level (isolation only through transformer cabinets, which are discarded here)",DAB-D60 optional track (DAB-12); DAB60 rev B frozen; D2W study not drawn,we exceed (optional product),keep as the optional track; no change
PCS,On / off-grid transfer,"PMA manual (MANUAL-NOTES.md p. 11, 40, 43): the transfer is manual (stop, then change the mode by hand); the '< 20 ms' of the datasheet is the charge-to-discharge switching time only","charge <-> discharge <= 15.7 ms (control study + a 10 ms ramp ASSUMED); grid-to-island automatic with an interruption of about 150 ms (detection 100 ms ASSUMED + contactor drop-out 50 ms ASSUMED); planned transfer seamless (exchange ramped to zero, grid forming before opening); a seamless unplanned transfer needs a static transfer switch, out of scope (REQUIREMENTS: not STS)",we exceed on the transfer logic (automatic); same physics on the interruption,closed: firmware rows of pcs_spec (D-074)
PCS,Off-grid load acceptance,PMA manual (MANUAL-NOTES.md p. 11): resistive loads below rated power; RCD-type loads below 60 % of the module kVA; VFD motors below 60 % of one module; direct-on-line motors and AC-paralleled outputs 'ask the maker',"declared (D-074): resistive up to rated, 110 % continuous, 120 % for 2 min; crest factor <= 2.04 at rated rms below the 367 A limiter (CF 2.5: 147 A rms, CF 3.0: 122 A rms); direct-on-line motors with a 6 x start <= 36 A rated (20 kW); half-wave loads (four-wire) <= 280 A peak per phase",match or exceed (calculated),closed (D-074)
PCS,Discrete I/O at the module,"PMA manual (MANUAL-NOTES.md pp. 13-14, 17-18, 20, 34): chainable differential EPO pair, one changeover relay output (NO / COM / NC), two dry-contact inputs DI1 / DI2 with 5 V pins, a BAT_FAULT line, a READY (installed) rocker","drawn (D-075): stop input with loop-through to chain a cabinet 24 V stop line; ready permissive in series with it (a hardware stop; the firmware cannot tell 'not ready' from 'stop'); DI1 = battery-fault / BMS contact (5 V wetting, 1 ms filter, clamp); Hongfa HFD27/005-S changeover relay on the STATUS channel (energised = healthy)","match, except a second firmware-read input (DI2 needs a 56th GPIO; the PCS plan uses 55 of 55)",closed (D-075); DI2 open (no spare GPIO)
PCS,Firmware parameter and telemetry set,"PMA manual (MANUAL-NOTES.md pp. 29-31): parameters exposed = battery voltage window, charge / discharge current limits, SOC limits, off-grid lower voltage and SOC, CV charge limit, leakage-detect enable, parallel enable, power reference +/- 1.2 Pn, VRLA equalise / float, protection hysteresis; telemetry = IGBT and ambient temperature, insulation kOhm, leakage mA, DC V / I / P, bus V, phase output V, grid line V / I / P / f; two soft and four hardware alarm words","pcs_spec declarations parameter_set / telemetry (D-074): at least the competitor's sets; Modbus TCP map scope (input registers = telemetry; holding registers = modes, set points, ramps; parameters SERVICE-only and authenticated; files = event log, fault records, firmware image); the ADC plans carry the insulation-monitor and RCM channels",match (specification),closed (D-074 / D-075)
