pin,datasheet_name,net,function,mux_pos,direction,route,trip_band,reaches
1,GPIO28,SCI_RX,SCIA_RX,1,in,RS-485 RO; default SCI-boot pin,,U602.3
2,XRSn,XRSn,,,,dedicated pin,,C103.1 J201.15 R101.2 U101.1 U503.3
3,VDDIO,+3V3,,,,supply / ground,,"rail, 78 pins"
4,VDD,VDD12,,,,supply / ground,,"rail, 4 pins"
5,VSS,GND,,,,supply / ground,,"rail, 207 pins"
6,GPIO47,HOLD,GPIO,0,in,PC HOLD: contactor held closed by the power board (never open it while high),,J101.36 R508.1 U504.2
7,GPIO48,MOV_OK,GPIO,0,in,PC MOV_OK: varistor monitor loop intact,,J101.39 R509.1
8,GPIO49,STATUS_M,GPIO,0,out,AND HEALTHY -> isolated STATUS output,,RN206.1 U510.1
9,GPIO50,FLT_N,GPIO,0,in,INPUTXBAR5>XINT2: driver fault (diagnosis),"port OC (PV-PWR, on FLT_N): 387-413 A (0.29 us (logic)) | FLT_N (DESAT, UVLO, port OC): logic (18 ns + PV-PWR)",J101.30 R505.2 U501.5
10,GPIO51,RDY_M,GPIO,0,in,INPUTXBAR14>XINT5: gate supplies ready (diagnosis; 1k from RDY),"RDY (gate supplies, +5V, 24 V): logic (18 ns)",R507.2
11,GPIO52,DI1,GPIO,0,in,"INPUTXBAR6>XINT3: DI1 battery fault / BMS contact (CA-IS3842HW VO3, 1 = contact closed)",,U606.5
12,GPIO53,STOP_OK,GPIO,0,in,INPUTXBAR13>XINT4: stop loop and ready permissive closed (diagnosis),external stop ENABLE: ON >= 8.8 V / OFF <= 3.4 V (1.47 ms),U501.11 U603.3
13,GPIO54,SPI_SIMO,SPIA_SIMO,1,out,recorder flash SI,,U203.5
14,A6,VG1_ADC,ADC,analog,ain,"grid L1 at the terminal (ADC-A), VMID + V/1203",,C801.1 R801.2
15,B2/C6,VBX_ADC,ADC,analog,ain,terminal side B (bipolar around VMID),,C316.1 R323.2
16,B3/VDAC,VREF,ADC+VDAC,analog,ain,CMPSS DAC reference = REF3030E (COMPDACCTL.SELREF = VDAC),,"rail, 29 pins"
17,A2/B6/C9,IL1_ADC,ADC+CMP1_HP0+CMP1_LP0,analog,ain,CMPSS1 window = IL1 backup > ePWM X-BAR TRIP4 (all ePWM),IL1-4 CMPSS backup: 423.9-497.5 A (2.97 us),C306.1 R305.2
18,A3/B9/C7,VPE_ADC,ADC,analog,ain,insulation monitor (PE vs BUS-),,C317.1 R324.2
19,A14/B14/C4,IL3_ADC,ADC+CMP3_HP4+CMP3_LP4,analog,ain,CMPSS3 window = IL3 backup > TRIP4,IL1-4 CMPSS backup: 423.9-497.5 A (2.97 us),C310.1 R315.2
20,A11/B10/C0,VA_ADC,ADC,analog,ain,OV backup: ADC-A PPB on every conversion (<= 10 us) > TRIP5,port OV backup (ADC PPB): 1019-1051 V (34.0 us),C314.1 R321.2
21,B12/C2,VGN_ADC,ADC,analog,ain,"N terminal (four-wire: N-leg loop VGN - VA, relay test of the N pole, DC-component regulator; ADC-B / C); 0 V on a three-wire power board (1 M pull-down: variant code)",,C807.1 R807.2 R808.1
22,A1/B7/DACB_OUT,VB_ADC,ADC,analog,ain,OV backup: ADC-B PPB (<= 10 us) > TRIP5,port OV backup (ADC PPB): 1019-1051 V (34.0 us),C315.1 R322.2
23,A0/B15/C15/DACA_OUT,,,,,unused (no connect),,
24,VREFHI,VREF,,,,supply / ground,,"rail, 29 pins"
25,VREFHI,VREF,,,,supply / ground,,"rail, 29 pins"
26,VREFLO,GND,,,,supply / ground,,"rail, 207 pins"
27,VREFLO,GND,,,,supply / ground,,"rail, 207 pins"
28,A12/C5,IB_H_ADC,ADC,analog,ain,"port B current, low gain",,C319.1 R326.2
29,C1,VG3_ADC,ADC,analog,ain,grid L3 (ADC-C),,C803.1 R803.2
30,B11,VG2_ADC,ADC,analog,ain,grid L2 at the terminal (ADC-B),,C802.1 R802.2
31,A7/C3,IB_ADC,ADC+CMP4_HP1+CMP4_LP1,analog,ain,"3 phases: CMPSS4 window on IB (port OC backup, HPMXSEL/LPMXSEL = 1); 4 phases: ADC PPB limits only",port OC backup: 373-427 A (30 us PPB / 15 us CMPSS4),C318.1 R325.2
32,B5,VC2_ADC,ADC,analog,ain,C_f node L2 (ADC-B; GPIO20 = TACH3 in GPIO mode),,C805.1 R805.2
33,VSSA,GND,,,,supply / ground,,"rail, 207 pins"
34,VDDA,+3V3A,,,,supply / ground,,"rail, 10 pins"
35,A5,VC1_ADC,ADC,analog,ain,"C_f node L1 (ADC-A), VMID + V/1203",,C804.1 R804.2
36,A4/B8,NTC_MUX,ADC,analog,ain,"TMUX1208 D: NTC1-8 (heatsink 1-4, L1 windings 5-8)",,U801.8
37,A8,RCM_ADC,ADC,analog,ain,residual current (type-B sensor through 10.0k / 13.0k),,C808.1 R809.2 R810.1
38,A9,NTC9,ADC,analog,ain,DC-link bank (NCP15 on PCS-PWR),,C809.1 J801.11 R811.2
39,B4/C8,IL4_ADC,ADC+CMP4_HP0+CMP4_LP0,analog,ain,CMPSS4 window = IL4 backup (4 phases) > TRIP4; 0 V on PV-P75,IL1-4 CMPSS backup: 423.9-497.5 A (2.97 us),C312.1 R320.2
40,A10/B1/C10,IL2_ADC,ADC+CMP2_HP3+CMP2_LP3,analog,ain,CMPSS2 window = IL2 backup > TRIP4,IL1-4 CMPSS backup: 423.9-497.5 A (2.97 us),C308.1 R310.2
41,B0/C11,VC3_ADC,ADC,analog,ain,C_f node L3 (ADC-C),,C806.1 R806.2
42,C14,NTC_IN,ADC,analog,ain,inlet air (on board),,C328.1 R335.2 RT301.1
43,GPIO55,SPI_SOMI,SPIA_SOMI,1,in,recorder flash SO,,U203.2
44,GPIO60,MUX_A2,GPIO,0,out,TMUX1208 A2 (100k pull-down),,R814.1 U801.15
45,VSS,GND,,,,supply / ground,,"rail, 207 pins"
46,VDD,VDD12,,,,supply / ground,,"rail, 4 pins"
47,VDDIO,+3V3,,,,supply / ground,,"rail, 78 pins"
48,B5/GPIO20,TACH3,EQEP1_A,1,in,"eQEP1 up-count + unit timer = fan 3 speed (AGPIO pin: GPIO mode, B5 on pin 32)",,U605.6
49,B11/GPIO21,RCM_TST,GPIO,0,out,"PCS_X RCM_TST: RCM test winding (100k pull-down on PCS-PWR); AGPIO pin in GPIO mode, B11 stays on pin 30",,J801.10
50,GPIO13,PWM14_M,EPWM7_B,1,out,phase 4 leg A low side -> 74LVC08 AND HEALTHY -> PWM14 (PC); HRPWM; ePWM7,,RN204.2 U508.4
51,GPIO12,PWM13_M,EPWM7_A,1,out,phase 4 leg A high side -> 74LVC08 AND HEALTHY -> PWM13 (PC); HRPWM; ePWM7,,RN204.1 U508.1
52,GPIO11,PWM12_M,EPWM6_B,1,out,phase 3 leg B low side -> 74LVC08 AND HEALTHY -> PWM12 (PC); HRPWM; ePWM6,,RN203.4 U507.12
53,GPIO33,CAN_RX,CANA_RX,10,in,DCAN boot option 1,,U601.3
54,GPIO16,TRIP,GPIO,0,in,"INPUTXBAR1>TZ1: one-shot trip of every ePWM (latch Q, 1 = tripped)","IL1-4 local window: 426.0-485.5 A (3.55 us) | IL1-4 CMPSS backup: 423.9-497.5 A (2.97 us) | port OC (PV-PWR, on FLT_N): 387-413 A (0.29 us (logic)) | port OC backup: 373-427 A (30 us PPB / 15 us CMPSS4) | port OV VA / VB: 978-1048 V (47 us) | OT heatsink NTC1-4: 86.2-89.6 C (thermal (RC 1 ms)) | OT inductor NTC5-8: 126.8-133.0 C (thermal) | open NTC probe: 2.963-2.987 V (thermal) | watchdog (heartbeat): 4.7-5.8 ms (= tw) | external stop ENABLE: ON >= 8.8 V / OFF <= 3.4 V (1.47 ms) | FLT_N (DESAT, UVLO, port OC): logic (18 ns + PV-PWR) | RDY (gate supplies, +5V, 24 V): logic (18 ns) | 3.3 V supervisor / MCU reset: 2.88-3.00 V (TPS3828) (via XRSn -> WD_OK) | port OV backup (ADC PPB): 1019-1051 V (34.0 us)",D501.2 TP502.1 U502.5
55,GPIO17,PRE_N,GPIO,0,in,"INPUTXBAR4>XINT1: any trip source active now (wired-AND of OC_N, OVT_N, FLT_N, RDY, STOP_OK, WD_OK); rev A2: read instead of OC_N and OVT_N, which comparator tripped comes from the ADC and the recorder","IL1-4 local window: 426.0-485.5 A (3.55 us) | IL1-4 CMPSS backup: 423.9-497.5 A (2.97 us) | port OC (PV-PWR, on FLT_N): 387-413 A (0.29 us (logic)) | port OC backup: 373-427 A (30 us PPB / 15 us CMPSS4) | port OV VA / VB: 978-1048 V (47 us) | OT heatsink NTC1-4: 86.2-89.6 C (thermal (RC 1 ms)) | OT inductor NTC5-8: 126.8-133.0 C (thermal) | open NTC probe: 2.963-2.987 V (thermal) | watchdog (heartbeat): 4.7-5.8 ms (= tw) | external stop ENABLE: ON >= 8.8 V / OFF <= 3.4 V (1.47 ms) | FLT_N (DESAT, UVLO, port OC): logic (18 ns + PV-PWR) | RDY (gate supplies, +5V, 24 V): logic (18 ns) | 3.3 V supervisor / MCU reset: 2.88-3.00 V (TPS3828) (via XRSn -> WD_OK) | port OV backup (ADC PPB): 1019-1051 V (34.0 us)",R501.2 TP501.1 U501.2 U501.4 U501.6 U501.8 U501.10 U501.12 U502.7
56,GPIO24,LATCH_CLR,GPIO,0,out,latch CLK: rising edge clears only while PRE_N is high; 10k pull-up = boot-mode pin 1 high (flash boot),,R208.2 U502.1
57,GPIO25,K_PRE_M,GPIO,0,out,AND HEALTHY -> K_PRE,,RN205.4 U509.4
58,GPIO26,FAN_PWM_M,OUTPUTXBAR3,"1,5",out,eCAP1 APWM > Output X-BAR 3 (ECAP1OUT) -> AND BIAS_EN -> isolated fan speed; 0 % = fans off,,RN206.2 U510.4
59,GPIO27,HEARTBEAT,GPIO,0,out,ISR toggles >= 500 Hz: 74LVC1G123 B (5 ms monoflop) + TPS3828 WDI (1.6 s),,RN206.3 U101.4 U503.2
60,TCK,TCK,,,,dedicated pin,,J201.9 J201.11
61,GPIO37/TDO,FLASH_CS_N,GPIO,0,out,recorder flash CS# (10k pull-up: deselected in reset); TDO pin as GPIO (cJTAG),,R205.2 U203.1
62,TMS,TMS,,,,dedicated pin,,J201.1 R201.2
63,GPIO35/TDI,TACH1,GPIO,0,in,INPUTXBAR7>eCAP2 capture (fan 1 period); TDI pin as GPIO: debug is cJTAG (TMS / TCK) only,,U604.3
64,GPIO32,CAN_TX,CANA_TX,10,out,DCAN boot option 1 (BOOTDEF 0x22); 10k pull-up = boot-mode pin 0 high,,R209.2 U601.6
65,GPIO56,ETH_TXD,SCIB_TX,6,out,Ethernet bridge UART: CA-IS3842HW VI1 -> CH9121T RXD1,,U606.3
66,GPIO57,ETH_RXD,SCIB_RX,6,in,Ethernet bridge UART: CH9121T TXD1 -> CA-IS3842HW VO4,,U606.6
67,GPIO58,MUX_A0,GPIO,0,out,TMUX1208 A0 (100k pull-down),,R812.1 U801.1
68,GPIO18/X2,SPI_CLK,SPIA_CLK,1,out,recorder flash SCLK (X2 pin; X1 takes the single-ended clock),,U203.6
69,GPIO19/X1,OSC_CLK,X1,,in,single-ended 25 MHz clock (SG-210STF),,U202.3
70,VDDIO,+3V3,,,,supply / ground,,"rail, 78 pins"
71,VDD,VDD12,,,,supply / ground,,"rail, 4 pins"
72,VSS,GND,,,,supply / ground,,"rail, 207 pins"
73,VREGENZ,GND,,,,supply / ground,,"rail, 207 pins"
74,GPIO8,PWM9_M,EPWM5_A,1,out,phase 3 leg A high side -> 74LVC08 AND HEALTHY -> PWM9 (PC); HRPWM; ePWM5,,RN203.1 U507.1
75,GPIO4,PWM5_M,EPWM3_A,1,out,phase 2 leg A high side -> 74LVC08 AND HEALTHY -> PWM5 (PC); HRPWM; ePWM3,,RN202.1 U506.1
76,GPIO3,PWM4_M,EPWM2_B,1,out,phase 1 leg B low side -> 74LVC08 AND HEALTHY -> PWM4 (PC); HRPWM; ePWM2,,RN201.4 U505.12
77,GPIO2,PWM3_M,EPWM2_A,1,out,phase 1 leg B high side -> 74LVC08 AND HEALTHY -> PWM3 (PC); HRPWM; ePWM2,,RN201.3 U505.9
78,GPIO1,PWM2_M,EPWM1_B,1,out,phase 1 leg A low side -> 74LVC08 AND HEALTHY -> PWM2 (PC); HRPWM; ePWM1,,RN201.2 U505.4
79,GPIO0,PWM1_M,EPWM1_A,1,out,phase 1 leg A high side -> 74LVC08 AND HEALTHY -> PWM1 (PC); HRPWM; ePWM1,,RN201.1 U505.1
80,GPIO40,BIAS_EN,GPIO,0,out,PC BIAS_EN (gate-bias converters on),,J101.32 U510.5
81,GPIO23,K_B_M,GPIO,0,out,AND (HEALTHY OR HOLD) -> K_B,,RN205.3 U509.12
82,GPIO41,IMD_SW1,GPIO,0,out,PC IMD_SW1,,J101.37
83,GPIO22,K_A_M,GPIO,0,out,"AND HEALTHY -> K_A (AC contactor 1: HEALTHY only, D-062; HOLD keeps only K_B)",,RN205.2 U509.9
84,GPIO7,PWM8_M,EPWM4_B,1,out,four-wire N leg low side -> 74LVC08 AND HEALTHY -> PWM8 (PC); HRPWM; ePWM4 B,,RN202.4 U506.12
85,GPIO44,IMD_SW2,GPIO,0,out,PC IMD_SW2,,J101.38
86,VSS,GND,,,,supply / ground,,"rail, 207 pins"
87,VDD,VDD12,,,,supply / ground,,"rail, 4 pins"
88,VDDIO,+3V3,,,,supply / ground,,"rail, 78 pins"
89,GPIO5,PWM6_M,EPWM3_B,1,out,phase 2 leg A low side -> 74LVC08 AND HEALTHY -> PWM6 (PC); HRPWM; ePWM3,,RN202.2 U506.4
90,GPIO9,PWM10_M,EPWM5_B,1,out,phase 3 leg A low side -> 74LVC08 AND HEALTHY -> PWM10 (PC); HRPWM; ePWM5,,RN203.2 U507.4
91,GPIO61,K_AC2_M,GPIO,0,out,"AND HEALTHY -> K_AC2 (AC contactor 2, PCS_X)",,RN206.4 U510.9
92,GPIO59,MUX_A1,GPIO,0,out,TMUX1208 A1 (100k pull-down),,R813.1 U801.16
93,GPIO10,PWM11_M,EPWM6_A,1,out,phase 3 leg B high side -> 74LVC08 AND HEALTHY -> PWM11 (PC); HRPWM; ePWM6,,RN203.3 U507.9
94,GPIO34,TACH2,GPIO,0,in,INPUTXBAR8>eCAP3 capture (fan 2 period); rev A2: the run LED moved to WD_OK,,U605.7
95,GPIO15,PWM16_M,EPWM8_B,1,out,"K_ACPRE: AC precharge relay command (GPIO15 as a GPIO output, both builds) -> 74LVC08 AND HEALTHY -> PWM16 (PC) -> PCS-PWR relay driver",,RN204.4 U508.12
96,GPIO14,PWM15_M,EPWM8_A,1,out,phase 4 leg B high side -> 74LVC08 AND HEALTHY -> PWM15 (PC); HRPWM; ePWM8,,RN204.3 U508.9
97,GPIO6,PWM7_M,EPWM4_A,1,out,four-wire N leg high side -> 74LVC08 AND HEALTHY -> PWM7 (PC); HRPWM; ePWM4 A,,RN202.3 U506.9
98,GPIO30,RS485_DE,GPIO,0,out,driver enable (RE tied low: receiver always on),,U602.5
99,GPIO31,EN_M,GPIO,0,out,AND HEALTHY -> EN,,RN205.1 U509.1
100,GPIO29,SCI_TX,SCIA_TX,1,out,RS-485 DI; default SCI-boot pin,,U602.6
