mpn,issue
"BZX84-A18,215","BZX84 family datasheet (Nexperia BZX84_SER Rev. 7) covers all voltage grades (A/B/C tolerance suffixes) with one pinning table, p.2 Table 2: 1 = A (anode), 2 = n.c. (not connected), 3 = K (cathode); same for BZX84-B10, -B20,215, -B3V3, -B4V7, -C5V1,215 (SOT23 only package)."
ZXTN25040DFHTA,"NOT TRANSCRIBED: Diodes Inc ZXTN25040DFH datasheet (7 pp) shows the SOT23 'Pin Configuration' (p.1, top view) with letter labels only on the leads (single lead = C, the two others E and B) and no pin numbers; package outline p.6 has dimensions only, no pin numbers. Lead numbering is not printed in the datasheet, so no pin table is transcribed. (The usual SOT23 numbering would give 1=B, 2=E, 3=C from the drawing orientation, but that is a convention, not something this datasheet states.)"
PMEG4010CEJ,"ds column in pin_audit_parts.csv is an https URL, but the datasheet is on file as docs/datasheets/protection/PMEG4010CEJ.pdf (docs/SOURCES.csv); transcribed from that file, Table 2 'Pinning information' p.1 (SOD323F): 1 = K (cathode, marking bar), 2 = A (anode)."
SM712,"MDD SM712 datasheet p.1 'Schematic & Pin Configuration' (SOT23 top view, pins numbered 1, 2, 3) and 'Circuit Diagram': pin 1 = I/O 1, pin 2 = I/O 2, pin 3 = GND. (Bourns CDSOT23-SM712 is a different manufacturer's file and was not used.)"
SS56,"Datasheet (MDD SS52-SS5200, 3 pp) gives no terminal numbers or names; only 'Polarity: Color band denotes cathode end' (p.1) and an unlabelled DO-214AC/SMA outline. Rows use K=Cathode, A=Anode - the K/A pin letters are my labels, not datasheet numbers."
US1MH,"Datasheet (Taiwan Semiconductor US1AH-US1MH) gives no terminal numbers; p.1 prints 'Polarity: Indicated by cathode band' and a symbol labelled Cathode / Anode. Rows use K=Cathode, A=Anode - the K/A pin letters are my labels, not datasheet numbers."
SMBJ36A,"Datasheet gives no terminal numbering; only a polarity statement (p.3 Physical Specifications: 'Cathode band indicates unidirectional device'; suffix A = 5 % tolerance unidirectional). Rows use K=Cathode, A=Anode - the K/A pin letters are my labels, not datasheet numbers."
SMCJ33A,"Datasheet gives no terminal numbering; only a polarity statement (p.3 Physical Specifications: 'Cathode band indicates unidirectional device'; suffix A = 5 % tolerance unidirectional). Rows use K=Cathode, A=Anode - the K/A pin letters are my labels, not datasheet numbers."
SMCJ70A,"Datasheet gives no terminal numbering; only a polarity statement (p.3 Physical Specifications: 'Cathode band indicates unidirectional device'; suffix A = 5 % tolerance unidirectional). Rows use K=Cathode, A=Anode - the K/A pin letters are my labels, not datasheet numbers."
SMBJ58CA,"NOT TRANSCRIBED: Bourns SMBJ datasheet (6 pp) prints no terminal numbers or names; CA suffix = bidirectional (p.3: 'No cathode band indicates bidirectional device'), so the two terminals are interchangeable and unlabelled. pin_count 2 agrees."
BAT54S-7-F,"NOT TRANSCRIBED: Diodes Inc DS11005 Rev 34-2 (5 pp) shows only unnumbered SOT23 top-view circuit diagrams (p.1, BAT54S = two series diodes, common node on the single top lead) and an unnumbered package outline; no pin numbers or names anywhere. For reference only: the Nexperia BAT54S datasheet (docs/datasheets/protection/BAT54S.pdf, p.1, a different manufacturer) prints 1 = A1, 2 = K2, 3 = K1;A2, but it is not this orderable's datasheet."
002637115,"NOT AUDITABLE: ETI Green Protect catalogue (215 pp; one file for all three ETI parts) lists 002637115 as a CH14 x 51 gPV 1000 V d.c. fuse-link, 36 A (p.13 table, printed p.15). 2-terminal non-polar cylindrical fuse-link; the catalogue prints no terminal numbers or names. pin_count 2 agrees."
004110760,"NOT AUDITABLE: ETI Green Protect catalogue p.103 (printed p.105), table 'NH gBat fuse-link 1000V d.c.': 004110760 = size NH1, 200 A. 2-terminal non-polar blade-contact fuse-link; no terminal numbers or names anywhere in the catalogue. pin_count 2 agrees."
006710340,NOT AUDITABLE: ETI Green Protect catalogue p.41 (printed p.43): 006710340 is the clip contact type CH14-PCB for CH14 fuse-links (dimension drawing with letters A-H only). A single clip contact with no terminal number or name. pin_count 1 agrees.
AC10000002009JAB00,"NOT AUDITABLE: Vishay AC / AC-AT / AC-NI cemented wirewound resistor datasheet (13 pp) shows no terminal numbers; 2-terminal non-polar axial resistor. Part-number key p.2: AC10, 20 ohm (200 x 10^-1), J = +/-5 %, packaging AB. pin_count 2 agrees."
ARHV06BTC1004A,"NOT AUDITABLE: Viking Tech ARHV..A automotive high-voltage thin-film chip resistor datasheet (7 pp) has only a construction drawing and a dimension table (p.2), no terminal numbers or names; 2-terminal non-polar resistor. Part-number key p.2: ARHV06 = 1206, B = +/-0.1 %, T = taped reel, C = +/-25 ppm/degC, 1004 = 1 Mohm, A = automotive marking. pin_count 2 agrees."
ARHV13BTC1243A,"NOT AUDITABLE: Viking Tech ARHV..A automotive high-voltage thin-film chip resistor datasheet (7 pp) has only a construction drawing and a dimension table (p.2), no terminal numbers or names; 2-terminal non-polar resistor. Part-number key p.2: ARHV13 = 1210, B = +/-0.1 %, T = taped reel, C = +/-25 ppm/degC, 1243 = 124 kohm, A = automotive marking. pin_count 2 agrees."
C3D1U147+M0A,"NOT AUDITABLE: Faratronic C3D DC-link film capacitor specification (Chinese text, 15 pp): the p.3 outline shows the '2-pins' and '4-pins' forms as unlabelled drawings (no terminal numbers or names). This orderable is the 4-pin form (12th code digit A = 4-lead bulk, b = 20.3 mm, Table 1 on p.4; 140 uF / 600 V row with P = 52.5 mm and b = 20.3 mm on p.6). Non-polar; which of the four leads belong to which electrode is not stated, and the symbol carries two pins (pin_count 2)."
CBW160808U301T,"NOT AUDITABLE: Fenghua CBW multilayer high-current chip ferrite bead datasheet (31 pp) lists CBW160808U301T on p.4 (+/-25 %, 300 ohm at 100 MHz, DCR 0.20 ohm max, 1200 mA max) but shows no terminal numbers or names; 2-terminal non-polar bead. pin_count 2 agrees."
CSS2H-3920R-L200F,"NOT AUDITABLE: Bourns CSS2H-3920 datasheet (5 pp) p.2: the Electrical Schematic labels the two current terminals I2 (left) and I1 (right) of the resistor R1, the Recommended Pad Layout labels the two solder pads IA and IB and shows two further unlabelled SENSE TERMINALS; no terminal numbers are printed. 2-terminal non-polar current-sense resistor (this orderable = 0.2 mohm, +/-1 %, 12 W class, p.1), so the printed letters cannot be matched to the symbol's pin numbers 1 and 2 (the L300F variant in ledger B carries the same two labels). pin_count 2 corresponds to the two current terminals."
FCSA3DS225K050IC90BE3,"NOT AUDITABLE: Jianghai film capacitor catalogue (64 pp), series CBB 138 DS (pp.26-30): the dimension drawings on p.27 ('4 PIN TYPE' and '2 PIN TYPE') show no terminal numbers or names; non-polar DC-link film capacitor. Order code (p.27): FC S A3 DS 225 K 0 50 IC 9 0 B E3 = 2.2 uF, +/-10 %, pin style 0 = '2 Pin, straight leads cut', 5.0 mm pin length, 32 x 28 x 14 mm; the p.30 row for 2.2 uF has P1 = 27.5 mm and no P2, i.e. the 2-lead form. pin_count 2 agrees."
FCSA3DS335K050ID90BE3,"NOT AUDITABLE: Jianghai film capacitor catalogue (64 pp), series CBB 138 DS (pp.26-30): the dimension drawings on p.27 ('4 PIN TYPE' and '2 PIN TYPE') show no terminal numbers or names; non-polar DC-link film capacitor. Order code (p.27): FC S A3 DS 335 K 0 50 ID 9 0 B E3 = 3.3 uF, +/-10 %, pin style 0 = '2 Pin, straight leads cut', 5.0 mm pin length, 32 x 28 x 18 mm; the p.30 row for 3.3 uF has P1 = 27.5 mm and no P2, i.e. the 2-lead form. pin_count 2 agrees."
FCSA3DS456K050H8F9DE3,"NOT AUDITABLE: Jianghai film capacitor catalogue (64 pp), series CBB 138 DS (pp.26-30): the dimension drawings on p.27 ('4 PIN TYPE' and '2 PIN TYPE') show no terminal numbers or names; non-polar DC-link film capacitor. Order code (p.27): FC S A3 DS 456 K 0 50 H8 F 9 D E3 = 45 uF, +/-10 %, pin style 0 = '2 Pin, straight leads cut', 5.0 mm pin length, 57.5 x 70 x 35 mm, P1 = 52.5 mm, P2 = 20.3 mm. The P2 pitch is the 4-lead geometry (p.30 row for 45 uF) while the pin-style digit reads '2 Pin'; the datasheet does not resolve this and prints no terminal numbers either way. pin_count 2 agrees with the 2-pin style digit."
FVF06FT-2004,"NOT AUDITABLE: Prosperity Dielectrics FVF high-voltage thick-film chip resistor datasheet (13 pp) shows only dimension drawings (pp.3-4) and a land-pattern table (p.7), no terminal numbers or names; 2-terminal non-polar resistor. FVF06 = 1206, 1/4 W, 800 V (p.5 table), F = +/-1 %, T = tape, 2004 = 2 Mohm (4-digit value code, p.6). pin_count 2 agrees."
FXL0530-220-M,"NOT AUDITABLE: Cjiang FXL molded power inductor datasheet (110 pp): p.5 gives the outline dimensions and recommended land pattern, p.6 the marking and structure; the terminals are not numbered or named and no winding-start mark is shown. FXL0530-220-M = 22 uH +/-20 % in the 5.4 x 5.2 x 3.0 mm size (p.10 table). 2-terminal non-polar. pin_count 2 agrees."
FXL0840-330-M,"NOT AUDITABLE: Cjiang FXL molded power inductor datasheet (110 pp): p.5 gives the outline dimensions and recommended land pattern, p.6 the marking and structure; the terminals are not numbered or named and no winding-start mark is shown. FXL0840-330-M = 33 uH +/-20 % in the FXL0840 size (p.17 table). 2-terminal non-polar. pin_count 2 agrees."
HCHVF1000-400A-38R,"NOT AUDITABLE: HIITIO (Zhejiang HeCheng) HCHVF1000 series DC fuse datasheet (9 pp): p.2 lists HCHVF1000-400A-38R (400 A, 38 mm diameter case, 1000 V d.c., North American style cartridge); no terminal numbers or names are printed. 2-terminal non-polar fuse. pin_count 2 agrees."
HFE82V-300C/1000-24-H-C5-1,"NOT AUDITABLE: Hongfa HFE82V-300C datasheet (6 pp): the p.3 'Terminal Arrangement' shows a 1 Form A contact symbol and a coil symbol with the note 'No polarity on the load and coil sides'; p.4 shows the coil connector housing with red and black wires but no contact numbers. No terminal numbers or names are printed for the two M6 load terminals or the two coil terminals. Ordering key (p.2): 1000 V load, 24 V coil, H = 1 Form A, C = connector coil terminals, 5 = M6 female load terminals, 1 = single coil. pin_count 4 agrees with 2 load + 2 coil terminals."
HP10NH2GPV250,"NOT AUDITABLE: Mersen HelioProtection HP10NH photovoltaic fuse-link datasheet (14 pp): the p.2 product range lists HP10NH2GPV250 (plain-blade size NH2, 250 A, 1000 V d.c. gPV); blade contacts, no terminal numbers or names. 2-terminal non-polar fuse-link. pin_count 2 agrees."
HPE501/000B100-250,"NOT AUDITABLE: Hongfa HPE501 square-body fuse datasheet (3 pp): p.1 lists HPE501/000B100-250 (size 000, 1000 V d.c., 250 A); bolt-on terminals, no terminal numbers or names. 2-terminal non-polar fuse. pin_count 2 agrees."
KF2EDGR-3.5-2P,"NOT AUDITABLE: Cixi Kefa KF2EDGR-3.5 datasheet is one image-only drawing sheet (no text layer) for the 2-24 pole series ('P x 3.50 + 1.00', PCB layout, ratings table); it prints no contact numbers or names, and the 2-position version is selected only by the -2P suffix of the part name. pin_count 2 agrees."
KF2EDGR-3.81-2P,"NOT AUDITABLE: Cixi Kefa KF2EDGR-3.81 datasheet is one image-only drawing sheet (no text layer) for the 2-24 pole series ('P x 3.81 + 0.80', PCB layout, ratings table); it prints no contact numbers or names, and the 2-position version is selected only by the -2P suffix of the part name. pin_count 2 agrees."
KF2EDGR-3.81-4P,"NOT AUDITABLE: Cixi Kefa KF2EDGR-3.81 datasheet is one image-only drawing sheet (no text layer) for the 2-24 pole series ('P x 3.81 + 0.80', PCB layout, ratings table); it prints no contact numbers or names, and the 4-position version is selected only by the -4P suffix of the part name. pin_count 4 agrees."
KF2EDGR-3.81-6P,"NOT AUDITABLE: Cixi Kefa KF2EDGR-3.81 datasheet is one image-only drawing sheet (no text layer) for the 2-24 pole series ('P x 3.81 + 0.80', PCB layout, ratings table); it prints no contact numbers or names, and the 6-position version is selected only by the -6P suffix of the part name. pin_count 6 agrees."
N-C-644025,"NOT AUDITABLE: Qingdao Yunlu amorphous and nanocrystalline core product manual (24 pp) lists N-C-644025 only as a bare nanocrystalline toroid core in a protective case (dimension and inductance-factor tables, pp.13 and 22: 64 x 40 x 25 mm core, 67 x 37 x 29 mm cased). The product has no terminals, windings or pin numbers; the 4 pins of the symbol are the winding terminals of the choke built on this core, which this datasheet does not define."
NCP15XH103F03RC,"NOT AUDITABLE: Murata NCP series NTC thermistor catalogue (49 pp) lists NCP15XH103F03RC on p.10 (10 kohm +/-1 %, B = 3380 K, 0402); 2-terminal non-polar thermistor, no terminal numbers or names are printed. pin_count 2 agrees."
X6511WV-02H-C60D30,"NOT AUDITABLE: XKB X6511W 2.54 mm single-row pin header drawing (1 page): the top view, side view and PCB layout carry no contact numbers or names; the number of positions comes only from the part-number key (item 4, 'Row No.Pin No: XX-02~40P': 02 = 2 positions). pin_count 2 agrees."
X6511WV-03H-C60D30,"NOT AUDITABLE: XKB X6511W 2.54 mm single-row pin header drawing (1 page): the top view, side view and PCB layout carry no contact numbers or names; the number of positions comes only from the part-number key (item 4, 'Row No.Pin No: XX-02~40P': 03 = 3 positions). pin_count 3 agrees."
X9555WV-2x08-6TV01,NOT AUDITABLE: XKB X9555WV 2.54 mm box header drawing (1 page): the top view and PCB layout show the 2 x N contacts without any numbers or names (the only orientation mark is an unlabelled triangle on the housing side view); the contact count comes only from the part-number key and dimension table (2x08 = 16 contacts). pin_count 16 agrees.
X9555WV-2x13-6TV01,NOT AUDITABLE: XKB X9555WV 2.54 mm box header drawing (1 page): the top view and PCB layout show the 2 x N contacts without any numbers or names (the only orientation mark is an unlabelled triangle on the housing side view); the contact count comes only from the part-number key and dimension table (2x13 = 26 contacts). pin_count 26 agrees.
X9555WV-2x20-6TV01,NOT AUDITABLE: XKB X9555WV 2.54 mm box header drawing (1 page): the top view and PCB layout show the 2 x N contacts without any numbers or names (the only orientation mark is an unlabelled triangle on the housing side view); the contact count comes only from the part-number key and dimension table (2x20 = 40 contacts). pin_count 40 agrees.
X9555WV-2x32-6TV01,NOT AUDITABLE: XKB X9555WV 2.54 mm box header drawing (1 page): the top view and PCB layout show the 2 x N contacts without any numbers or names (the only orientation mark is an unlabelled triangle on the housing side view); the contact count comes only from the part-number key and dimension table (2x32 = 64 contacts). pin_count 64 agrees.
35ZLH1500MEFC12.5X30,"Rubycon ZLH datasheet (3 pp): the p.2 dimension drawing marks the two radial leads with circled + (upper lead) and - (lower lead); no pin numbers are printed, so the rows carry the printed polarity labels + and - (same convention as 50ZLH1000MEFC16X25 in ledger B). Part decodes as 35 V, 1500 uF, 12.5 x 30 mm (35 V column of the p.2 table), EFC = PET sleeve (p.1 key). The datasheet does not say which lead is pin 1."
PCV1HVF101MB12FV-WE3,"Jianghai solid polymer capacitor family datasheet (90 pp): p.13 'Dimensions for SMT type' marks the two terminals in the plan view with a circled + (top) and a circled - (bottom); no pin numbers are printed, so the rows carry the printed polarity labels. This orderable is the B12 case (8.0 x 12.2 mm), 100 uF (ordering table p.17); p.6 states that polymer capacitors are polar. The datasheet does not say which terminal is pin 1."
4D03WGJ0103T5E,"UniOhm chip resistor array datasheet JLC-01-015 (14 pp), p.4 'Equivalent Circuit Diagram' for 4D02/4D03/4C02/4C03/4F01 (four isolated resistors R1-R4 in one package): terminals numbered 1-4 along one edge and 8-5 along the other, R1 = pins 1-8, R2 = 2-7, R3 = 3-6, R4 = 4-5 (the top end of R1 is pin 8, above pin 1). No functional names, so name = terminal number. Part code (p.12 key): 4D03 W G J 0103 T 5 E = 1/16 W, +/-5 %, 10 kohm, tape/reel 5000 pcs, lead free."
BL24C256A-PARC,"Belling BL24C256A datasheet (16 pp): p.1 'Pin Configuration', 8-lead SOP drawing (the PDIP, TSSOP and DFN drawings carry the same numbers); p.2 Pin Descriptions lists A0-A2, SDA, SCL, WP, GND, Vcc. Ordering key p.16: -PA = SOP-8L, R = tape and reel, C = green. The figure prints VCC, the table Vcc (figure spelling used)."
CA-IS3050W,"Chipanalog CA-IS3050/3052 family datasheet (25 pp, version 1.10): Figure 6-1 'CA-IS3050W SOIC16-WB Top View' and Table 6-1 (SOIC16 column), p.5, agree: GND1 = 2, 7, 8; GND2 = 9, 10, 15; NC = 4, 5, 11, 14. The CA-IS3052 SOIC16 pinout on p.6 is different (TXD on 3, RXD on 5, VCC2 on 11 and 16) and was not used."
CA-IS3082WNX,"AMBIGUOUS: family datasheet CA-IS3080/3082/3086/3088 (25 pp, version 1.10): Figure 6-3 'CA-IS3082WNX Top View' (p.6) prints pin 7 = NC and pin 10 = NC, but Tab. 6-3 on the same page lists GNDA = 2, 7, 8 and GNDB = 9, 10, 15 and also NC = 7, 10, 11, 14, i.e. pins 7 and 10 each appear in two rows. The ledger follows the figure (7 NC, 10 NC); the CA-IS3082WX figure on p.5 has GNDA on 7 and GNDB on 10, so Tab. 6-3 looks copied from the WX table. RE carries an overbar (written ~RE)."
CA-IS3417WT,"Chipanalog CA-IS3417WT datasheet (20 pp, Chinese text, version 1.00): Figure 6-1 (pin layout) and Table 6-1 (pin function description), p.4, agree: NC 1, 2, 6, 7, 8; CATHODE 3, 5; ANODE 4; Drain2 9, 10; Drain1 11, 12. The names are printed in English in the figure and the table."
CA-IS3820LG,"Chipanalog CA-IS3820/3821/3822 datasheet (26 pp, version 1.06, Chinese text): Figure 6-1 'CA-IS3820 8-Pin SOIC Top View' and Table 6-1 (SOIC8 column), p.4. LG = L (default output low) + G (SOIC8-WB) per the ordering table on p.2. VI1/VI2 are the A-side inputs, VO1/VO2 the B-side outputs."
CA-IS3821LG,"Chipanalog CA-IS3820/3821/3822 datasheet (26 pp, version 1.06, Chinese text): Figure 6-1 'CA-IS3821 8-Pin SOIC Top View' and Table 6-1 (SOIC8 column), p.4: pin 3 = VO2 (A-side output) and pin 6 = VI2 (B-side input), i.e. channel 2 runs B to A. LG = L (default output low) + G (SOIC8-WB) per the ordering table on p.2."
F280039CSPZR,"METHOD: TI TMS320F28003x datasheet SPRSP61C (284 pp), 100-pin PZ package. Pin numbers and names were taken from Table 5-1 Pin Attributes (pp.16-35, column '100 PZ'), extracted programmatically from the PDF text with the table's row rules (100 of 100 pins found, none unresolved), and cross-checked pin by pin against Figure 5-1 '100-Pin PZ Low-Profile Quad Flatpack (Top View)' on p.11: all 100 primary names agree. Name written = the first signal listed for the pin in the table (analog pins: the first ADC name, e.g. A0 for pin 23, which also carries B15, C15, CMP3_HP2, CMP3_LP2, DACA_OUT and AIO231; GPIO pins: GPIOn; the figure prints multiplexed pins as e.g. 'A2,B6,C9', 'B3,VDAC', 'GPIO37/TDO', 'GPIO35/TDI', 'GPIO18,X2', 'GPIO19,X1'). Page column = page of the pin's first entry in Table 5-1. Supplies: VDD 4, 46, 71, 87; VDDIO 3, 47, 70, 88; VSS 5, 45, 72, 86; VDDA 34; VSSA 33; VREFHI on both 24 and 25; VREFLO on both 26 and 27 (one table row each). Pins 48 and 49 appear twice in the table, as an analog group (B5 / B11, p.19) and as a GPIO group (GPIO20 p.26 / GPIO21 p.27); the analog entry is written."
IV2Q171R0D7Z,"InventChip IV2Q171R0D7Z datasheet (9 pp) has no pin table. The p.1 outline picture prints under the TO263-7 leads '1 G, 2 KS, 3 S, 4 S, 5 S, 6 S, 7 S' and 'TAB Drain' above the package; the schematic beside it labels Gate (Pin 1), Driver Source (Pin 2), Power Source (Pin 3,4,5,6,7) and Drain (TAB). Names written = the lead labels of the picture. The tab is not numbered in the datasheet (the package drawing on p.8 has dimensions only); its ledger key is written 'TAB (drain pad)' so that the exposed-pad rule of pin_audit.py maps it to the symbol's extra pin 8 - the datasheet itself only says TAB."
LPJ4012AHNL,"LINK-PP LPJ4012AHNL datasheet (2 pp): the p.1 'PC BOARD CONNECTIONS' schematic prints 1 TD+, 2 TCT, 3 TD-, 4 RD+, 5 RCT, 6 RD-, 7 NC, 8 CHS GROUND (printed on two lines, 'CHS' above 'GROUND 8'), and two LED symbols with numbered terminals only: GREEN (LEFT LED) 10 / 9 and YELLOW (RIGHT LED) 12 / 11. The diode triangles point from 10 to 9 and from 12 to 11, so 10 and 12 are the anodes and 9 and 11 the cathodes (my reading of the symbols; no + / - or anode / cathode text is printed). Names written for 9-12 = their numbers. The p.2 suggested PCB layout shows the same 12 pads numbered 1-12 plus two larger shield holes; J1-J8 in the schematic are the RJ45 jack contacts, not PCB pins."
NSI6651ASC-Q1SWR,"NOVOSENSE NSI66x1A-Q1 datasheet (40 pp, v1.2): Figure 'NSI6651ASC Top View' and Table 1.1 column NSI6651ASC, p.3. VEE2 is on both pin 1 and pin 8; this variant has no ASC pin (that is pin 1 of the NSI6611ASC). Pin 14 prints RST with an overbar and /EN in the figure (written ~RST/EN), FLT carries an overbar (written ~FLT), pin 16 prints TEST in the figure and Test in the table."
SG2M040170HJ,"Sichain SG2M040170HJ datasheet (14 pp, V01_02) has no pin table. The p.1 picture and schematic label the TO-247-4L leads: Drain (Pin 1, TAB), Power Source (Pin 2), Driver Source (Pin 3), Gate (Pin 4). The tab is the drain and is printed as part of 'Pin 1', i.e. it is not a separate numbered terminal in the datasheet (the package drawing on p.11 has dimensions only). Ledger key 'TAB (drain pad)' lets the exposed-pad rule of pin_audit.py map the tab to the symbol's extra pin 5; electrically it is the same node as pin 1."
SN74AHCT08DR,"TI SN54AHCT08 / SN74AHCT08 datasheet SCLS237P: Figure 5-1 (SN74AHCT08 D, DB, DGV, N, NS or PW, 14-pin) and Table 5-1 Pin Functions, SN74AHCT08 column 'D, DB, DGV, N, NS, PW' (p.3). The RGY / BQA column is identical; the SN54 J/W and FK pinouts differ and were not used."
SN74AHCT1G08DBVR,"TI SN74AHCT1G08 datasheet SCLS315S: Figure 4-1 (DBV, DCK and DRL packages, 5-pin) and Table 4-1 Pin Functions (p.3): A 1, B 2, GND 3, Y 4, VCC 5."
SN74LVC07APWR,"TI SN74LVC07A datasheet SCAS595W: Pin Functions table on p.4 (one table for the D, DB, DGV, NS, PW and RGY packages, which share the pin numbers); PW = TSSOP 14."
SN74LVC1G123DCUR,"TI SN74LVC1G123 datasheet SCES586E: Figure 4-2 'DCU Package 8-Pin VSSOP Top View' and Table 4-1 Pin Functions (p.3). A and CLR carry overbars in the figure and table (written ~A, ~CLR); pin 7 is the combined Rext/Cext, pin 6 Cext only."
STK-HO/A 75,"Sinomags STK-HO/A series current sensor datasheet (17 pp, Ver 1.5), section 12 'Dimension & Pin definitions' (p.17, drawing only, no text layer; read from the rendered page). Connection diagram: 1 +Uc, 2 'GND - or 0V' (printed with a dash), 3 Uout, 4 Uref (OUT), 5 NC; the primary pins 6-9 and 10-13 are numbered only (current arrow Ip through them), so name = number. One drawing covers STK-HO/A 50 to 200 (p.1); STK-HO/A 75 is the 75 A version."
TLV9024PWR,"TI TLV902x/TLV903x comparator datasheet SNOSDA3H: Figure 4-5 'D, PW, DYY Package, 14-Pin SOIC, TSSOP, SOT-23' and Table 4-3 Pin Functions: TLV90x4, SOIC column (pp.5-6); TLV9024PWR = TSSOP (PW) 14 per the package option addendum. The datasheet prints the minus signs as typographic en-dashes (IN1-, V-); written with ASCII '-'. The X2QFN (RUC) and WQFN (RTE) pinouts differ."
TLV9064IPWR,"TI TLV9061/TLV9062/TLV9064 datasheet SBOS839N: Figure 5-13 'TLV9064 D or PW Package, 14-Pin SOIC or TSSOP' and Table 5-5 Pin Functions: TLV9064, column 'SOIC, TSSOP' (p.8); TLV9064IPWR = TSSOP (PW) 14 per the package option addendum. Minus signs print as typographic en-dashes (IN1-, V-); written with ASCII '-'. The WQFN and X2QFN columns differ."
TPS3828-33DBVR,"TI TPS3820/3823/3824/3825/3828 datasheet SLVS165O: Figure 5-1 (5-pin SOT-23, TPS3820/TPS3823/TPS3823A/TPS3828, DBV) and Table 5-1 column 'TPS3820, TPS3823, TPS3823A, TPS3828' (p.4). RESET and MR carry overbars in the figure (written ~RESET, ~MR); the TPS3824 and TPS3825 pinouts differ and were not used."
TPS54360BDDAR,"TI TPS54360B datasheet SNVSB93: 'DDA Package 8-Pin HSOIC Top View' and the Pin Functions table (p.3). The table gives the PowerPAD the number 9 and the name 'Thermal Pad' (figure: 'PowerPAD 9'), so it is a numbered row here."
TVT25751KFKG,"Thinking Electronic TVT thermally protected varistor datasheet (21 pp): part code T V T 25 751 K F K G = 25 mm disc, 750 V (751), +/-10 %, F = three-terminal potting structure, KG = straight lead (p.1 key). The p.4 drawing of the potted three-terminal type (TVT25*KFKG) numbers the leads 2, 3, 1 (left to right), and the 'Lead Configuration' schematic on p.13 shows 1 = the end of the varistor (MOV) away from the fuse, 2 = the free end of the thermal fuse element in series with the MOV, 3 = 'Monitor Lead' tapped between the thermal fuse element and the MOV. Only terminal 3 has a printed name; the names of 1 and 2 are their numbers."
WND75P16W6,"WeEn WND75P16W6 datasheet (10 pp), Table 2 Pinning information (p.2): 1 K cathode, 2 A anode, mb 'mounting base; connected to cathode'. The mounting base has no number in the datasheet; its ledger key is written 'mb (mounting pad)' so that the exposed-pad rule of pin_audit.py maps it to the symbol's extra pin 3."
X1G0041710033,"Epson SG-210STF crystal oscillator datasheet (35 pp): terminal assignment on p.24 (section 9-2 SG-210STF; same table on p.2): #1 ST with overbar (H or open = oscillation, L = stop; written ~ST), #2 GND, #3 OUT, #4 VCC. Product number X1G0041710033xx (xx = 00 for 3000 pcs/reel) = SG-210STF 25.000000 MHz (p.1)."
X1270WVS-2x10B-9TV01,"XKB X1270WVS 1.27 mm SMT board-to-board wafer drawing (1 page): the top view numbers the contacts 1, 3, 5 (lower row) and 2, 4, 6 (upper row) at one end and N-1 / N at the other; 2x10 in the part number gives N = 20, so 7-20 follow the printed odd / even pattern. No functional names, so name = number."
X6521FV-2x08-C85D32,"INFERRED NUMBERING: XKB X6521F 2.54 mm female header drawing (1 page) numbers only 1 and 3 (lower row) and 2 and 4 (upper row) in the front view; contacts 5 onward are written by continuing the same odd / even pattern up to the count given by the part number (2x08 = 16). No functional names, so name = number. The drawing's example part is X6521FV-2x05-C85D32; C85 and D32 are the same height and pin-length codes as this orderable."
X6521FV-2x32-C85D32,"INFERRED NUMBERING: XKB X6521F 2.54 mm female header drawing (1 page) numbers only 1 and 3 (lower row) and 2 and 4 (upper row) in the front view; contacts 5 onward are written by continuing the same odd / even pattern up to the count given by the part number (2x32 = 64). No functional names, so name = number. The drawing's example part is X6521FV-2x05-C85D32; C85 and D32 are the same height and pin-length codes as this orderable."
X6521WV-2x05H-C60D30,"INFERRED NUMBERING: XKB X6521W 2.54 mm pin header drawing (1 page) numbers the contacts 1-6 in the top view (1 lower / 2 upper at the first position, 3 / 4 at the second, 5 / 6 at the third); 7-10 are written by continuing the pattern (2x05 = 10). No functional names, so name = number. The drawing's example part is X6521WV-2x05H-C60D75 (pin length D = 7.5 mm); this orderable has D = 3.0 mm, the numbering is the same."
GENERAL,"Conventions used in ledger E: page = PDF page number of the table or figure the rows were read from (equal to the printed page for the TI datasheets). Minus signs are written as ASCII '-', overbars as a leading '~'. A 2-terminal non-polar part whose datasheet prints no terminal numbers or names has no ledger rows and is listed here as NOT AUDITABLE; polarised 2-terminal parts carry their printed polarity labels. Package tabs and mounting bases that the datasheet labels but does not number (IV2Q171R0D7Z, SG2M040170HJ, WND75P16W6) are keyed 'TAB (drain pad)' / 'mb (mounting pad)': pin_audit.py maps an unnumbered extra drawn pin only when the ledger key contains PAD, and it does not compare the tab's name. Where the symbol and the datasheet both print more than one name for a pin, the first / primary name is written (F280039CSPZR) or the label printed at the lead in the package picture (IV2Q171R0D7Z)."
