mpn,pin,name,page
"BZX84-A18,215",1,A,2
"BZX84-A18,215",2,n.c.,2
"BZX84-A18,215",3,K,2
BZX84-B10,1,A,2
BZX84-B10,2,n.c.,2
BZX84-B10,3,K,2
"BZX84-B20,215",1,A,2
"BZX84-B20,215",2,n.c.,2
"BZX84-B20,215",3,K,2
BZX84-B3V3,1,A,2
BZX84-B3V3,2,n.c.,2
BZX84-B3V3,3,K,2
BZX84-B4V7,1,A,2
BZX84-B4V7,2,n.c.,2
BZX84-B4V7,3,K,2
"BZX84-C5V1,215",1,A,2
"BZX84-C5V1,215",2,n.c.,2
"BZX84-C5V1,215",3,K,2
"MMBT3904,215",1,B,1
"MMBT3904,215",2,E,1
"MMBT3904,215",3,C,1
"MMBT3906,215",1,B,1
"MMBT3906,215",2,E,1
"MMBT3906,215",3,C,1
"PBSS5540X,135",1,E,2
"PBSS5540X,135",2,C,2
"PBSS5540X,135",3,B,2
PMV30ENEAR,1,G,2
PMV30ENEAR,2,S,2
PMV30ENEAR,3,D,2
PMEG4010CEJ,1,K,1
PMEG4010CEJ,2,A,1
SM712,1,I/O 1,1
SM712,2,I/O 2,1
SM712,3,GND,1
SS56,K,Cathode,1
SS56,A,Anode,1
US1MH,K,Cathode,1
US1MH,A,Anode,1
SMBJ36A,K,Cathode,3
SMBJ36A,A,Anode,3
SMCJ33A,K,Cathode,3
SMCJ33A,A,Anode,3
SMCJ70A,K,Cathode,3
SMCJ70A,A,Anode,3
35ZLH1500MEFC12.5X30,+,+,2
35ZLH1500MEFC12.5X30,-,-,2
PCV1HVF101MB12FV-WE3,+,+,13
PCV1HVF101MB12FV-WE3,-,-,13
4D03WGJ0103T5E,1,1,4
4D03WGJ0103T5E,2,2,4
4D03WGJ0103T5E,3,3,4
4D03WGJ0103T5E,4,4,4
4D03WGJ0103T5E,5,5,4
4D03WGJ0103T5E,6,6,4
4D03WGJ0103T5E,7,7,4
4D03WGJ0103T5E,8,8,4
BL24C256A-PARC,1,A0,1
BL24C256A-PARC,2,A1,1
BL24C256A-PARC,3,A2,1
BL24C256A-PARC,4,GND,1
BL24C256A-PARC,5,SDA,1
BL24C256A-PARC,6,SCL,1
BL24C256A-PARC,7,WP,1
BL24C256A-PARC,8,VCC,1
CA-IS3050W,1,VCC1,5
CA-IS3050W,2,GND1,5
CA-IS3050W,3,RXD,5
CA-IS3050W,4,NC,5
CA-IS3050W,5,NC,5
CA-IS3050W,6,TXD,5
CA-IS3050W,7,GND1,5
CA-IS3050W,8,GND1,5
CA-IS3050W,9,GND2,5
CA-IS3050W,10,GND2,5
CA-IS3050W,11,NC,5
CA-IS3050W,12,CANL,5
CA-IS3050W,13,CANH,5
CA-IS3050W,14,NC,5
CA-IS3050W,15,GND2,5
CA-IS3050W,16,VCC2,5
CA-IS3082WNX,1,VDDA,6
CA-IS3082WNX,2,GNDA,6
CA-IS3082WNX,3,RO,6
CA-IS3082WNX,4,~RE,6
CA-IS3082WNX,5,DE,6
CA-IS3082WNX,6,DI,6
CA-IS3082WNX,7,NC,6
CA-IS3082WNX,8,GNDA,6
CA-IS3082WNX,9,GNDB,6
CA-IS3082WNX,10,NC,6
CA-IS3082WNX,11,NC,6
CA-IS3082WNX,12,A,6
CA-IS3082WNX,13,B,6
CA-IS3082WNX,14,NC,6
CA-IS3082WNX,15,GNDB,6
CA-IS3082WNX,16,VDDB,6
CA-IS3417WT,1,NC,4
CA-IS3417WT,2,NC,4
CA-IS3417WT,3,CATHODE,4
CA-IS3417WT,4,ANODE,4
CA-IS3417WT,5,CATHODE,4
CA-IS3417WT,6,NC,4
CA-IS3417WT,7,NC,4
CA-IS3417WT,8,NC,4
CA-IS3417WT,9,Drain2,4
CA-IS3417WT,10,Drain2,4
CA-IS3417WT,11,Drain1,4
CA-IS3417WT,12,Drain1,4
CA-IS3820LG,1,VDDA,4
CA-IS3820LG,2,VI1,4
CA-IS3820LG,3,VI2,4
CA-IS3820LG,4,GNDA,4
CA-IS3820LG,5,GNDB,4
CA-IS3820LG,6,VO2,4
CA-IS3820LG,7,VO1,4
CA-IS3820LG,8,VDDB,4
CA-IS3821LG,1,VDDA,4
CA-IS3821LG,2,VI1,4
CA-IS3821LG,3,VO2,4
CA-IS3821LG,4,GNDA,4
CA-IS3821LG,5,GNDB,4
CA-IS3821LG,6,VI2,4
CA-IS3821LG,7,VO1,4
CA-IS3821LG,8,VDDB,4
F280039CSPZR,1,GPIO28,28
F280039CSPZR,2,XRSn,35
F280039CSPZR,3,VDDIO,35
F280039CSPZR,4,VDD,35
F280039CSPZR,5,VSS,35
F280039CSPZR,6,GPIO47,32
F280039CSPZR,7,GPIO48,32
F280039CSPZR,8,GPIO49,32
F280039CSPZR,9,GPIO50,32
F280039CSPZR,10,GPIO51,32
F280039CSPZR,11,GPIO52,33
F280039CSPZR,12,GPIO53,33
F280039CSPZR,13,GPIO54,33
F280039CSPZR,14,A6,17
F280039CSPZR,15,B2,18
F280039CSPZR,16,B3,18
F280039CSPZR,17,A2,16
F280039CSPZR,18,A3,16
F280039CSPZR,19,A14,18
F280039CSPZR,20,A11,17
F280039CSPZR,21,B12,19
F280039CSPZR,22,A1,16
F280039CSPZR,23,A0,16
F280039CSPZR,24,VREFHI,20
F280039CSPZR,25,VREFHI,20
F280039CSPZR,26,VREFLO,20
F280039CSPZR,27,VREFLO,20
F280039CSPZR,28,A12,17
F280039CSPZR,29,C1,19
F280039CSPZR,30,B11,19
F280039CSPZR,31,A7,19
F280039CSPZR,32,B5,18
F280039CSPZR,33,VSSA,35
F280039CSPZR,34,VDDA,35
F280039CSPZR,35,A5,16
F280039CSPZR,36,A4,16
F280039CSPZR,37,A8,17
F280039CSPZR,38,A9,17
F280039CSPZR,39,B4,18
F280039CSPZR,40,A10,17
F280039CSPZR,41,B0,18
F280039CSPZR,42,C14,19
F280039CSPZR,43,GPIO55,33
F280039CSPZR,44,GPIO60,35
F280039CSPZR,45,VSS,35
F280039CSPZR,46,VDD,35
F280039CSPZR,47,VDDIO,35
F280039CSPZR,48,B5,19
F280039CSPZR,49,B11,19
F280039CSPZR,50,GPIO13,25
F280039CSPZR,51,GPIO12,24
F280039CSPZR,52,GPIO11,24
F280039CSPZR,53,GPIO33,29
F280039CSPZR,54,GPIO16,25
F280039CSPZR,55,GPIO17,26
F280039CSPZR,56,GPIO24,27
F280039CSPZR,57,GPIO25,27
F280039CSPZR,58,GPIO26,28
F280039CSPZR,59,GPIO27,28
F280039CSPZR,60,TCK,35
F280039CSPZR,61,GPIO37,30
F280039CSPZR,62,TMS,35
F280039CSPZR,63,GPIO35,30
F280039CSPZR,64,GPIO32,29
F280039CSPZR,65,GPIO56,34
F280039CSPZR,66,GPIO57,34
F280039CSPZR,67,GPIO58,34
F280039CSPZR,68,GPIO18,26
F280039CSPZR,69,GPIO19,26
F280039CSPZR,70,VDDIO,35
F280039CSPZR,71,VDD,35
F280039CSPZR,72,VSS,35
F280039CSPZR,73,VREGENZ,35
F280039CSPZR,74,GPIO8,23
F280039CSPZR,75,GPIO4,22
F280039CSPZR,76,GPIO3,22
F280039CSPZR,77,GPIO2,22
F280039CSPZR,78,GPIO1,22
F280039CSPZR,79,GPIO0,21
F280039CSPZR,80,GPIO40,30
F280039CSPZR,81,GPIO23,27
F280039CSPZR,82,GPIO41,31
F280039CSPZR,83,GPIO22,27
F280039CSPZR,84,GPIO7,23
F280039CSPZR,85,GPIO44,31
F280039CSPZR,86,VSS,35
F280039CSPZR,87,VDD,35
F280039CSPZR,88,VDDIO,35
F280039CSPZR,89,GPIO5,23
F280039CSPZR,90,GPIO9,24
F280039CSPZR,91,GPIO61,35
F280039CSPZR,92,GPIO59,34
F280039CSPZR,93,GPIO10,24
F280039CSPZR,94,GPIO34,29
F280039CSPZR,95,GPIO15,25
F280039CSPZR,96,GPIO14,25
F280039CSPZR,97,GPIO6,23
F280039CSPZR,98,GPIO30,29
F280039CSPZR,99,GPIO31,29
F280039CSPZR,100,GPIO29,28
IV2Q171R0D7Z,1,G,1
IV2Q171R0D7Z,2,KS,1
IV2Q171R0D7Z,3,S,1
IV2Q171R0D7Z,4,S,1
IV2Q171R0D7Z,5,S,1
IV2Q171R0D7Z,6,S,1
IV2Q171R0D7Z,7,S,1
IV2Q171R0D7Z,TAB (drain pad),Drain,1
LPJ4012AHNL,1,TD+,1
LPJ4012AHNL,2,TCT,1
LPJ4012AHNL,3,TD-,1
LPJ4012AHNL,4,RD+,1
LPJ4012AHNL,5,RCT,1
LPJ4012AHNL,6,RD-,1
LPJ4012AHNL,7,NC,1
LPJ4012AHNL,8,CHS GROUND,1
LPJ4012AHNL,9,9,1
LPJ4012AHNL,10,10,1
LPJ4012AHNL,11,11,1
LPJ4012AHNL,12,12,1
NSI6651ASC-Q1SWR,1,VEE2,3
NSI6651ASC-Q1SWR,2,DESAT,3
NSI6651ASC-Q1SWR,3,GND2,3
NSI6651ASC-Q1SWR,4,OUTH,3
NSI6651ASC-Q1SWR,5,VCC2,3
NSI6651ASC-Q1SWR,6,OUTL,3
NSI6651ASC-Q1SWR,7,CLAMP,3
NSI6651ASC-Q1SWR,8,VEE2,3
NSI6651ASC-Q1SWR,9,GND1,3
NSI6651ASC-Q1SWR,10,IN+,3
NSI6651ASC-Q1SWR,11,IN-,3
NSI6651ASC-Q1SWR,12,RDY,3
NSI6651ASC-Q1SWR,13,~FLT,3
NSI6651ASC-Q1SWR,14,~RST/EN,3
NSI6651ASC-Q1SWR,15,VCC1,3
NSI6651ASC-Q1SWR,16,TEST,3
SG2M040170HJ,1,Drain,1
SG2M040170HJ,2,Power Source,1
SG2M040170HJ,3,Driver Source,1
SG2M040170HJ,4,Gate,1
SG2M040170HJ,TAB (drain pad),Drain,1
SN74AHCT08DR,1,1A,3
SN74AHCT08DR,2,1B,3
SN74AHCT08DR,3,1Y,3
SN74AHCT08DR,4,2A,3
SN74AHCT08DR,5,2B,3
SN74AHCT08DR,6,2Y,3
SN74AHCT08DR,7,GND,3
SN74AHCT08DR,8,3Y,3
SN74AHCT08DR,9,3A,3
SN74AHCT08DR,10,3B,3
SN74AHCT08DR,11,4Y,3
SN74AHCT08DR,12,4A,3
SN74AHCT08DR,13,4B,3
SN74AHCT08DR,14,VCC,3
SN74AHCT1G08DBVR,1,A,3
SN74AHCT1G08DBVR,2,B,3
SN74AHCT1G08DBVR,3,GND,3
SN74AHCT1G08DBVR,4,Y,3
SN74AHCT1G08DBVR,5,VCC,3
SN74LVC07APWR,1,1A,4
SN74LVC07APWR,2,1Y,4
SN74LVC07APWR,3,2A,4
SN74LVC07APWR,4,2Y,4
SN74LVC07APWR,5,3A,4
SN74LVC07APWR,6,3Y,4
SN74LVC07APWR,7,GND,4
SN74LVC07APWR,8,4Y,4
SN74LVC07APWR,9,4A,4
SN74LVC07APWR,10,5Y,4
SN74LVC07APWR,11,5A,4
SN74LVC07APWR,12,6Y,4
SN74LVC07APWR,13,6A,4
SN74LVC07APWR,14,VCC,4
SN74LVC1G123DCUR,1,~A,3
SN74LVC1G123DCUR,2,B,3
SN74LVC1G123DCUR,3,~CLR,3
SN74LVC1G123DCUR,4,GND,3
SN74LVC1G123DCUR,5,Q,3
SN74LVC1G123DCUR,6,Cext,3
SN74LVC1G123DCUR,7,Rext/Cext,3
SN74LVC1G123DCUR,8,VCC,3
STK-HO/A 75,1,+Uc,17
STK-HO/A 75,2,GND - or 0V,17
STK-HO/A 75,3,Uout,17
STK-HO/A 75,4,Uref (OUT),17
STK-HO/A 75,5,NC,17
STK-HO/A 75,6,6,17
STK-HO/A 75,7,7,17
STK-HO/A 75,8,8,17
STK-HO/A 75,9,9,17
STK-HO/A 75,10,10,17
STK-HO/A 75,11,11,17
STK-HO/A 75,12,12,17
STK-HO/A 75,13,13,17
TLV9024PWR,1,OUT2,5
TLV9024PWR,2,OUT1,5
TLV9024PWR,3,V+,5
TLV9024PWR,4,IN1-,5
TLV9024PWR,5,IN1+,5
TLV9024PWR,6,IN2-,5
TLV9024PWR,7,IN2+,5
TLV9024PWR,8,IN3-,5
TLV9024PWR,9,IN3+,5
TLV9024PWR,10,IN4-,5
TLV9024PWR,11,IN4+,5
TLV9024PWR,12,V-,5
TLV9024PWR,13,OUT4,5
TLV9024PWR,14,OUT3,5
TLV9064IPWR,1,OUT1,8
TLV9064IPWR,2,IN1-,8
TLV9064IPWR,3,IN1+,8
TLV9064IPWR,4,V+,8
TLV9064IPWR,5,IN2+,8
TLV9064IPWR,6,IN2-,8
TLV9064IPWR,7,OUT2,8
TLV9064IPWR,8,OUT3,8
TLV9064IPWR,9,IN3-,8
TLV9064IPWR,10,IN3+,8
TLV9064IPWR,11,V-,8
TLV9064IPWR,12,IN4+,8
TLV9064IPWR,13,IN4-,8
TLV9064IPWR,14,OUT4,8
TPS3828-33DBVR,1,~RESET,4
TPS3828-33DBVR,2,GND,4
TPS3828-33DBVR,3,~MR,4
TPS3828-33DBVR,4,WDI,4
TPS3828-33DBVR,5,VDD,4
TPS54360BDDAR,1,BOOT,3
TPS54360BDDAR,2,VIN,3
TPS54360BDDAR,3,EN,3
TPS54360BDDAR,4,RT/CLK,3
TPS54360BDDAR,5,FB,3
TPS54360BDDAR,6,COMP,3
TPS54360BDDAR,7,GND,3
TPS54360BDDAR,8,SW,3
TPS54360BDDAR,9,Thermal Pad,3
TVT25751KFKG,1,1,13
TVT25751KFKG,2,2,13
TVT25751KFKG,3,Monitor Lead,13
WND75P16W6,1,K,2
WND75P16W6,2,A,2
WND75P16W6,mb (mounting pad),mb,2
X1G0041710033,1,~ST,24
X1G0041710033,2,GND,24
X1G0041710033,3,OUT,24
X1G0041710033,4,VCC,24
X1270WVS-2x10B-9TV01,1,1,1
X1270WVS-2x10B-9TV01,2,2,1
X1270WVS-2x10B-9TV01,3,3,1
X1270WVS-2x10B-9TV01,4,4,1
X1270WVS-2x10B-9TV01,5,5,1
X1270WVS-2x10B-9TV01,6,6,1
X1270WVS-2x10B-9TV01,7,7,1
X1270WVS-2x10B-9TV01,8,8,1
X1270WVS-2x10B-9TV01,9,9,1
X1270WVS-2x10B-9TV01,10,10,1
X1270WVS-2x10B-9TV01,11,11,1
X1270WVS-2x10B-9TV01,12,12,1
X1270WVS-2x10B-9TV01,13,13,1
X1270WVS-2x10B-9TV01,14,14,1
X1270WVS-2x10B-9TV01,15,15,1
X1270WVS-2x10B-9TV01,16,16,1
X1270WVS-2x10B-9TV01,17,17,1
X1270WVS-2x10B-9TV01,18,18,1
X1270WVS-2x10B-9TV01,19,19,1
X1270WVS-2x10B-9TV01,20,20,1
X6521FV-2x08-C85D32,1,1,1
X6521FV-2x08-C85D32,2,2,1
X6521FV-2x08-C85D32,3,3,1
X6521FV-2x08-C85D32,4,4,1
X6521FV-2x08-C85D32,5,5,1
X6521FV-2x08-C85D32,6,6,1
X6521FV-2x08-C85D32,7,7,1
X6521FV-2x08-C85D32,8,8,1
X6521FV-2x08-C85D32,9,9,1
X6521FV-2x08-C85D32,10,10,1
X6521FV-2x08-C85D32,11,11,1
X6521FV-2x08-C85D32,12,12,1
X6521FV-2x08-C85D32,13,13,1
X6521FV-2x08-C85D32,14,14,1
X6521FV-2x08-C85D32,15,15,1
X6521FV-2x08-C85D32,16,16,1
X6521FV-2x32-C85D32,1,1,1
X6521FV-2x32-C85D32,2,2,1
X6521FV-2x32-C85D32,3,3,1
X6521FV-2x32-C85D32,4,4,1
X6521FV-2x32-C85D32,5,5,1
X6521FV-2x32-C85D32,6,6,1
X6521FV-2x32-C85D32,7,7,1
X6521FV-2x32-C85D32,8,8,1
X6521FV-2x32-C85D32,9,9,1
X6521FV-2x32-C85D32,10,10,1
X6521FV-2x32-C85D32,11,11,1
X6521FV-2x32-C85D32,12,12,1
X6521FV-2x32-C85D32,13,13,1
X6521FV-2x32-C85D32,14,14,1
X6521FV-2x32-C85D32,15,15,1
X6521FV-2x32-C85D32,16,16,1
X6521FV-2x32-C85D32,17,17,1
X6521FV-2x32-C85D32,18,18,1
X6521FV-2x32-C85D32,19,19,1
X6521FV-2x32-C85D32,20,20,1
X6521FV-2x32-C85D32,21,21,1
X6521FV-2x32-C85D32,22,22,1
X6521FV-2x32-C85D32,23,23,1
X6521FV-2x32-C85D32,24,24,1
X6521FV-2x32-C85D32,25,25,1
X6521FV-2x32-C85D32,26,26,1
X6521FV-2x32-C85D32,27,27,1
X6521FV-2x32-C85D32,28,28,1
X6521FV-2x32-C85D32,29,29,1
X6521FV-2x32-C85D32,30,30,1
X6521FV-2x32-C85D32,31,31,1
X6521FV-2x32-C85D32,32,32,1
X6521FV-2x32-C85D32,33,33,1
X6521FV-2x32-C85D32,34,34,1
X6521FV-2x32-C85D32,35,35,1
X6521FV-2x32-C85D32,36,36,1
X6521FV-2x32-C85D32,37,37,1
X6521FV-2x32-C85D32,38,38,1
X6521FV-2x32-C85D32,39,39,1
X6521FV-2x32-C85D32,40,40,1
X6521FV-2x32-C85D32,41,41,1
X6521FV-2x32-C85D32,42,42,1
X6521FV-2x32-C85D32,43,43,1
X6521FV-2x32-C85D32,44,44,1
X6521FV-2x32-C85D32,45,45,1
X6521FV-2x32-C85D32,46,46,1
X6521FV-2x32-C85D32,47,47,1
X6521FV-2x32-C85D32,48,48,1
X6521FV-2x32-C85D32,49,49,1
X6521FV-2x32-C85D32,50,50,1
X6521FV-2x32-C85D32,51,51,1
X6521FV-2x32-C85D32,52,52,1
X6521FV-2x32-C85D32,53,53,1
X6521FV-2x32-C85D32,54,54,1
X6521FV-2x32-C85D32,55,55,1
X6521FV-2x32-C85D32,56,56,1
X6521FV-2x32-C85D32,57,57,1
X6521FV-2x32-C85D32,58,58,1
X6521FV-2x32-C85D32,59,59,1
X6521FV-2x32-C85D32,60,60,1
X6521FV-2x32-C85D32,61,61,1
X6521FV-2x32-C85D32,62,62,1
X6521FV-2x32-C85D32,63,63,1
X6521FV-2x32-C85D32,64,64,1
X6521WV-2x05H-C60D30,1,1,1
X6521WV-2x05H-C60D30,2,2,1
X6521WV-2x05H-C60D30,3,3,1
X6521WV-2x05H-C60D30,4,4,1
X6521WV-2x05H-C60D30,5,5,1
X6521WV-2x05H-C60D30,6,6,1
X6521WV-2x05H-C60D30,7,7,1
X6521WV-2x05H-C60D30,8,8,1
X6521WV-2x05H-C60D30,9,9,1
X6521WV-2x05H-C60D30,10,10,1
STK-250HO/4,1,+Uc,19
STK-250HO/4,2,GND-or 0V,19
STK-250HO/4,3,Uout,19
STK-250HO/4,4,Uref (OUT),19
STK-250HO/4,5,OCD,19
