mpn,boards,pins,result,issues
0090.1001,AUX-HV,2,PASS,
150060RS75000,CTRL-C2000 SYS-IO-AUX,2,PASS,
150060VS75000,CTRL-C2000 SYS-IO-AUX,2,PASS,
1720466,SYS-IO-AUX,2,NOT AUDITABLE,"SKIPPED: ds is an https URL (Phoenix Contact product page), no local PDF; nothing downloaded; no rows written"
1720479,AUX-HV SYS-IO-AUX,3,NOT AUDITABLE,"SKIPPED: ds is an https URL (Phoenix Contact product page), no local PDF; nothing downloaded; no rows written"
1803293,DAB60 SYS-IO-AUX,4,NOT AUDITABLE,"SKIPPED: ds is an https URL (Phoenix Contact product page), no local PDF; nothing downloaded; no rows written"
1803316,BMU-GW,6,NOT AUDITABLE,"SKIPPED: ds is an https URL (phoenixcontact.com product page), not a file; nothing downloaded, no rows written (pin_count 6 not checked)."
1803358,SYS-IO-AUX,10,NOT AUDITABLE,"SKIPPED: ds is an https URL (Phoenix Contact product page), no local PDF; nothing downloaded; no rows written"
24LC256T-I/SN,CTRL-C2000,8,PASS,
2N7002BK,DAB60 GDRV-HB PVCELL-25,3,PASS,
"2N7002BK,215",AUX-HV SYS-IO-AUX,3,PASS,
3100U00031461,DAB60 PV-PORT,2,NOT AUDITABLE,"NOT AUDITABLE: Honeywell 3100U SPST hermetic thermostat datasheet (1 page) shows outline styles T116 / B209 with no terminal numbers or names; 2-terminal non-polar switch (part 3100U 00031461 = close-on-rise, 180 F close / 160 F open per p.1 table)."
3405.0163.24,PVCELL-25,2,NOT AUDITABLE,"NOT AUDITABLE: Schurter UMF 250 datasheet (4 pages) shows no terminal numbers; 2-terminal non-polar SMD fuse (3405.0163.24 = 0.5 A, tape-and-reel packing '.24', p.3). pin_count 2 agrees."
434121025816,CTRL-C2000,2,PASS,
50ZLH1000MEFC16X25,SYS-IO-AUX,2,PASS,
50ZLH100MEFC8X11.5,PVCELL-25,2,PASS,
61202621621,CTRL-C2000 DAB60 PV-PORT,26,PASS,
61204021621,CTRL-C2000 DAB60 PVCELL-25,40,PASS,
691322110002,DAB60 PV-PORT,2,PASS,
691322310014,DAB60 PV-PORT,14,PASS,
742792641,CTRL-C2000,2,PASS,
74437368150,CTRL-C2000,2,PASS,
74438356022,CTRL-C2000,2,PASS,
74439346100,DAB60 PV-PORT PVCELL-25 SYS-IO-AUX,2,PASS,
7461057,AUX-HV DAB60 PV-PORT PVCELL-25,1,NOT AUDITABLE,"SKIPPED: datasheet (p1) shows one M3 internally threaded terminal with six press-fit legs (two rows of three, 'N per Pin' ratings) and prints no terminal number or name; pin_count 1; no rows written"
7499010211A,SYS-IO-AUX,11,PASS,
750315371,BMU-GW,6,PASS,
760390014,SYS-IO-AUX,6,PASS,
875115655003,AUX-HV,2,PASS,
952515,DAB60 PV-PORT,3,NOT AUDITABLE,"SKIPPED: ds is an https URL (DEHN store page), no local PDF; nothing downloaded; no rows written"
AC10000002209JAB00,AUX-HV,2,NOT AUDITABLE,"NOT AUDITABLE: Vishay AC/AC-AT/AC-NI cemented wirewound resistor datasheet shows no terminal numbers; 2-terminal non-polar axial resistor (AC10, 22 ohm +/-5 %, packaging AB per part-number key on p.2). pin_count 2 agrees."
ADS7953SDBTR,SYS-IO-AUX,38,PASS,
AM26LV31EIDR,CTRL-C2000 DAB60 PVCELL-25,16,PASS,
AM26LV32EIDR,CTRL-C2000 DAB60 PVCELL-25,16,PASS,
AMC3302DWE,DAB60 PV-PORT,16,PASS,
AMC3330DWE,DAB60 PV-PORT,16,PASS,
ASDMB-25.000MHZ-XC-T,CTRL-C2000,4,PASS,
ATL431BIDBZR,AUX-HV,3,PASS,
B57703M0103A018,DAB60 PV-PORT PVCELL-25,2,PASS,
B57703M0103A019,DAB60,2,PASS,
B72210S0300K101,DAB60 PV-PORT,2,PASS,
B88269X7340C011,DAB60 PV-PORT,6,PASS,
BAS16,DAB60 PV-PORT,3,PASS,
"BAS16,215",AUX-HV,3,PASS,
BAT54,DAB60 GDRV-HB PVCELL-25,3,PASS,
"BAT54,215",AUX-HV,3,PASS,
BAT54C-7-F,SYS-IO-AUX,3,PASS,
BAT54S,DAB60 GDRV-HB PVCELL-25,3,PASS,
"BAT54S,215",AUX-HV,3,PASS,
BAT54S-7-F,CTRL-C2000 SYS-IO-AUX,3,NOT AUDITABLE,"SKIPPED: datasheet (DS11005 Rev 34-2) shows only an unnumbered SOT23 top-view circuit diagram (p1) and unnumbered package/pad drawings (p4); no pin numbers and no pin names anywhere. Topology only: two series diodes, single terminal on the top edge = common node, bottom-edge terminals = anode of D1 and cathode of D2. No rows written."
"BC817-25,215",AUX-HV,3,PASS,
BSS126H6327XTSA2,AUX-HV,3,PASS,
BSS138BK,DAB60 PV-PORT,3,PASS,
BYG10Y-E3/TR,AUX-HV,2,PASS,
BZX84-B16,DAB60 GDRV-HB,3,PASS,
"BZX84-B16,215",AUX-HV,3,PASS,
"BZX84-B18,215",AUX-HV,3,PASS,
BZX84-B22,PVCELL-25,3,PASS,
"BZX84-B3V3,215",AUX-HV,3,PASS,
BZX84-B5V6,DAB60 GDRV-HB PVCELL-25,3,PASS,
"BZX84-B6V8,215",AUX-HV,3,PASS,
"BZX84-C12,215",SYS-IO-AUX,3,PASS,
BZX84-C15,DAB60 PV-PORT,3,PASS,
C2M1000170D,DAB60 PV-PORT,3,PASS,
C3M0900170J-TR,AUX-HV,8,PASS,
C4AQQEW5650A3BJ,DAB60,4,NOT AUDITABLE,"SKIPPED: 4-lead version (S 52.5 / S1 20.3, table p14); datasheet p3 shows only an unlabelled '4-pin' capacitor symbol (two leads on each electrode) with no terminal numbers or names; which leads pair up is not stated; no rows written"
C4AQUBU4220A1YJ,PVCELL-25,2,PASS,
C4AQUBU4330A11J,AUX-HV,2,NOT AUDITABLE,"NOT AUDITABLE: KEMET C4AQ datasheet (20 pp) dimension drawing p.3 shows the 2-pin version only as an unnumbered non-polar capacitor symbol (terminal code U = 2 pins in the part-number key, p.1); no terminal numbers or names. pin_count 2 agrees with the 2-pin form (the 4-pin W form is a different orderable)."
C4AQUEW5450A3BJ,DAB60 PVCELL-25,4,NOT AUDITABLE,"SKIPPED: 4-lead version (S 52.5 / S1 20.3, table p14); datasheet p3 shows only an unlabelled '4-pin' capacitor symbol (two leads on each electrode) with no terminal numbers or names; which leads pair up is not stated; no rows written"
CBB011M12GM4T,DAB60,34,PASS,
CDSOT23-SM712,BMU-GW SYS-IO-AUX,3,PASS,
CNY65B,AUX-HV,4,PASS,
CRCW251215R0FKEGHP,PVCELL-25,2,NOT AUDITABLE,NOT AUDITABLE: Vishay CRCW-HP thick-film chip resistor datasheet (11 pp) shows no terminal numbers; 2-terminal non-polar resistor. pin_count 2 agrees.
CRHV2512AF10M0FKFB,AUX-HV,2,PASS,
CSD18532Q5B,SYS-IO-AUX,8,PASS,
CSM2F-8518-L100J01,DAB60 PV-PORT,4,NOT AUDITABLE,"SKIPPED: datasheet p2-p3 shows two end terminals (mounting holes, only called 'Tinned Terminals') plus two 'VOLTAGE TEST POINTS' / 'VOLTAGE SENSE PADS' with no individual names or numbers for any of the four; no rows written (pin_count 4)"
DD600N16K,DAB60,3,PASS,
DP83822IRHBR,CTRL-C2000,33,PASS,
ESD2CAN24DBZRQ1,BMU-GW SYS-IO-AUX,3,PASS,
F28388DZWTS,CTRL-C2000,337,PASS,
FM24CL64B-GTR,SYS-IO-AUX,8,PASS,
FTSH-110-01-L-DV-K,CTRL-C2000,20,NOT AUDITABLE,"SKIPPED: Samtec F-226 FTSH sheet (1 page) has only the part-number key and mechanical drawings; no contact numbers and no pin-1 mark on any drawing (only a small unlabelled mark on one contact of the -EX view). Key decodes FTSH-110 = series digit 1 + 10 pins per row; -DV = double (two-row) vertical, so 20 contacts, matching pin_count. No rows written."
G7L-2A-X DC24,DAB60 PV-PORT,6,PASS,
HOB 130-P,DAB60,13,PASS,
HP10NH1GPV160,DAB60 PV-PORT,2,PASS,
IRFL214TRPbF,DAB60 PV-PORT,3,PASS,
IRFR9214TRPbF,DAB60 PV-PORT,3,PASS,
ISO1042DWR,BMU-GW SYS-IO-AUX,16,PASS,
ISO1211DR,SYS-IO-AUX,8,PASS,
ISO1212DBQR,SYS-IO-AUX,16,PASS,
ISO1410DWR,BMU-GW SYS-IO-AUX,16,PASS,
ISO7720FDWR,DAB60,16,PASS,
LA 150-P,PVCELL-25,4,PASS,
LM2903BIDR,SYS-IO-AUX,8,PASS,
LM4040AIM3-2.5/NOPB,PVCELL-25,3,PASS,
LM74700QDBVRQ1,SYS-IO-AUX,6,PASS,
LM74800QDRRRQ1,SYS-IO-AUX,13,PASS,
LMR36015ARNXR,DAB60 PV-PORT PVCELL-25 SYS-IO-AUX,12,PASS,
LMR38020FDDAR,CTRL-C2000,9,PASS,
MCP23S17T-E/SS,SYS-IO-AUX,28,PASS,
MMBT3904-7-F,DAB60 PV-PORT,3,PASS,
MMBT3906-7-F,DAB60 PV-PORT,3,PASS,
MSC035SMA170B4,PVCELL-25,5,PASS,
OPA2322AIDGKR,PVCELL-25,8,PASS,
OPA2388IDR,CTRL-C2000 DAB60,8,PASS,
OPA4322AIPWR,PVCELL-25,14,PASS,
OPA4388IPWR,CTRL-C2000 DAB60,14,PASS,
PMEG4010CEJ,BMU-GW PVCELL-25 SYS-IO-AUX,2,NOT AUDITABLE,"SKIPPED: ds is an https URL (nexperia.com product page), not a file; nothing downloaded, no rows written (pin_count 2 not checked)."
REF3020EAIDBZR,DAB60,3,PASS,
REF3025AIDBZR,SYS-IO-AUX,3,PASS,
REF3030EAIDBZR,DAB60 PV-PORT,3,PASS,
REF5025EID,SYS-IO-AUX,8,PASS,
REF5025EIDR,CTRL-C2000,8,PASS,
RS3-2415D,PVCELL-25,7,PASS,
S2M-13-F,DAB60 PV-PORT,2,PASS,
SF-2923HC30C-2,SYS-IO-AUX,2,PASS,
SMAJ12A,SYS-IO-AUX,2,PASS,
SMAJ33A,SYS-IO-AUX,2,PASS,
SMAJ36A,SYS-IO-AUX,2,PASS,
SMBJ33A,DAB60 PV-PORT,2,PASS,
SMCJ100A,AUX-HV,2,NOT AUDITABLE,"NOT AUDITABLE: Bourns SMCJ datasheet (6 pp) shows no terminal numbers or names; the DO-214AB (SMC) outline on p.3 is unmarked. Only polarity text on p.3 'Physical Specifications': 'Polarity: Cathode band indicates unidirectional device; No cathode band indicates bidirectional device'. SMCJ100A has suffix 'A' = 5 % tolerance UNIdirectional (p.1 How to Order), so the cathode band marks the cathode terminal and the other terminal is the anode (reverse stand-off 100 V, V(BR) 111-123 V, p.2). 2-terminal part; pin_count 2 agrees."
SMCJ33CA,SYS-IO-AUX,2,PASS,
SN6505BDBVR,BMU-GW SYS-IO-AUX,6,PASS,
SN74LVC08ADR,PVCELL-25,14,PASS,
SN74LVC08APWR,DAB60 SYS-IO-AUX,14,PASS,
SN74LVC11ADR,CTRL-C2000 PVCELL-25,14,PASS,
SN74LVC1G08DBVR,DAB60 PVCELL-25 SYS-IO-AUX,5,PASS,
SN74LVC1G11DBVR,DAB60 PV-PORT SYS-IO-AUX,6,PASS,
SN74LVC1G17DBVR,AUX-HV CTRL-C2000 DAB60 GDRV-HB PV-PORT PVCELL-25 SYS-IO-AUX,5,PASS,
SN74LVC1G32DBVR,DAB60 PV-PORT,5,PASS,
SN74LVC1G74DCUR,DAB60 PVCELL-25 SYS-IO-AUX,8,PASS,
SN74LVC244ADWR,CTRL-C2000,20,PASS,
SSW-105-01-G-D,SYS-IO-AUX,10,NOT AUDITABLE,"SKIPPED, no rows: Samtec-SSW.pdf is a 1-page SSW/SSQ catalog sheet (F-226) that shows no contact numbers. MPN decodes to 5 positions per row x 2 rows = 10 contacts (equals pin_count)."
SSW-140-01-G-D,SYS-IO-AUX,80,NOT AUDITABLE,"SKIPPED, no rows: same Samtec-SSW.pdf sheet, no contact numbers shown. MPN decodes to 40 positions per row x 2 rows = 80 contacts (equals pin_count)."
THVD1450DR,CTRL-C2000,8,PASS,
TLV3202AIDGKR,AUX-HV,8,PASS,
TLV3502AID,PVCELL-25,8,PASS,
TLV3502AIDCNR,DAB60 PV-PORT,8,PASS,
TMP1075DR,SYS-IO-AUX,8,PASS,
TMUX1208PWR,CTRL-C2000,16,PASS,
TNPV12061M00BEEA,DAB60 PV-PORT,2,PASS,
TNPV12062M00BEEA,DAB60 PV-PORT,2,PASS,
TNPV1210124KBEEA,PV-PORT PVCELL-25,2,PASS,
TNPW12064K99BEEA,DAB60 PV-PORT,2,PASS,
TPS16630PWPR,SYS-IO-AUX,21,PASS,
TPS26600PWPR,CTRL-C2000,17,PASS,
TPS272C45DRHFR,SYS-IO-AUX,25,PASS,
TPS3700DDCR,AUX-HV SYS-IO-AUX,6,PASS,
TPS3703A4330DSER,CTRL-C2000,6,PASS,
TPS3703F6050DSER,CTRL-C2000,6,PASS,
TPS3710DDCR,AUX-HV DAB60 PVCELL-25 SYS-IO-AUX,6,PASS,
TPS3850G33DRCR,SYS-IO-AUX,11,PASS,
TPS62130RGTR,CTRL-C2000,17,PASS,
TPS62133RGTR,CTRL-C2000,17,PASS,
TPS7A2033PDBVR,CTRL-C2000 DAB60 SYS-IO-AUX,5,PASS,
TPS7A2650DRVR,SYS-IO-AUX,7,PASS,
TPSI3050QDWZRQ1,DAB60 PV-PORT,8,PASS,
TSW-101-07-G-S,GDRV-HB,1,NOT AUDITABLE,"SKIPPED, no rows: ds is an https URL (suddendocs.samtec.com tsw_th.pdf); not downloaded."
TSW-102-07-G-S,PVCELL-25 SYS-IO-AUX,2,NOT AUDITABLE,"SKIPPED, no rows: local Samtec-TSW.pdf (2-page TSW/HTSW catalog sheet F-226) shows no contact numbering. Also the plating code G in the MPN is not among the plating options printed in that sheet (F, GF, L, T)."
TSW-103-07-G-S,CTRL-C2000,3,NOT AUDITABLE,"SKIPPED: Samtec F-226 TSW/HTSW sheet (2 pages) has only the part-number key and mechanical drawings; no contact numbers and no pin-1 mark anywhere. Key decodes -103 = 3 per row, -S single row = 3 contacts (matches pin_count). No rows written."
TSW-104-07-G-S,GDRV-HB,4,NOT AUDITABLE,"SKIPPED, no rows: ds is an https URL (suddendocs.samtec.com tsw_th.pdf); not downloaded."
TSW-105-07-G-D,BMU-GW,10,NOT AUDITABLE,"SKIPPED: ds is an https URL (suddendocs.samtec.com catalog PDF), not a file; nothing downloaded, no rows written (pin_count 10 not checked). The local Samtec-TSW.pdf used for the other TSW parts has no contact numbering either."
TSW-106-07-G-S,GDRV-HB,6,NOT AUDITABLE,"SKIPPED, no rows: ds is an https URL (suddendocs.samtec.com tsw_th.pdf); not downloaded."
TSW-108-07-G-D,GDRV-HB,16,NOT AUDITABLE,"SKIPPED, no rows: ds is an https URL (suddendocs.samtec.com tsw_th.pdf); not downloaded."
TSW-110-07-G-D,CTRL-C2000,20,NOT AUDITABLE,"SKIPPED: Samtec F-226 TSW/HTSW sheet (2 pages) has only the part-number key and mechanical drawings; no contact numbers and no pin-1 mark anywhere. Key decodes -110 = 10 per row, -D double row = 20 contacts (matches pin_count). No rows written."
TSW-140-07-G-D,CTRL-C2000,80,NOT AUDITABLE,"SKIPPED: Samtec F-226 TSW/HTSW sheet (2 pages) has only the part-number key and mechanical drawings; no contact numbers and no pin-1 mark anywhere. Key decodes -140 = 40 per row, -D double row = 80 contacts (matches pin_count). No rows written."
UCC12050DVE,DAB60,16,PASS,
UCC14241QDWNRQ1,DAB60 GDRV-HB PVCELL-25,36,PASS,
UCC21710DWR,DAB60 GDRV-HB PVCELL-25,16,PASS,
UCC28C59QDRQ1,AUX-HV,8,PASS,
US1G-13-F,AUX-HV,2,PASS,
US1M-13-F,DAB60 GDRV-HB PVCELL-25,2,PASS,
VS-60EPS16-M3,PVCELL-25,3,PASS,
VS-8ETU04S-M3,AUX-HV,3,PASS,
VY1472M63Y5UQ63V0,DAB60 PV-PORT,2,PASS,
ZXTP25040DFHTA,PVCELL-25,3,PASS,
