mpn,mfr,pkg,ds,pin_count,boards
150060RS75000,Wurth Elektronik,0603,docs/datasheets/passives-capacitors/WE-150060RS75000.pdf,2,CTRL-C2000 SYS-IO-AUX
150060VS75000,Wurth Elektronik,0603,docs/datasheets/passives-capacitors/WE-150060VS75000.pdf,2,CTRL-C2000 SYS-IO-AUX
1803316,Phoenix Contact,"MC 1,5/6-G-3,81",https://www.phoenixcontact.com/en-us/products/pcb-header-mc-15-6-g-381-1803316,6,BMU-GW
24LC256T-I/SN,Microchip,SOIC-8 (SN),docs/datasheets/controllers/24LC256.pdf,8,CTRL-C2000
434121025816,Wurth Elektronik,SMD 6.0x3.8 mm,docs/datasheets/connectors/WE-434121025816.pdf,2,CTRL-C2000
61202621621,Wurth Elektronik,WR-BHD 2x13 2.54 mm THT,docs/datasheets/connectors/WE-61202621621.pdf,26,CTRL-C2000 PV-PORT
61204021621,Wurth Elektronik,WR-BHD 2x20 2.54 mm THT,docs/datasheets/connectors/WE-61204021621.pdf,40,CTRL-C2000
742792641,Wurth Elektronik,0603,docs/datasheets/magnetics/WE-742792641.pdf,2,CTRL-C2000
74437368150,Wurth Elektronik,WE-LHMI,docs/datasheets/magnetics/WE-74437368150.pdf,2,CTRL-C2000
74438356022,Wurth Elektronik,WE-MAPI 4020,docs/datasheets/magnetics/WE-74438356022.pdf,2,CTRL-C2000
750315371,Wurth Elektronik,SMD 6-pin 8.3x12.6 mm,docs/datasheets/magnetics/WE-750315371.pdf,6,BMU-GW SYS-IO-AUX
AM26LV31EIDR,Texas Instruments,SOIC-16 (D),docs/datasheets/isolation-interface/AM26LV31E.pdf,16,CTRL-C2000
AM26LV32EIDR,Texas Instruments,SOIC-16 (D),docs/datasheets/isolation-interface/AM26LV32E.pdf,16,CTRL-C2000
ASDMB-25.000MHZ-XC-T,Abracon,2.5x2.0 mm 4-pad,docs/datasheets/timing/ASDMB.pdf,4,CTRL-C2000
BAT54S-7-F,Diodes Incorporated,SOT-23,docs/datasheets/protection/BAT54S-Diodes.pdf,3,CTRL-C2000 SYS-IO-AUX
CDSOT23-SM712,Bourns,SOT-23,docs/datasheets/protection/CDSOT23-SM712.pdf,3,BMU-GW SYS-IO-AUX
DP83822IRHBR,Texas Instruments,VQFN-32 5x5 (RHB),docs/datasheets/isolation-interface/DP83822I.pdf,33,CTRL-C2000
ESD2CAN24DBZRQ1,Texas Instruments,SOT-23 (DBZ),docs/datasheets/protection/ESD2CAN24-Q1.pdf,3,BMU-GW SYS-IO-AUX
F28388DZWTS,Texas Instruments,nFBGA-337 (ZWT) 16x16 mm 0.8 mm,docs/datasheets/controllers/TMS320F28388D.pdf,337,CTRL-C2000
FTSH-110-01-L-DV-K,Samtec,2x10 1.27 mm SMT keyed,docs/datasheets/connectors/Samtec-FTSH.pdf,20,CTRL-C2000
ISO1042DWR,Texas Instruments,SOIC-16W (DW),docs/datasheets/isolation-interface/ISO1042.pdf,16,BMU-GW SYS-IO-AUX
ISO1410DWR,Texas Instruments,SOIC-16W (DW),docs/datasheets/isolation-interface/ISO1410.pdf,16,BMU-GW SYS-IO-AUX
LMR38020FDDAR,Texas Instruments,SO-8 PowerPAD (DDA),docs/datasheets/power-supply/LMR38020.pdf,9,CTRL-C2000
MF-MSMF110/33X-2,Bourns,1812,docs/datasheets/protection/MF-MSMF110-33X.pdf,2,CTRL-C2000
OPA2388IDR,Texas Instruments,SOIC-8 (D),docs/datasheets/sensing/OPA4388.pdf,8,CTRL-C2000
OPA4388IPWR,Texas Instruments,TSSOP-14 (PW),docs/datasheets/sensing/OPA4388.pdf,14,CTRL-C2000
PMEG4010CEJ,Nexperia,SOD-323F,https://www.nexperia.com/product/PMEG4010CEJ,2,BMU-GW SYS-IO-AUX
REF5025EIDR,Texas Instruments,SOIC-8 (D),docs/datasheets/sensing/REF5025E.pdf,8,CTRL-C2000
SN6505BDBVR,Texas Instruments,SOT-23-6 (DBV),docs/datasheets/power-supply/SN6505B.pdf,6,BMU-GW SYS-IO-AUX
SN74LVC11ADR,Texas Instruments,SOIC-14 (D),docs/datasheets/isolation-interface/SN74LVC11A.pdf,14,CTRL-C2000
SN74LVC1G17DBVR,Texas Instruments,SOT-23-5 (DBV),docs/datasheets/isolation-interface/SN74LVC1G17.pdf,5,CTRL-C2000 GDRV-HB SYS-IO-AUX
SN74LVC244ADWR,Texas Instruments,SOIC-20 (DW),docs/datasheets/isolation-interface/SN74LVC244A.pdf,20,CTRL-C2000
TMUX1208PWR,Texas Instruments,TSSOP-16 (PW),docs/datasheets/sensing/TMUX1208.pdf,16,CTRL-C2000
TPS26600PWPR,Texas Instruments,HTSSOP-16 PowerPAD (PWP),docs/datasheets/power-supply/TPS26600.pdf,17,CTRL-C2000
TPS386000RGPR,Texas Instruments,QFN-20 4x4 (RGP),docs/datasheets/power-supply/TPS386000.pdf,21,CTRL-C2000
TPS62130RGTR,Texas Instruments,VQFN-16 3x3 (RGT),docs/datasheets/power-supply/TPS62130.pdf,17,CTRL-C2000
TPS62133RGTR,Texas Instruments,VQFN-16 3x3 (RGT),docs/datasheets/power-supply/TPS62130.pdf,17,CTRL-C2000
TPS7A2033PDBVR,Texas Instruments,SOT-23-5 (DBV),docs/datasheets/power-supply/TPS7A20.pdf,5,CTRL-C2000
TSW-103-07-G-S,Samtec,1x3 2.54 mm THT,docs/datasheets/connectors/Samtec-TSW.pdf,3,CTRL-C2000
TSW-105-07-G-D,Samtec,2x5 2.54 mm THT,https://suddendocs.samtec.com/catalog_english/tsw_th.pdf,10,BMU-GW
TSW-110-07-G-D,Samtec,2x10 2.54 mm THT,docs/datasheets/connectors/Samtec-TSW.pdf,20,CTRL-C2000
TSW-140-07-G-D,Samtec,2x40 2.54 mm THT,docs/datasheets/connectors/Samtec-TSW.pdf,80,CTRL-C2000
