id,severity,where,finding,evidence,recommendation,status,closure
MG-01,critical,sim/dab_design.py A['Fr1_litz'] / transformer winding (dab_spec.json transformer),"Transformer copper loss is 4.7x the designer's figure: the 0.10 mm litz (1550 strands) in a non-interleaved 11:12 winding of 56 mm breadth has F_r = 2.53 at 100 kHz (Sullivan; Bessel-strand model agrees), not the assumed 1.15, and the proximity factor grows with h^2 for the 3rd-9th current harmonics","own: 338 W at 800/873 V 60 kW (designer 72.0 W), 407 W at the I1_rms_max point (designer max total 159 W); effective R_ac/R_dc 6.2 and 3.8; OpenMagnetics 236 W / 282 W at the same points; GMB reference transformer R_w = 78 mOhm at 100 kHz (UG p.52) implies ~440 W copper at 60 kW","Redesign the winding before the RFQ: strands <= 0.05 mm (proximity loss ~ d^2: /4) AND P-S-P interleaving (peak field /2: /4) or a core with ~2x the window breadth; then re-derive leakage (interleaving lowers it, the external inductor takes the rest) and feed F_r(h) from this model (sim/magnetics.py litz_loss) back into dab_design.py; re-check D-015/D-017 - part of the 2.5x calibration gap may be this","closed by sim/out/magnetics/design_dab_transformer.json rev M1 at its design envelope, I1 118.5 A rms (MG-16 tracks the new 137 A; calculated; confirm on the first article)",dab_m1_fit 16.2 mm (<= 16.2 mm); dab_m1_loss 152 W (<= 182 W); dab_m1_set 0.38 % (229 W) (<= 0.5 %)
MG-02,critical,dab_spec.json transformer Rth_hotspot_to_coolant_max_K_W / core PM 114/93,The 0.4 K/W hot-spot-to-coolant requirement is not credible for a PM 114/93 pot core: the winding is enclosed by ferrite (k ~4 W/mK) and its heat must cross the coil former and the core to the plate,"own conduction estimate 2.7 K/W (core base on the cold plate) and 0.71 K/W best case (potted Al housing touching skirt and winding through the slots): hot spot 163 C with the designer's 159 W, 354 C with the own 426 W, limit 130.0 C (class F 155 C)","Change the construction, not only the vendor requirement: E/U cores with open windows (e.g. 2 x E80 class, DMEGC EE80 DMR95 is filed) or a matrix of smaller cores, Al heat-spreader plates between winding sections, vacuum-potted into an Al housing; make the RFQ demand a measured Rth and a thermal run at the full-load loss","closed by sim/out/magnetics/design_dab_transformer.json rev M1 at its design envelope, I1 118.5 A rms (MG-16 tracks the new 137 A; calculated; confirm on the first article)",dab_m1_hot 120 C (<= 130 C)
MG-03,major,sim/dab_devices.py FERRITE['N95'] (R34-toroid data used for a 1.9 kg core),Core loss uses the small-toroid material curve; TDK's own limit for the PM 114/93 N95 set is 3.1x higher,"PM114-93.pdf p.2: P_V < 9.0 W/set at 50 mT, 100 kHz, 100 C vs 2.9 W from the R34 curve; scaled to 950 V (0.126 T) the guaranteed limit is 102 W against 29 W typical",Carry the core-set limit (or a measured value) in the thermal budget; RFQ: measured core loss of the set at 0.126 T / 100 kHz / 100 C with the real waveform,"closed by sim/out/magnetics/design_dab_transformer.json rev M1 at its design envelope, I1 118.5 A rms (MG-16 tracks the new 137 A; calculated; confirm on the first article)",dab_m1_hot 120 C (<= 130 C); dab_m1_b 0.33 (<= 0.5)
MG-04,major,dab_spec.json transformer L_sigma_target_H / series_inductor L_ext_trim_range_H,Leakage target 4.38 uH rests on winding builds that do not fit the PM 114/93 former; the buildable winding gives 3.08 uH,"round litz needs 26.8 mm radial build vs 19.5 mm available; profiled litz fits (12.1 mm) and gives 3.08 uH (-30 %); the external inductor would need 3.42 uH, outside the 6.07 uH trim maximum","Fix the construction in the spec (barrier thickness / section spacing set to give the target, e.g. ~6 mm) or widen the external inductor range; the leakage is part of the power transfer (DAB-06)",closed by sim/out/magnetics/design_dab_transformer.json rev M1 (calculated; confirm on the first article),"lser_m1_L 6.50 uH, trim 5.05-6.07 uH (6.50 uH +/-1 %); dab_m1_om_leak -14 % (<= 20 %); lser_m1_om_L -8 % (<= 10 %)"
MG-05,major,"dab_spec.json series_inductor (reference construction, loss_max_W)","Series-inductor loss far above the 11 W budget - OpenMagnetics 28 W, own 109-189 W: the 0.4 x A_N copper (143 mm2 per turn = 18164 strands of 0.1 mm) sits in the fringing field of the 8.6 mm of gaps (H_rms ~63 A/m per A)","own: copper 96-175 W at max current (smeared-gap / near-gap field models); gap for 2.12 uH with fringing 8.6 mm in 4 gaps / 14.0 mm single (designer 9.2 mm, no fringing); core under-used: B 0.11 T at 275 A, gap volume 16 cm3 vs 3.2 cm3 needed at 0.25 T","Use 25-40 mm2 of <= 0.05 mm litz kept >= 3 gap lengths from the gaps, or an air-core / quasi-distributed-gap E or U core sized for ~0.25 T; a 4-gap pot-core centre post is not a catalogue part",closed by sim/out/magnetics/design_dab_series_inductor.json rev M1 (calculated; confirm on the first article),lser_m1_fit 10.4 mm (<= 18.2 mm); lser_m1_hot 109 C (<= 130 C); dab_m1_set 0.44 % (266 W) (<= 0.5 %); lser_m1_om_loss +6 % (<= 15 %)
MG-06,major,"cell_spec.json inductor conductor ('Litz, 10.3 mm2 copper ..., insulation for 1.1 kV')",Round litz of 10.3 mm2 with 1.1 kV insulation does not fit the 8044E window,"bundle OD 5.6 mm, 9 turns/layer, 5 layers = 28.1 mm build vs 17.8 mm window width (19.81 mm minus 2 mm former)","Specify profiled (rectangular) litz ~2.4 x 7.2 mm, 2 layers x 19 turns, strand <= 0.1 mm (0.2 mm strands add 7 W)",closed by sim/out/magnetics/design_pv_inductor.json rev M2 (calculated; confirm on the first article),pv_m2_fit 35.6 mm (>= 16 mm); pv_m2_loss 83.8 W (<= 93 W)
MG-07,major,"sim/pv_tradeoff.py inductor temperature model (surface average, h = 25 W/m2K)","Hot-spot rise 75 K vs the designer's 50 K: the model gives the surface average only; the 4-layer litz build adds an internal gradient, and the loss is higher","own: 53.9 W, surface 53 K + internal 22 K; natural convection 58 K (fan failure); designer limit IND_DT_MAX 70 K, module hot-spot limit 130 C",Inductor hot-spot NTC at the winding centre (already in L_DESC) must drive the fan law/derating; class H (180 C) insulation system; vendor thermal run at 48-55 W,closed by sim/out/magnetics/design_pv_inductor.json rev M2 (calculated; confirm on the first article),pv_m2_hot 145 C (<= 155 C); pv_m2_loss 83.8 W (<= 93 W)
MG-08,minor,sim/pv_tradeoff.py core_loss_density (field-based B with the toroid fit),"PV inductor core loss 17.6 W (own) vs 15.1 W: for these E cores the catalog A_L is 1.49x mu0*mu*Ae/le, so the field-based and the Faraday flux differ by that factor","variants (W): loss_e/dB_field 8.0, loss_e/dB_faraday 17.6, loss_t/dB_field 13.5, loss_t/dB_faraday 30.9",Budget >= the own figure until a calorimetric measurement on the first sample; the total stays within 15 %,closed by sim/out/magnetics/design_pv_inductor.json rev M2 (calculated; confirm on the first article),"pv_m2_om_core 25.4 W (catalogue 18.4, MAS 25.4) (>= both (-2 %)); pv_m2_loss 83.8 W (<= 93 W)"
MG-09,minor,"OpenMagnetics MAS core_materials 'Kool Mu MAX 26' (tool, not our design)",MAS carries the toroid/EQ DC-bias fit for Kool Mu MAX 26u; for the 8044E the catalog E-core fit applies,%mu at 45 A: MAS 91.3 % vs catalog p.66 E-core fit 85.4 %,Use the catalog E-core fit (as sim/pv_design.py does); report the database entry upstream,open,
MG-10,major,gen/port.py CMC160 description (CUSTOM CM choke spec),CM-choke spec has no low-frequency CM-current or DM-flux requirement; with a high-mu nanocrystalline core the 150 Hz CM current of the transformerless PCS saturates it,"Yunlu N-C-635025 (63/50/25 mm), 3 t, mu 70000 at 10 kHz: L_cm 0.55 mH; i_cm 0.78 A rms (A_VCM_LF 50 V, A_C_PV_PE 16 uF) -> B 1.97 T (3.94 T at 2x C_PV); DM leakage flux 2.39 T at 160 A; Bsat 1.25 T","Add to the spec: i_cm >= 1 A rms at 150 Hz with B <= 0.5 Bsat, DM flux at rated current with the leakage, flat-mu grade (mu(10 kHz) <= 25 000) or more core; see spec_port_cm_choke.md for a reference design",closed by sim/out/magnetics/design_port_cm_choke.json rev M2 (calculated; flat grade to be quoted),cmc_m2_B 0.83 T (case C 0.95) (<= 0.92 T (C below B_sat 1.2 T)); cmc_m2_fill CMC160 0.1469; CMC200 0.1921 (<= 0.45)
MG-11,major,sim/aux_hv_design.py ac_copper (Dowell 1-D) / AUX-HV T1 winding layout,"Flyback winding loss 5.0 W (own) vs 1.04 W: the 1-D Dowell model leaves out the fringing field of the 0.83 mm centre-leg gap, in which the 0.8 mm TIW secondary and the inner primary layer sit","own at 1000 V: 1-D 1.71 W + gap fringing 3.25 W (line source); OpenMagnetics 19.3 W (2-D field, Roshen fringing); Wolfspeed CRD-020DD17P-J measured 95 C on its flyback transformer at 25 C ambient (sim/data/reference_magnetics.csv)",Budget 2-5 W in the AUX-HV efficiency and thermal check; keep the windings >= 3 gap lengths from the gap (spacer on the centre leg) or split the gap over all three legs; secondary as 2-3 parallel thinner TIW; check the TIW temperature class against the hot spot at 60 C ambient; measure on the first sample,closed by sim/out/magnetics/design_aux_hv_transformer.json rev M1 (calculated; confirm on the first article),aux_m1_fit 5.78 mm (<= 7.15 mm); aux_m1_loss 0.69 W (<= 1.52 W); aux_m1_loss_om 1.04 W (<= 1.52 W)
MG-12,minor,aux_hv_spec.json transformer b_lim_mT,Flux at the current limit stated on A_e; on A_min it is 335 mT (> the 320 mT design limit),"Lp +7 %, 1.74 A, A_min 71 mm2: 335 mT; N97 Bsat 410 mT at 100 C, ~383 mT at 120 C (extrapolated)",Accept with the margin stated on A_min at 120 C (87 %) or reduce the peak-current limit 5 %; vendor to measure L(I) to 1.86 A at 120 C,closed by sim/out/magnetics/design_aux_hv_transformer.json rev M1 (calculated; confirm on the first article),aux_m1_b 259 mT (<= 349 mT)
MG-13,major,AUX-HV T1 insulation (aux_hv_spec.json transformer desc; report section 11),Reinforced barrier at 1000 V DC working rests on TIW alone in an ETD 29 coil former; partial-discharge capability of TIW at this working voltage and the coil-former creepage pin-row -> core -> pin-row are not shown,"ECO-10 levels (sim/out/insulation): PD <= 10 pC at 2461 V pk, AC 4400 V rms, impulse 8000 V, creepage 10 mm PD2 / 6.4 mm potted, clearance 9.2 mm at 3000 m; TIW insulation is three thin extruded layers; ETD 29 pins sit a few mm from the core","Insulation coordination (ECO-10) to fix the levels; RFQ: TIW certificate for reinforced insulation at the working voltage, PD test (extinction above 1.5 x the recurring peak), creepage drawing of the former; potting or a larger former if short",closed by sim/out/magnetics/design_aux_hv_transformer.json rev M1 (calculated; confirm on the first article),"aux_m1_ins 7.2 kV/mm, 10.4 mm (<= 8 kV/mm (design rule, potted), >= 10.4 mm); aux_m1_fit 5.78 mm (<= 7.15 mm)"
MG-14,major,DAB transformer insulation (dab_spec.json transformer isolation),A 3 mm barrier inside a single-section PM coil former at 1850 V DC working (basic) only works as solid insulation in a vacuum-potted part; creepage along the former between the windings cannot be met in air,"b_iso 3 mm (dab_design.py A['b_iso']); one-section former B65734B1000T001; ECO-10 levels: working 1850 V, PD <= 10 pC at 3149 V pk, AC 3323 V rms, creepage 20 mm PD2 / 7.5 mm potted","Specify vacuum potting / impregnation and a PD test at the coordinated level, or a two-section former with a creepage barrier; levels pending ECO-10",closed by sim/out/magnetics/design_dab_transformer.json rev M1 (calculated; confirm on the first article),"dab_m1_ins 10.0 mm, 1.57 kV/mm, 5.0 mm (>= 7.5 mm, <= 2.0 kV/mm, >= 5.0 mm)"
MG-15,minor,sim/out/magnetics/design_dab_series_inductor.json rev M1 vs dab_spec.json series_inductor I_sat_min_A,"The series-inductor saturation requirement moved from 275 A to 700 A (1.1 x the trip fault peak (DR-03, soft turn-off path) at 100 C) after rev M1: the 3-turn construction reaches 0.405 T = 0.99 B_sat (100 C, typical) - no saturation, but only ~10 % margin on a typical B_sat value",B = L I / (N A_e) = 5.56 uH x 700 A / (3 x 3200 mm2); gapped ferrite: L falls < 10 % at 0.9 B_sat because the gap dominates the reluctance,"4 turns on the same 4 x EE80 (gap 11.9 mm in 8 gaps): B 0.304 T = 0.74 B_sat, loss 106 W worst (3 turns: 90 W), fits True; decide with the DAB cost round (rev M2), or accept 3 turns with a measured L(I) to 635 A at 100 C",open,
MG-16,major,sim/out/magnetics/design_dab_transformer.json rev M1 vs dab_spec.json transformer I1_rms_max_A,The transformer's maximum current rose to 137.3 A rms (rev M1 was designed to 118.5 A): the worst corner (that current with the v2low current shape + 950 V flux) gives 189 W and a hot spot of 133 C with the DMEGC core-set loss limit (126 C with typical core loss) at 65 C coolant,dab_m1_loss 189 W (<= 182 W); dab_m1_hot 133 C (<= 130 C),The window is full (build = window): no more copper fits. Options: (a) coolant <= 62 C at the 137 A corner or derate the current above it; (b) three units in parallel; (c) settle it in the DAB cost round (rev M2) together with MG-15,open,
MG-17,major,sim/out/magnetics/design_pv_inductor.json rev M2 on PV-P100/110 (sim/out/pv_design/module_spec.json costfirst),"On the four-phase build the inductor's worst-point loss exceeds its thermal limit at the module's airflow: -5.3 K (160 C; module model 155 C); thermal_limit_W {'PV-P75': 87.6011122553161, 'PV-P100/110': 79.50412315548192}",pv_m2_margin_pvp100 -5.3 K (160 C; module model 155 C) (>= 0 K (155 C)); loss at which the hot spot reaches 155 C at the module's airflow per phase and 45 C inlet (local air 55 C ASSUMED); Rth scaled from 1.073 K/W at 150 m3/h with (mass flow)^-0.6 as sim/pv_module.py,"The module derates this build (D-056; NTC trip band 146-154 C keeps the hot spot); to remove the derating: more air per phase (>= 134 m3/h), or the edgewise flat-wire option (D-048 option table, -11 W own model) once its loss is confirmed on a sample",open,
MG-18,major,sim/out/pcs_design/pcs_spec.json inductors.L1.selected_part (sim/pcs_tradeoff.py) vs sim/out/magnetics/design_pcs_l1.json,"The study's L1 (Fe-based amorphous C-core, leg 20 x 100 mm, window 160 x 40 mm; 26 turns in two coils (13 per leg) of Al foil 0.80 x 144 mm, 13 layers per coil; 14 gaps of 1.06 mm (7 per leg, 14.8 mm in all)) was rated 165 W at 180 A / 750 V and 140 C at 60 C inlet with an OpenMagnetics run in which MAS 'Metglas 2605SA1' had mu = 1 at 24 kHz (three interleaved mu(f) curves, interpolation fails at 20-30 kHz) - OM modelled an air core. With the core modelled, OM's foil copper loss is 215 W against the own model's 117 W; design loss (higher of the two) 263 W, 468 W at 198 A / 950 V, hot spot 198 C at 60 C inlet (limit 140 C)","pcs_l1_spec 105.7 / 84.9 USD, 262.9 W (105.7 / 84.9 USD, 164.8 W (+/-2 %)); pcs_l1_hot 198 C (<= 140 C)","Re-run sim/pcs_tradeoff.py with the corrected om_cc_ind of sim/magnetics.py; on the same rule (cheapest that meets temperature) the corrected flow picks Fe-based amorphous C-core, leg 50 x 60 mm, window 160 x 60 mm; 20 turns in two coils (10 per leg) of Al foil 0.80 x 144 mm, 10 layers per coil; 12 gaps of 1.07 mm (6 per leg, 12.9 mm in all): 140.5 / 115.0 USD, 180 W at 180 A / 750 V, 139 C, 13.3 kg; or confirm the foil copper loss on a sample (the two models differ by about 1.8 x on foil windings)",open,not reproduced by this run (input spec changed); row kept
